"regions","climates","at_least_one_shock","at_least_two_shocks","at_least_three_shocks","time_window"
4,"gfdl-esm4 ssp126",0.999550153851556,0.606701487858963,0.0991855375,30
4,"gfdl-esm4 ssp585",1,0.322955165351678,0.00413140499999987,30
4,"ipsl-cm6a-lr ssp126",0.990650380742561,0.130355441032897,0.00165256199999975,30
4,"ipsl-cm6a-lr ssp585",1,0.474997379693479,-2.22044604925031e-16,30
6,"gfdl-esm4 ssp126",1,0.339806801245355,0.00826280999999973,30
6,"gfdl-esm4 ssp585",0.998374237824547,0.317354061631681,0.00991537199999959,30
6,"ipsl-cm6a-lr ssp126",1,0.361219531433038,0,30
6,"ipsl-cm6a-lr ssp585",1,0.947696462991979,0.227480345089406,30
7,"gfdl-esm4 ssp126",0.999370498405932,0.287719479270638,0,30
7,"gfdl-esm4 ssp585",1,0.203227891173909,-6.66133814775094e-16,30
7,"ipsl-cm6a-lr ssp126",1,0.233060052802735,-2.22044604925031e-16,30
7,"ipsl-cm6a-lr ssp585",0.998223177659704,0.227574218424602,0.0115358160560922,30
9,"gfdl-esm4 ssp126",1,0.48205451787439,0.00413140499999987,30
9,"gfdl-esm4 ssp585",1,0.320726451902175,0.0326403719999999,30
9,"ipsl-cm6a-lr ssp126",1,0.0943169385319058,0,30
9,"ipsl-cm6a-lr ssp585",1,0.574446465651437,0.0453743115258911,30
16,"gfdl-esm4 ssp126",1,0.280311591495861,0,30
16,"gfdl-esm4 ssp585",1,0.565451613721426,0.0330512399999994,30
16,"ipsl-cm6a-lr ssp126",0.999621408566716,0.41530060954329,1.11022302462516e-16,30
16,"ipsl-cm6a-lr ssp585",0.961364233008302,0.0766830759174176,0,30
17,"gfdl-esm4 ssp126",1,0.1115592975,0,30
17,"gfdl-esm4 ssp585",0.90495714804506,0.022725,0,30
17,"ipsl-cm6a-lr ssp126",0.963715843776487,0.188251851364338,0.00303060599999994,30
17,"ipsl-cm6a-lr ssp585",1,0.0303060599999999,0,30
27,"gfdl-esm4 ssp126",0.999879323336873,0.570273890347973,-2.22044604925031e-16,30
27,"gfdl-esm4 ssp585",0.999935914308223,0.357132813039535,0.00165256199999997,30
27,"ipsl-cm6a-lr ssp126",0.990343074989199,0.0380907397256747,0,30
27,"ipsl-cm6a-lr ssp585",0.989247681235883,0.095390437615978,0,30
36,"gfdl-esm4 ssp126",0.958356651723759,0.0165256199999999,0,30
36,"gfdl-esm4 ssp585",1,0.119358764357588,0,30
36,"ipsl-cm6a-lr ssp126",0.999842676736737,0.304948968152017,-2.22044604925031e-16,30
36,"ipsl-cm6a-lr ssp585",1,0.487487178843953,0.0242448479999999,30
46,"gfdl-esm4 ssp126",0.958517565126441,0.132980390713352,-2.22044604925031e-16,30
46,"gfdl-esm4 ssp585",0.998869411371887,0.347112650245439,-2.22044604925031e-16,30
46,"ipsl-cm6a-lr ssp126",1,0.327380327714596,-4.44089209850063e-16,30
46,"ipsl-cm6a-lr ssp585",1,0.440171986009197,0.00495768600000002,30
52,"gfdl-esm4 ssp126",0.998769279349574,0.27752047830456,0.00991718999999991,30
52,"gfdl-esm4 ssp585",1,0.674423990831206,0.0495859499999997,30
52,"ipsl-cm6a-lr ssp126",0.997866483151893,0.205225014547354,0,30
52,"ipsl-cm6a-lr ssp585",1,0.737146268220111,0.00826280999999995,30
94,"gfdl-esm4 ssp126",0.9996370249049,0.369821959125866,0,30
94,"gfdl-esm4 ssp585",1,0.112550888081606,0.00206570249999971,30
94,"ipsl-cm6a-lr ssp126",0.997581748715789,0.138540745492964,0,30
94,"ipsl-cm6a-lr ssp585",1,0.177905097843714,0,30
95,"gfdl-esm4 ssp126",1,0.109540538089312,0,30
95,"gfdl-esm4 ssp585",1,0,0,30
95,"ipsl-cm6a-lr ssp126",0.898402623941867,0.19700091,0.0181869699999997,30
95,"ipsl-cm6a-lr ssp585",0.792144405519428,0,0,30
97,"gfdl-esm4 ssp126",0.994536978306496,0.166448821416665,0.00165256199999997,30
97,"gfdl-esm4 ssp585",1,0.228098145242997,-2.22044604925031e-16,30
97,"ipsl-cm6a-lr ssp126",0.99785415009587,0.32249831915374,1.11022302462516e-16,30
97,"ipsl-cm6a-lr ssp585",1,0.403152745812055,0.0115406243883613,30
98,"gfdl-esm4 ssp126",0.68,0,NA,30
98,"gfdl-esm4 ssp585",0.98056,0.1,NA,30
98,"ipsl-cm6a-lr ssp126",1,0.06668,NA,30
98,"ipsl-cm6a-lr ssp585",0.94667306641067,0.06668,NA,30
99,"gfdl-esm4 ssp126",0.990985718752001,0.240717125261692,0.00825000861954417,30
99,"gfdl-esm4 ssp585",0.994380847820534,0.0854128334848158,0,30
99,"ipsl-cm6a-lr ssp126",0.964937525285614,0.0696203398619286,0,30
99,"ipsl-cm6a-lr ssp585",1,0.649492862865222,0.0291425250173938,30
120,"gfdl-esm4 ssp126",0.998860535182088,0.30238804175376,0.00824370681110087,30
120,"gfdl-esm4 ssp585",0.999789301222061,0.456671224268481,0.0132204960000001,30
120,"ipsl-cm6a-lr ssp126",0.986967407645006,0.241122900530285,0,30
120,"ipsl-cm6a-lr ssp585",0.999998437600126,0.756551632113824,0.0757474263373384,30
121,"gfdl-esm4 ssp126",1,0.141053943226328,1.11022302462516e-16,30
121,"gfdl-esm4 ssp585",1,0.0954008282207841,0,30
121,"ipsl-cm6a-lr ssp126",1,0.236407828668321,0.00826280999999995,30
121,"ipsl-cm6a-lr ssp585",1,0.357611084450967,0,30
123,"gfdl-esm4 ssp126",1,0.356042564278592,0,30
123,"gfdl-esm4 ssp585",1,0.590233129609001,0.013220496,30
123,"ipsl-cm6a-lr ssp126",1,0.0842541407501518,1.11022302462516e-16,30
123,"ipsl-cm6a-lr ssp585",1,0.904699351664,0.23139504,30
124,"gfdl-esm4 ssp126",1,0.169929264394945,-2.22044604925031e-16,30
124,"gfdl-esm4 ssp585",1,0.163975220251077,0,30
124,"ipsl-cm6a-lr ssp126",0.993350023233626,0.0660518821606262,0.0013774104269999,30
124,"ipsl-cm6a-lr ssp585",0.999403683858783,0.425001525128413,0.0181836359999993,30
127,"gfdl-esm4 ssp126",1,0.530451226745803,0.061971075,30
127,"gfdl-esm4 ssp585",0.999929041987656,0.819365090233939,0.19848406941137,30
127,"ipsl-cm6a-lr ssp126",1,0.487366091875127,0.00550798914599948,30
127,"ipsl-cm6a-lr ssp585",1,0.705730143289127,0.0564929012676241,30
128,"gfdl-esm4 ssp126",0.997615631560894,0.270035372803407,0.00991719000000002,30
128,"gfdl-esm4 ssp585",0.998573396195034,0.286801819136494,0.00206570249999993,30
128,"ipsl-cm6a-lr ssp126",0.996266206925545,0.100609286551837,0,30
128,"ipsl-cm6a-lr ssp585",0.994336219975832,0.274953927689285,0.00605202742727207,30
130,"gfdl-esm4 ssp126",1,0.523175817157744,0,30
130,"gfdl-esm4 ssp585",0.998275118310855,0.462183622844847,0.0181799999999998,30
130,"ipsl-cm6a-lr ssp126",1,0.60224635522708,0.0232988593284966,30
130,"ipsl-cm6a-lr ssp585",1,0.708895580637097,0.054534546,30
132,"gfdl-esm4 ssp126",0.996389822916715,0.229395329344952,1.11022302462516e-16,30
132,"gfdl-esm4 ssp585",0.999975291550896,0.343540663327236,0.00330512400000005,30
132,"ipsl-cm6a-lr ssp126",1,0.259939857425139,0,30
132,"ipsl-cm6a-lr ssp585",1,0.782570598989612,0.142093113962353,30
135,"gfdl-esm4 ssp126",0.999667002277356,0.54233569064995,0.0172904543738134,30
135,"gfdl-esm4 ssp585",0.999967780839116,0.718072749037098,0.127750454138062,30
135,"ipsl-cm6a-lr ssp126",0.999852895128718,0.331771986822192,0.0247979335949998,30
135,"ipsl-cm6a-lr ssp585",0.999616328794624,0.446985706787757,0.0121224239999997,30
136,"gfdl-esm4 ssp126",1,0.246119914113962,0,30
136,"gfdl-esm4 ssp585",1,0.581730682662285,-2.22044604925031e-16,30
136,"ipsl-cm6a-lr ssp126",0.95716271360858,0.0477096558993234,0,30
136,"ipsl-cm6a-lr ssp585",1,0.642165503279744,0.00826280999999995,30
137,"gfdl-esm4 ssp126",1,0.268555044548689,0,30
137,"gfdl-esm4 ssp585",1,0.280491956613553,0,30
137,"ipsl-cm6a-lr ssp126",0.979218470556408,0.0839771238414218,-2.22044604925031e-16,30
137,"ipsl-cm6a-lr ssp585",0.999592078487895,0.5438180531854,0.0661079885399996,30
140,"gfdl-esm4 ssp126",0.996176978802053,0.237827416806822,0.00908999999999982,30
140,"gfdl-esm4 ssp585",0.999888858615502,0.588521714863813,0.029623222747627,30
140,"ipsl-cm6a-lr ssp126",0.999841733844322,0.343475137302152,-2.22044604925031e-16,30
140,"ipsl-cm6a-lr ssp585",0.999814476793205,0.319699940486579,0.00495768599999991,30
141,"gfdl-esm4 ssp126",1,0.0888342974999999,0,30
141,"gfdl-esm4 ssp585",0.996964125702504,0.410908,0,30
141,"ipsl-cm6a-lr ssp126",1,0.0916484008397154,0,30
141,"ipsl-cm6a-lr ssp585",1,0.359617046423446,0.00909181800000003,30
145,"gfdl-esm4 ssp126",1,0.321745721709108,0,30
145,"gfdl-esm4 ssp585",0.998238010929803,0.263931960726567,0.00206570249999971,30
145,"ipsl-cm6a-lr ssp126",1,0.267379134690957,0,30
145,"ipsl-cm6a-lr ssp585",1,0.836778628701254,0.14875785,30
146,"gfdl-esm4 ssp126",0.982003582372419,0.171619586872332,0,30
146,"gfdl-esm4 ssp585",0.996365281564221,0.147519384624605,0,30
146,"ipsl-cm6a-lr ssp126",0.99446068162869,0.403270827013293,0.022522389639562,30
146,"ipsl-cm6a-lr ssp585",1,0.143001156120181,-4.44089209850063e-16,30
147,"gfdl-esm4 ssp126",1,0.579128776705822,0.0349889286954447,30
147,"gfdl-esm4 ssp585",1,0.157024060749431,-4.44089209850063e-16,30
147,"ipsl-cm6a-lr ssp126",1,0.12400354823366,0,30
147,"ipsl-cm6a-lr ssp585",1,0.255290004461167,-2.22044604925031e-16,30
149,"gfdl-esm4 ssp126",0.925595373447221,0.04545,0,30
149,"gfdl-esm4 ssp585",0.900233859213936,0.116362,0,30
149,"ipsl-cm6a-lr ssp126",0.914629104763822,0,0,30
149,"ipsl-cm6a-lr ssp585",1,0.3333,0,30
151,"gfdl-esm4 ssp126",0.971612530026151,0.157009752,0,30
151,"gfdl-esm4 ssp585",1,0.753334663647133,0.0210719834999999,30
151,"ipsl-cm6a-lr ssp126",1,0.636144124586599,-2.22044604925031e-16,30
151,"ipsl-cm6a-lr ssp585",1,0.418331866120624,0.00961910587518677,30
152,"gfdl-esm4 ssp126",0.994285724680747,0.0628037189999999,0,30
152,"gfdl-esm4 ssp585",1,0.1,0,30
152,"ipsl-cm6a-lr ssp126",1,0.132724,1.11022302462516e-16,30
152,"ipsl-cm6a-lr ssp585",1,0.226424628,1.11022302462516e-16,30
188,"gfdl-esm4 ssp126",1,0.0880438769135999,0,30
188,"gfdl-esm4 ssp585",1,0.00826280999999995,0,30
188,"ipsl-cm6a-lr ssp126",1,0.331540351392713,0.0232896772728401,30
188,"ipsl-cm6a-lr ssp585",1,0.544833583238406,0.00661024799999999,30
579,"gfdl-esm4 ssp126",0.99922240550799,0.341788340724502,0.0197080764017592,30
579,"gfdl-esm4 ssp585",0.999949147766245,0.434276755414851,1.11022302462516e-16,30
579,"ipsl-cm6a-lr ssp126",0.999934566604038,0.475612127687242,0.0242375759999999,30
579,"ipsl-cm6a-lr ssp585",1,0.422062779481237,0.0359816807137483,30
582,"gfdl-esm4 ssp126",1,0,NA,30
582,"gfdl-esm4 ssp585",1,0,NA,30
582,"ipsl-cm6a-lr ssp126",1,0,NA,30
582,"ipsl-cm6a-lr ssp585",1,0.10002,NA,30
583,"gfdl-esm4 ssp126",0.998347731410976,0.293070893799891,0.00413140499999998,30
583,"gfdl-esm4 ssp585",0.999592063826177,0.285803324665611,0.00701314739563497,30
583,"ipsl-cm6a-lr ssp126",0.999304784997496,0.33210662039308,-6.66133814775094e-16,30
583,"ipsl-cm6a-lr ssp585",0.997943003401669,0.33130888847625,0.022801250828249,30
620,"gfdl-esm4 ssp126",1,0.147355598123709,0.00206570249999993,30
620,"gfdl-esm4 ssp585",1,0.38424184785164,-2.22044604925031e-16,30
620,"ipsl-cm6a-lr ssp126",0.998802516847684,0.381271003772804,0.0197216563472301,30
620,"ipsl-cm6a-lr ssp585",1,0.163539878661929,1.11022302462516e-16,30
640,"gfdl-esm4 ssp126",0.999478633895878,0.42713832821375,0,30
640,"gfdl-esm4 ssp585",0.999807375530087,0.504227878612258,0.0226010578500001,30
640,"ipsl-cm6a-lr ssp126",1,0.424367297065578,-2.22044604925031e-16,30
640,"ipsl-cm6a-lr ssp585",0.997146932744884,0.199259848572636,0.0151520659146002,30
755,"gfdl-esm4 ssp126",0.987681580744885,0.398527876559458,0.056192562,30
755,"gfdl-esm4 ssp585",1,0.277241870493825,1.11022302462516e-16,30
755,"ipsl-cm6a-lr ssp126",1,0.452281858485207,0.00769884931721954,30
755,"ipsl-cm6a-lr ssp585",0.999033170995509,0.316370666086752,0.0205958731463964,30
762,"gfdl-esm4 ssp126",0.999474299972724,0.472853792151338,0.0467437852284247,30
762,"gfdl-esm4 ssp585",1,0.31515946429279,0.00413140499999998,30
762,"ipsl-cm6a-lr ssp126",0.999531089386612,0.132013181725065,2.22044604925031e-16,30
762,"ipsl-cm6a-lr ssp585",1,0.130862109054274,1.11022302462516e-16,30
764,"gfdl-esm4 ssp126",0.972968562532759,0.220318876,0.01818,30
764,"gfdl-esm4 ssp585",0.996478764430964,0.421667368423335,0.00165256199999997,30
764,"ipsl-cm6a-lr ssp126",0.999753331149539,0.174135530210565,-2.22044604925031e-16,30
764,"ipsl-cm6a-lr ssp585",0.994388483467638,0.290848659044795,0.00550394992954617,30
838,"gfdl-esm4 ssp126",0.999032066413066,0.394836652371945,0,30
838,"gfdl-esm4 ssp585",0.99745506999197,0.452285395191795,0.0488039530756949,30
838,"ipsl-cm6a-lr ssp126",1,0.0738379755655504,0,30
838,"ipsl-cm6a-lr ssp585",0.994817921521006,0.313655147757782,2.22044604925031e-16,30
857,"gfdl-esm4 ssp126",0.99872000906665,0.112098278908764,-4.44089209850063e-16,30
857,"gfdl-esm4 ssp585",0.998234297439072,0.262769671044734,0,30
857,"ipsl-cm6a-lr ssp126",0.993867397715711,0.168130861285277,0.00275482085399992,30
857,"ipsl-cm6a-lr ssp585",0.984063786435169,0.131547324368421,-2.22044604925031e-16,30
863,"gfdl-esm4 ssp126",1,0.56043418393125,0.04131405,30
863,"gfdl-esm4 ssp585",1,0.344605734422883,0,30
863,"ipsl-cm6a-lr ssp126",1,0.383843715484001,0.019286776584,30
863,"ipsl-cm6a-lr ssp585",1,0.0771360874379999,0.00413223128099993,30
869,"gfdl-esm4 ssp126",0.998664689666509,0.189360912332309,-2.22044604925031e-16,30
869,"gfdl-esm4 ssp585",0.996612995467806,0.295944103763551,0.0123942149999997,30
869,"ipsl-cm6a-lr ssp126",0.989138963346157,0.10187957277675,0,30
869,"ipsl-cm6a-lr ssp585",0.999985350596879,0.692808281848323,0.0849142365102924,30
878,"gfdl-esm4 ssp126",1,0.13635,0,30
878,"gfdl-esm4 ssp585",1,0.510498813669816,0,30
878,"ipsl-cm6a-lr ssp126",1,0.129187256209652,-2.22044604925031e-16,30
878,"ipsl-cm6a-lr ssp585",1,0.642085853244206,0.139971578724638,30
889,"gfdl-esm4 ssp126",0.997614660673822,0.592565197961392,0.0508110246961874,30
889,"gfdl-esm4 ssp585",1,0.557678620687831,0.019830744,30
889,"ipsl-cm6a-lr ssp126",1,0.581532112504751,0.0694477994755779,30
889,"ipsl-cm6a-lr ssp585",0.991278377059208,0.0870687254805831,1.11022302462516e-16,30
901,"gfdl-esm4 ssp126",1,0.298945771981887,0.00826280999999973,30
901,"gfdl-esm4 ssp585",0.989202677393737,0.139393415316577,0,30
901,"ipsl-cm6a-lr ssp126",0.999948717470197,0.157868473801236,-4.44089209850063e-16,30
901,"ipsl-cm6a-lr ssp585",1,0.455328030569206,0.0335019587573255,30
909,"gfdl-esm4 ssp126",0.991919267114163,0.101104094249873,-2.22044604925031e-16,30
909,"gfdl-esm4 ssp585",1,0.416756401477453,0.00661024799999954,30
909,"ipsl-cm6a-lr ssp126",0.996916919113045,0.241856916613414,0.0151520659146001,30
909,"ipsl-cm6a-lr ssp585",1,0.226664365295753,1.11022302462516e-16,30
910,"gfdl-esm4 ssp126",0.9974400181333,0.0956573291527614,-4.44089209850063e-16,30
910,"gfdl-esm4 ssp585",1,0.873517434948837,0.14874876,30
910,"ipsl-cm6a-lr ssp126",1,0.450284677061301,0.00742369774421958,30
910,"ipsl-cm6a-lr ssp585",0.997179539391061,0.100896535147206,0,30
922,"gfdl-esm4 ssp126",1,0.155863855551966,0.00413140499999964,30
922,"gfdl-esm4 ssp585",0.995953638761485,0.220786443139123,-2.22044604925031e-16,30
922,"ipsl-cm6a-lr ssp126",0.99036498682774,0.119567774666119,0,30
922,"ipsl-cm6a-lr ssp585",1,0.427410504819114,-2.22044604925031e-16,30
948,"gfdl-esm4 ssp126",0.998112424263647,0.252041688651625,0,30
948,"gfdl-esm4 ssp585",0.999644441559502,0.545862065064783,0.00908999999999982,30
948,"ipsl-cm6a-lr ssp126",1,0.0708718503190513,0.0013774104269999,30
948,"ipsl-cm6a-lr ssp585",0.992100343292736,0.150321699637472,0.0013774104269999,30
966,"gfdl-esm4 ssp126",0.999671937877624,0.129492282707877,0,30
966,"gfdl-esm4 ssp585",0.9685813993007,0.03080003764275,0,30
966,"ipsl-cm6a-lr ssp126",1,0.0943561698567532,0.0013774104269999,30
966,"ipsl-cm6a-lr ssp585",1,0.42030163271398,0.0151530299999997,30
983,"gfdl-esm4 ssp126",1,0.217237698956172,0.00619710749999958,30
983,"gfdl-esm4 ssp585",1,0.14269756837149,1.11022302462516e-16,30
983,"ipsl-cm6a-lr ssp126",1,0.22994292684898,0.00137741042700001,30
983,"ipsl-cm6a-lr ssp585",1,0.431728168618156,0.00606121199999987,30
1009,"gfdl-esm4 ssp126",1,0.64619347834736,0.00413140499999975,30
1009,"gfdl-esm4 ssp585",0.996743874817799,0.213070735705153,0.00330512399999983,30
1009,"ipsl-cm6a-lr ssp126",1,0.150474586476238,0.00275399457299974,30
1009,"ipsl-cm6a-lr ssp585",1,0.3636,0,30
1026,"gfdl-esm4 ssp126",1,0.655717544751694,0.0368754118690675,30
1026,"gfdl-esm4 ssp585",0.998634373945269,0.531783097803037,0.0743743799999999,30
1026,"ipsl-cm6a-lr ssp126",1,0.453632655001153,0.0247979335949998,30
1026,"ipsl-cm6a-lr ssp585",0.993648186711903,0.268521490922401,0.012122424,30
1087,"gfdl-esm4 ssp126",0.999273062463712,0.338067029347993,-2.22044604925031e-16,30
1087,"gfdl-esm4 ssp585",1,0.661303003921774,0.0495823139999999,30
1087,"ipsl-cm6a-lr ssp126",1,0.396048429014014,0.00275482085399992,30
1087,"ipsl-cm6a-lr ssp585",0.994602331434575,0.227004022602874,0,30
1096,"gfdl-esm4 ssp126",0.998476174188158,0.615450624801075,0.122714999999999,30
1096,"gfdl-esm4 ssp585",1,0.482196710485042,0.0288369871952054,30
1096,"ipsl-cm6a-lr ssp126",1,0.331662477422203,0.00577417626431853,30
1096,"ipsl-cm6a-lr ssp585",0.998030077696244,0.14617739713647,0,30
1097,"gfdl-esm4 ssp126",0.986641143841022,0.1909,0.01818,30
1097,"gfdl-esm4 ssp585",1,0.16746686696574,0,30
1097,"ipsl-cm6a-lr ssp126",1,0.324243176576279,0,30
1097,"ipsl-cm6a-lr ssp585",0.995673607137104,0.383118006550106,1.11022302462516e-16,30
1098,"gfdl-esm4 ssp126",0.895449116794296,0.0388750752854999,0,30
1098,"gfdl-esm4 ssp585",1,0.217980459111884,0,30
1098,"ipsl-cm6a-lr ssp126",0.999861561653662,0.242809982053207,0.00330512399999983,30
1098,"ipsl-cm6a-lr ssp585",1,0.319745125792069,0.00413223128099982,30
1101,"gfdl-esm4 ssp126",0.990069083548234,0.188499727415875,0.00330512399999983,30
1101,"gfdl-esm4 ssp585",1,0.649288241756081,0.0711598602896647,30
1101,"ipsl-cm6a-lr ssp126",1,0.167322195666819,0,30
1101,"ipsl-cm6a-lr ssp585",1,0.462888481408053,0.0313921056164971,30
1111,"gfdl-esm4 ssp126",0.925,0,NA,30
1111,"gfdl-esm4 ssp585",0.892,0.0499999999999998,NA,30
1111,"ipsl-cm6a-lr ssp126",1,0,NA,30
1111,"ipsl-cm6a-lr ssp585",1,0.06668,NA,30
1115,"gfdl-esm4 ssp126",1,0.04545,0,30
1115,"gfdl-esm4 ssp585",1,0,0,30
1115,"ipsl-cm6a-lr ssp126",1,0,0,30
1115,"ipsl-cm6a-lr ssp585",1,0.06059394,0,30
1144,"gfdl-esm4 ssp126",0.865,0,NA,30
1144,"gfdl-esm4 ssp585",0.73,0,NA,30
1144,"ipsl-cm6a-lr ssp126",1,0,NA,30
1144,"ipsl-cm6a-lr ssp585",1,0,NA,30
1145,"gfdl-esm4 ssp126",0.9616,0,NA,30
1145,"gfdl-esm4 ssp585",1,0,NA,30
1145,"ipsl-cm6a-lr ssp126",0.888902221688896,0,NA,30
1145,"ipsl-cm6a-lr ssp585",1,0.1667,NA,30
1170,"gfdl-esm4 ssp126",0.997743696088737,0.46666267594973,0.0297461159999999,30
1170,"gfdl-esm4 ssp585",1,0.280372315387375,0.013220496,30
1170,"ipsl-cm6a-lr ssp126",0.983513283166747,0.167497863047489,-2.22044604925031e-16,30
1170,"ipsl-cm6a-lr ssp585",1,0.955728426319983,0.309276189075195,30
1173,"gfdl-esm4 ssp126",0.974851429025277,0.058258719,1.11022302462516e-16,30
1173,"gfdl-esm4 ssp585",1,0.04545,0,30
1173,"ipsl-cm6a-lr ssp126",1,0.1008222033168,0,30
1173,"ipsl-cm6a-lr ssp585",1,0.155112955052194,0,30
4,"gfdl-esm4 ssp126",0.936379631697261,0.07587449292825,0,20
4,"gfdl-esm4 ssp585",1,0.257590559996517,0.00413140499999987,20
4,"ipsl-cm6a-lr ssp126",0.949602804763006,0.0477034435687426,-2.22044604925031e-16,20
4,"ipsl-cm6a-lr ssp585",1,0.307063872090801,0,20
6,"gfdl-esm4 ssp126",1,0.272949620185519,0.00826280999999973,20
6,"gfdl-esm4 ssp585",0.988412208004455,0.255924527653741,0.00991537199999959,20
6,"ipsl-cm6a-lr ssp126",1,0.0984117205709999,0,20
6,"ipsl-cm6a-lr ssp585",1,0.90288118638892,0.227480345089406,20
7,"gfdl-esm4 ssp126",0.996190843969907,0.287719479270638,0,20
7,"gfdl-esm4 ssp585",0.998044399270263,0.1033677538272,-2.22044604925031e-16,20
7,"ipsl-cm6a-lr ssp126",1,0.233060052802735,-2.22044604925031e-16,20
7,"ipsl-cm6a-lr ssp585",0.997635120412163,0.227574218424602,0.0115358160560922,20
9,"gfdl-esm4 ssp126",1,0.46559481815715,0.00413140499999987,20
9,"gfdl-esm4 ssp585",1,0.309312411272142,0.0326403719999999,20
9,"ipsl-cm6a-lr ssp126",1,0.0232906333921855,0,20
9,"ipsl-cm6a-lr ssp585",1,0.570900901327939,0.0453743115258911,20
16,"gfdl-esm4 ssp126",1,0.207000590799298,0,20
16,"gfdl-esm4 ssp585",1,0.374069849068064,0.0330512399999994,20
16,"ipsl-cm6a-lr ssp126",0.921926356624528,0.0165256199999999,0,20
16,"ipsl-cm6a-lr ssp585",0.924578753127204,0.0611682999992513,0,20
17,"gfdl-esm4 ssp126",1,0.1115592975,0,20
17,"gfdl-esm4 ssp585",0.722864210201388,0,0,20
17,"ipsl-cm6a-lr ssp126",0.936774692684035,0.175762150503786,0.00303060599999994,20
17,"ipsl-cm6a-lr ssp585",1,0.0303060599999999,0,20
27,"gfdl-esm4 ssp126",0.999784067910837,0.563053071446531,-2.22044604925031e-16,20
27,"gfdl-esm4 ssp585",0.998672837880896,0.357132813039535,0.00165256199999997,20
27,"ipsl-cm6a-lr ssp126",0.974080331601061,0.0232906333921855,0,20
27,"ipsl-cm6a-lr ssp585",0.970185610534296,0.095390437615978,0,20
36,"gfdl-esm4 ssp126",0.916020927232768,0.0165256199999999,0,20
36,"gfdl-esm4 ssp585",1,0.119358764357588,0,20
36,"ipsl-cm6a-lr ssp126",0.998272438014971,0.304948968152017,-2.22044604925031e-16,20
36,"ipsl-cm6a-lr ssp585",1,0.487487178843953,0.0242448479999999,20
46,"gfdl-esm4 ssp126",0.904569447545892,0.0958742056838349,0,20
46,"gfdl-esm4 ssp585",0.929180580960671,0.0874738400398739,-2.22044604925031e-16,20
46,"ipsl-cm6a-lr ssp126",1,0.292700984682472,-2.22044604925031e-16,20
46,"ipsl-cm6a-lr ssp585",1,0.203633834444526,1.11022302462516e-16,20
52,"gfdl-esm4 ssp126",0.959622609511357,0.123004343374769,0,20
52,"gfdl-esm4 ssp585",1,0.645126251851844,0.0495859499999997,20
52,"ipsl-cm6a-lr ssp126",0.989547174016786,0.1225801374876,0,20
52,"ipsl-cm6a-lr ssp585",1,0.567151493156219,0.00826280999999995,20
94,"gfdl-esm4 ssp126",0.992783208807204,0.122178579353938,0,20
94,"gfdl-esm4 ssp585",1,0.112550888081606,0.00206570249999971,20
94,"ipsl-cm6a-lr ssp126",0.995364851098867,0.138540745492964,0,20
94,"ipsl-cm6a-lr ssp585",1,0.1652562,0,20
95,"gfdl-esm4 ssp126",1,0.06714214875,0,20
95,"gfdl-esm4 ssp585",1,0,0,20
95,"ipsl-cm6a-lr ssp126",0.888244003896014,0.19700091,0.0181869699999997,20
95,"ipsl-cm6a-lr ssp585",0.7205587050355,0,0,20
97,"gfdl-esm4 ssp126",0.96586665690211,0.064951009224427,0.00165256199999997,20
97,"gfdl-esm4 ssp585",0.967232891960302,0.129334007596722,-2.22044604925031e-16,20
97,"ipsl-cm6a-lr ssp126",0.981263074631939,0.28432623784374,1.11022302462516e-16,20
97,"ipsl-cm6a-lr ssp585",1,0.403152745812055,0.0115406243883613,20
98,"gfdl-esm4 ssp126",0.68,0,NA,20
98,"gfdl-esm4 ssp585",0.946,0,NA,20
98,"ipsl-cm6a-lr ssp126",0.600016,0.06668,NA,20
98,"ipsl-cm6a-lr ssp585",0.888902221688896,0.06668,NA,20
99,"gfdl-esm4 ssp126",0.940858534038189,0.147754147691928,0.00825000861954417,20
99,"gfdl-esm4 ssp585",0.901689363588512,0.0262925921141999,0,20
99,"ipsl-cm6a-lr ssp126",0.855407611702262,0.0394313612351869,0,20
99,"ipsl-cm6a-lr ssp585",1,0.551347060355362,0.0291425250173937,20
120,"gfdl-esm4 ssp126",0.994289809500081,0.240963188920368,0.00660205511650835,20
120,"gfdl-esm4 ssp585",0.995828394881604,0.317147574368314,0.0132204960000001,20
120,"ipsl-cm6a-lr ssp126",0.865638858233086,0.0971005948156551,0,20
120,"ipsl-cm6a-lr ssp585",0.998464221857288,0.499159764043376,0.024134633127273,20
121,"gfdl-esm4 ssp126",0.981148148200698,0.0915046043474371,0,20
121,"gfdl-esm4 ssp585",1,0.0246518819418077,0,20
121,"ipsl-cm6a-lr ssp126",1,0.187138574396255,0.00826280999999995,20
121,"ipsl-cm6a-lr ssp585",1,0.357611084450967,0,20
123,"gfdl-esm4 ssp126",1,0.237016462421413,0,20
123,"gfdl-esm4 ssp585",1,0.462516808361463,0.013220496,20
123,"ipsl-cm6a-lr ssp126",1,0,0,20
123,"ipsl-cm6a-lr ssp585",1,0.852875521579947,0.23139504,20
124,"gfdl-esm4 ssp126",1,0.1115592975,0,20
124,"gfdl-esm4 ssp585",1,0.0909,0,20
124,"ipsl-cm6a-lr ssp126",0.92918837219838,0.051681990919489,0.0013774104269999,20
124,"ipsl-cm6a-lr ssp585",0.994072212238097,0.400393085397932,0.0181836359999995,20
127,"gfdl-esm4 ssp126",1,0.105923441142,0,20
127,"gfdl-esm4 ssp585",0.999519001717069,0.730657773282559,0.141738781478722,20
127,"ipsl-cm6a-lr ssp126",0.98293456544705,0.285488555576711,0.0055079891459997,20
127,"ipsl-cm6a-lr ssp585",1,0.703278388994495,0.0564929012676241,20
128,"gfdl-esm4 ssp126",0.992381687939814,0.256518886153681,0.00991719000000002,20
128,"gfdl-esm4 ssp585",0.984428607344719,0.178957004585107,0,20
128,"ipsl-cm6a-lr ssp126",0.992711227156408,0.0867711016584,0,20
128,"ipsl-cm6a-lr ssp585",0.923217876439442,0.113080521696158,0.00303060599999971,20
130,"gfdl-esm4 ssp126",1,0.409638308288874,0,20
130,"gfdl-esm4 ssp585",0.993903467947261,0.404831333064241,0.0181799999999998,20
130,"ipsl-cm6a-lr ssp126",1,0.531506803868725,0.0232988593284966,20
130,"ipsl-cm6a-lr ssp585",1,0.603053862546495,0.054534546,20
132,"gfdl-esm4 ssp126",0.986347789191203,0.215126325950736,1.11022302462516e-16,20
132,"gfdl-esm4 ssp585",0.997336138191424,0.138935123966662,0.00330512400000005,20
132,"ipsl-cm6a-lr ssp126",1,0.1818,0,20
132,"ipsl-cm6a-lr ssp585",1,0.590176907912831,0.102529758406788,20
135,"gfdl-esm4 ssp126",0.994372244067678,0.370735172074728,0.0172904543738134,20
135,"gfdl-esm4 ssp585",0.99977480012043,0.704997539588438,0.127750454138062,20
135,"ipsl-cm6a-lr ssp126",0.999162242536182,0.296915252739104,0.0247979335949998,20
135,"ipsl-cm6a-lr ssp585",0.997121707652608,0.352866629362195,0.0121224239999997,20
136,"gfdl-esm4 ssp126",1,0.246119914113962,0,20
136,"gfdl-esm4 ssp585",1,0.581730682662285,-2.22044604925031e-16,20
136,"ipsl-cm6a-lr ssp126",0.942985282271657,0.0477096558993234,0,20
136,"ipsl-cm6a-lr ssp585",1,0.55975357327907,0,20
137,"gfdl-esm4 ssp126",1,0.268555044548689,0,20
137,"gfdl-esm4 ssp585",1,0.0546270162662964,0,20
137,"ipsl-cm6a-lr ssp126",0.874032091081431,0.0477034435687426,-2.22044604925031e-16,20
137,"ipsl-cm6a-lr ssp585",0.957234126527858,0.133690242619997,0,20
140,"gfdl-esm4 ssp126",0.989006400357287,0.205208411892205,0.00909000000000004,20
140,"gfdl-esm4 ssp585",0.995648854894224,0.343141594128449,0.00495768600000013,20
140,"ipsl-cm6a-lr ssp126",0.997511640151227,0.218751527696529,0,20
140,"ipsl-cm6a-lr ssp585",0.991761136022287,0.193256986372052,0,20
141,"gfdl-esm4 ssp126",1,0,0,20
141,"gfdl-esm4 ssp585",0.987425560828464,0.4,0,20
141,"ipsl-cm6a-lr ssp126",1,0.0151530299999999,0,20
141,"ipsl-cm6a-lr ssp585",1,0.295585795207838,0.00909181800000003,20
145,"gfdl-esm4 ssp126",1,0.251546437337176,0,20
145,"gfdl-esm4 ssp585",0.963203711468284,0.119299326294281,0.00206570249999971,20
145,"ipsl-cm6a-lr ssp126",0.992013083883986,0.0623556471374853,-2.22044604925031e-16,20
145,"ipsl-cm6a-lr ssp585",1,0.68210861668996,0.14875785,20
146,"gfdl-esm4 ssp126",0.842572545640888,0.0328464179127116,0,20
146,"gfdl-esm4 ssp585",0.983232911369484,0.0989729717129998,-2.22044604925031e-16,20
146,"ipsl-cm6a-lr ssp126",0.987985306972027,0.403270827013293,0.022522389639562,20
146,"ipsl-cm6a-lr ssp585",1,0.143001156120181,-4.44089209850063e-16,20
147,"gfdl-esm4 ssp126",0.998971068220226,0.473652010961345,0.0349889286954447,20
147,"gfdl-esm4 ssp585",1,0.157024060749431,-4.44089209850063e-16,20
147,"ipsl-cm6a-lr ssp126",1,0.110525311596034,0,20
147,"ipsl-cm6a-lr ssp585",1,0.255290004461167,-2.22044604925031e-16,20
149,"gfdl-esm4 ssp126",0.900970412975571,0.04545,0,20
149,"gfdl-esm4 ssp585",0.664681622092375,0,0,20
149,"ipsl-cm6a-lr ssp126",0.795101655499394,0,0,20
149,"ipsl-cm6a-lr ssp585",1,0.3333,0,20
151,"gfdl-esm4 ssp126",0.874583423251926,0.0727199999999999,0,20
151,"gfdl-esm4 ssp585",1,0.48863125,0,20
151,"ipsl-cm6a-lr ssp126",0.996275507413545,0.0729998094180778,-2.22044604925031e-16,20
151,"ipsl-cm6a-lr ssp585",1,0.404461394795922,0.00961910587518677,20
152,"gfdl-esm4 ssp126",0.988116449557069,0.04545,0,20
152,"gfdl-esm4 ssp585",1,0.1,0,20
152,"ipsl-cm6a-lr ssp126",1,0.0363600000000001,1.11022302462516e-16,20
152,"ipsl-cm6a-lr ssp585",1,0.1818,0,20
188,"gfdl-esm4 ssp126",0.988500220600874,0,0,20
188,"gfdl-esm4 ssp585",1,0,0,20
188,"ipsl-cm6a-lr ssp126",1,0.300042354379366,0.0232896772728401,20
188,"ipsl-cm6a-lr ssp585",1,0.537185283096451,0.00661024799999999,20
579,"gfdl-esm4 ssp126",0.991412074558995,0.281762358207751,0.0197080764017592,20
579,"gfdl-esm4 ssp585",0.998678379349778,0.312705600287502,2.22044604925031e-16,20
579,"ipsl-cm6a-lr ssp126",0.999811104835952,0.458596779063839,0.0242375759999999,20
579,"ipsl-cm6a-lr ssp585",1,0.422062779481237,0.0359816807137483,20
582,"gfdl-esm4 ssp126",0.875,0,NA,20
582,"gfdl-esm4 ssp585",0.5,0,NA,20
582,"ipsl-cm6a-lr ssp126",1,0,NA,20
582,"ipsl-cm6a-lr ssp585",1,0.10002,NA,20
583,"gfdl-esm4 ssp126",0.974139172848883,0.16837374394485,0,20
583,"gfdl-esm4 ssp585",0.998021024520496,0.256915873296554,0.00701314739563497,20
583,"ipsl-cm6a-lr ssp126",0.886619811739636,0.076738377244105,0,20
583,"ipsl-cm6a-lr ssp585",0.930292582764303,0.0300764456818189,0,20
620,"gfdl-esm4 ssp126",1,0.09540033878475,0,20
620,"gfdl-esm4 ssp585",1,0.299669456189716,-2.22044604925031e-16,20
620,"ipsl-cm6a-lr ssp126",0.997245183916316,0.381271003772804,0.0197216563472301,20
620,"ipsl-cm6a-lr ssp585",1,0.124333004175006,1.11022302462516e-16,20
640,"gfdl-esm4 ssp126",0.997601189250394,0.42713832821375,0,20
640,"gfdl-esm4 ssp585",0.998244794388765,0.352257785439682,0.0136350000000001,20
640,"ipsl-cm6a-lr ssp126",0.869937439376018,0.1414738512,0,20
640,"ipsl-cm6a-lr ssp585",0.97734056238115,0.192588359596191,0.0151520659146002,20
755,"gfdl-esm4 ssp126",0.846933174663383,0,0,20
755,"gfdl-esm4 ssp585",0.983988529499034,0.0660401482740596,1.11022302462516e-16,20
755,"ipsl-cm6a-lr ssp126",1,0.212684534027292,0.00275482085399992,20
755,"ipsl-cm6a-lr ssp585",0.99630733238935,0.316370666086752,0.0205958731463964,20
762,"gfdl-esm4 ssp126",0.996168007727408,0.445353646675377,0.0447705653972924,20
762,"gfdl-esm4 ssp585",1,0.2186124716574,0.00413140500000009,20
762,"ipsl-cm6a-lr ssp126",0.998467738104348,0.132013181725065,2.22044604925031e-16,20
762,"ipsl-cm6a-lr ssp585",1,0.130862109054274,1.11022302462516e-16,20
764,"gfdl-esm4 ssp126",0.81339751554316,0,0,20
764,"gfdl-esm4 ssp585",0.948007651310091,0,0,20
764,"ipsl-cm6a-lr ssp126",0.987067734074808,0.0729998094180778,-2.22044604925031e-16,20
764,"ipsl-cm6a-lr ssp585",0.969331237563316,0.241700755696106,0.00413223128099949,20
838,"gfdl-esm4 ssp126",0.988453134091526,0.195336675492675,0,20
838,"gfdl-esm4 ssp585",0.989545806094223,0.362451644104314,0.0400782644999998,20
838,"ipsl-cm6a-lr ssp126",0.909886397301669,0.0738379755655504,0,20
838,"ipsl-cm6a-lr ssp585",0.971022209160802,0.263408107953509,1.11022302462516e-16,20
857,"gfdl-esm4 ssp126",0.993638573747404,0.0971785954492929,-4.44089209850063e-16,20
857,"gfdl-esm4 ssp585",0.954110394089501,0.104342483291947,1.11022302462516e-16,20
857,"ipsl-cm6a-lr ssp126",0.978754605605639,0.104773603422307,0,20
857,"ipsl-cm6a-lr ssp585",0.978789536065491,0.131547324368421,-2.22044604925031e-16,20
863,"gfdl-esm4 ssp126",1,0.56043418393125,0.04131405,20
863,"gfdl-esm4 ssp585",1,0.344605734422883,0,20
863,"ipsl-cm6a-lr ssp126",0.991134095739669,0.213517906832,0.019286776584,20
863,"ipsl-cm6a-lr ssp585",1,0.0771360874379999,0.00413223128099993,20
869,"gfdl-esm4 ssp126",0.993308370507907,0.147381839543368,-2.22044604925031e-16,20
869,"gfdl-esm4 ssp585",0.975858766675947,0.232587943315863,0.0123942149999997,20
869,"ipsl-cm6a-lr ssp126",0.955210713391999,0.0383094418933142,0,20
869,"ipsl-cm6a-lr ssp585",0.994470479893409,0.512556399281017,0.0849142365102924,20
878,"gfdl-esm4 ssp126",1,0,0,20
878,"gfdl-esm4 ssp585",1,0.18181,0,20
878,"ipsl-cm6a-lr ssp126",0.995689417121815,0.0729998094180778,-2.22044604925031e-16,20
878,"ipsl-cm6a-lr ssp585",1,0.639103836818105,0.139971578724638,20
889,"gfdl-esm4 ssp126",0.94655245212406,0.199688069930744,0.0103285124999999,20
889,"gfdl-esm4 ssp585",0.999492561609883,0.557678620687831,0.019830744,20
889,"ipsl-cm6a-lr ssp126",1,0.388501267747666,0.0209074659899148,20
889,"ipsl-cm6a-lr ssp585",0.970019720943819,0.0870687254805831,1.11022302462516e-16,20
901,"gfdl-esm4 ssp126",1,0.259847116892808,0.00826280999999973,20
901,"gfdl-esm4 ssp585",0.836724229725631,0,0,20
901,"ipsl-cm6a-lr ssp126",0.991772947541648,0.0506303684567998,-2.22044604925031e-16,20
901,"ipsl-cm6a-lr ssp585",1,0.455328030569206,0.0335019587573255,20
909,"gfdl-esm4 ssp126",0.955823968725286,0.0647460255833634,-2.22044604925031e-16,20
909,"gfdl-esm4 ssp585",1,0.291420208079542,0.00661024799999976,20
909,"ipsl-cm6a-lr ssp126",0.990729189738921,0.229117607124055,0.0151520659146001,20
909,"ipsl-cm6a-lr ssp585",1,0.226664365295753,1.11022302462516e-16,20
910,"gfdl-esm4 ssp126",0.960241085921273,0.0804613833994957,-4.44089209850063e-16,20
910,"gfdl-esm4 ssp585",0.991729674367643,0.120625536945699,1.11022302462516e-16,20
910,"ipsl-cm6a-lr ssp126",1,0.378515683048449,0.00413223128100004,20
910,"ipsl-cm6a-lr ssp585",0.988268998588256,0.100896535147206,0,20
922,"gfdl-esm4 ssp126",1,0.121720680900266,0.00413140499999964,20
922,"gfdl-esm4 ssp585",0.894837371414726,0.0533372652855,0,20
922,"ipsl-cm6a-lr ssp126",0.976822047229193,0.104773603422307,0,20
922,"ipsl-cm6a-lr ssp585",1,0.427410504819114,-2.22044604925031e-16,20
948,"gfdl-esm4 ssp126",0.989116578305081,0.197318905,0,20
948,"gfdl-esm4 ssp585",0.990571280727775,0.381781089266343,0,20
948,"ipsl-cm6a-lr ssp126",0.82116576748435,0.03636,0,20
948,"ipsl-cm6a-lr ssp585",0.980086680318823,0.150321699637472,0.0013774104269999,20
966,"gfdl-esm4 ssp126",0.998275033090131,0.114864876,0,20
966,"gfdl-esm4 ssp585",0.931289792919178,0.022725,0,20
966,"ipsl-cm6a-lr ssp126",1,0.051681990919489,0.0013774104269999,20
966,"ipsl-cm6a-lr ssp585",1,0.410560784220917,0.0151530299999997,20
983,"gfdl-esm4 ssp126",1,0.152396264024151,0.0061971074999998,20
983,"gfdl-esm4 ssp585",1,0.0601155395144036,1.11022302462516e-16,20
983,"ipsl-cm6a-lr ssp126",1,0.0802678749702305,0.0013774104269999,20
983,"ipsl-cm6a-lr ssp585",1,0.431728168618156,0.00606121199999987,20
1009,"gfdl-esm4 ssp126",0.988100976883195,0.208522182880272,0.00413140499999975,20
1009,"gfdl-esm4 ssp585",0.981570880029863,0.144394160730591,0.00330512400000005,20
1009,"ipsl-cm6a-lr ssp126",1,0.0327109981251801,0,20
1009,"ipsl-cm6a-lr ssp585",1,0.3636,0,20
1026,"gfdl-esm4 ssp126",1,0.459015626574,0.0368754118690675,20
1026,"gfdl-esm4 ssp585",0.99755642491786,0.527882077108591,0.0743743799999999,20
1026,"ipsl-cm6a-lr ssp126",1,0.425132530970524,0.0247979335949998,20
1026,"ipsl-cm6a-lr ssp585",0.98682488201918,0.221324306337017,0.012122424,20
1087,"gfdl-esm4 ssp126",0.992609349526674,0.3144816440185,-2.22044604925031e-16,20
1087,"gfdl-esm4 ssp585",0.999019339818579,0.467792275175635,0.0495823139999999,20
1087,"ipsl-cm6a-lr ssp126",1,0.309551115477027,0.00275482085399992,20
1087,"ipsl-cm6a-lr ssp585",0.975507589019019,0.154214323215082,0,20
1096,"gfdl-esm4 ssp126",0.95876026014883,0.0880593562761285,-4.44089209850063e-16,20
1096,"gfdl-esm4 ssp585",0.999194570792883,0.420851285737381,0.0288369871952054,20
1096,"ipsl-cm6a-lr ssp126",1,0.230007589720884,0.00412843676203078,20
1096,"ipsl-cm6a-lr ssp585",0.977376464524135,0.0855304239162032,1.11022302462516e-16,20
1097,"gfdl-esm4 ssp126",0.627401256521206,0,0,20
1097,"gfdl-esm4 ssp585",0.97752490855463,0.0360294875999999,0,20
1097,"ipsl-cm6a-lr ssp126",1,0.301140598423081,0,20
1097,"ipsl-cm6a-lr ssp585",0.952487735226381,0.0688665837438001,1.11022302462516e-16,20
1098,"gfdl-esm4 ssp126",0.814462598781975,0.0165256199999999,0,20
1098,"gfdl-esm4 ssp585",1,0.217980459111884,0,20
1098,"ipsl-cm6a-lr ssp126",0.990284002308919,0.162672910191346,0.00330512399999983,20
1098,"ipsl-cm6a-lr ssp585",1,0.262887122414996,0,20
1101,"gfdl-esm4 ssp126",0.964165882512025,0.153890104893534,0.00330512399999983,20
1101,"gfdl-esm4 ssp585",1,0.310752657294412,0,20
1101,"ipsl-cm6a-lr ssp126",0.96530337884048,0.044999861363638,0,20
1101,"ipsl-cm6a-lr ssp585",1,0.335523075537606,0.0195061433568742,20
1111,"gfdl-esm4 ssp126",0,0,NA,20
1111,"gfdl-esm4 ssp585",0.7,0,NA,20
1111,"ipsl-cm6a-lr ssp126",1,0,NA,20
1111,"ipsl-cm6a-lr ssp585",0.777804443377792,0,NA,20
1115,"gfdl-esm4 ssp126",0.935980232843443,0,0,20
1115,"gfdl-esm4 ssp585",1,0,0,20
1115,"ipsl-cm6a-lr ssp126",1,0,0,20
1115,"ipsl-cm6a-lr ssp585",1,0.06059394,0,20
1144,"gfdl-esm4 ssp126",0.73,0,NA,20
1144,"gfdl-esm4 ssp585",0.64,0,NA,20
1144,"ipsl-cm6a-lr ssp126",1,0,NA,20
1144,"ipsl-cm6a-lr ssp585",1,0,NA,20
1145,"gfdl-esm4 ssp126",0.872,0,NA,20
1145,"gfdl-esm4 ssp585",1,0,NA,20
1145,"ipsl-cm6a-lr ssp126",0.86667733312,0,NA,20
1145,"ipsl-cm6a-lr ssp585",1,0.1667,NA,20
1170,"gfdl-esm4 ssp126",0.974559645647867,0.276551542050225,0,20
1170,"gfdl-esm4 ssp585",1,0.274376627327422,0.013220496,20
1170,"ipsl-cm6a-lr ssp126",0.966137923718488,0.1520827270248,-2.22044604925031e-16,20
1170,"ipsl-cm6a-lr ssp585",1,0.854023686999054,0.26557847245962,20
1173,"gfdl-esm4 ssp126",0.923927094267186,0.058258719,1.11022302462516e-16,20
1173,"gfdl-esm4 ssp585",1,0,0,20
1173,"ipsl-cm6a-lr ssp126",1,0.0303060599999999,0,20
1173,"ipsl-cm6a-lr ssp585",1,0.0300764456818189,0,20
4,"gfdl-esm4 ssp126",0.316959223686904,0,0,10
4,"gfdl-esm4 ssp585",1,0,0,10
4,"ipsl-cm6a-lr ssp126",0.90340188976716,0.0477034435687426,-2.22044604925031e-16,10
4,"ipsl-cm6a-lr ssp585",1,0.218064566593677,0,10
6,"gfdl-esm4 ssp126",0.93791159343314,0.0902171846000961,0,10
6,"gfdl-esm4 ssp585",0.650091473420202,0.00826280999999995,0,10
6,"ipsl-cm6a-lr ssp126",1,0.0984117205709999,0,10
6,"ipsl-cm6a-lr ssp585",0.965986510519199,0.178185420429652,0,10
7,"gfdl-esm4 ssp126",0.964788942242549,0.1838384353179,0,10
7,"gfdl-esm4 ssp585",0.98690896,0.07272,0,10
7,"ipsl-cm6a-lr ssp126",0.658472023184542,0,0,10
7,"ipsl-cm6a-lr ssp585",0.920661774189312,0.0878836359999998,0.00606121199999987,10
9,"gfdl-esm4 ssp126",0.453567378949523,0.0262925921141999,0,10
9,"gfdl-esm4 ssp585",1,0.0722773800083363,0,10
9,"ipsl-cm6a-lr ssp126",1,0.0151530299999999,0,10
9,"ipsl-cm6a-lr ssp585",0.800459792574437,0.150397686,0.00991537200000003,10
16,"gfdl-esm4 ssp126",0.435492200663697,0.00826280999999995,0,10
16,"gfdl-esm4 ssp585",0.622089553744641,0,0,10
16,"ipsl-cm6a-lr ssp126",0.542737505326635,0.0165256199999999,0,10
16,"ipsl-cm6a-lr ssp585",0.650101193315327,0.0164573459709038,0,10
17,"gfdl-esm4 ssp126",0.8863625,0,0,10
17,"gfdl-esm4 ssp585",0.385255787944808,0,0,10
17,"ipsl-cm6a-lr ssp126",0.666089824576333,0.0748463953034912,0.00303060599999994,10
17,"ipsl-cm6a-lr ssp585",0.650733696936675,0.0303060599999999,0,10
27,"gfdl-esm4 ssp126",0.980518950274783,0.420153593462345,0,10
27,"gfdl-esm4 ssp585",0.997625250138595,0.357132813039535,0.00165256199999997,10
27,"ipsl-cm6a-lr ssp126",0.627428578152259,0.00826280999999995,0,10
27,"ipsl-cm6a-lr ssp585",0.706590738249044,0.0802538571374853,0,10
36,"gfdl-esm4 ssp126",0.17353719,0,0,10
36,"gfdl-esm4 ssp585",0.837031284770056,0.0895779503999998,0,10
36,"ipsl-cm6a-lr ssp126",0.965223298965326,0.1666232007408,0,10
36,"ipsl-cm6a-lr ssp585",1,0.224770942234419,0,10
46,"gfdl-esm4 ssp126",0.717746100331849,0.0533372652855,0,10
46,"gfdl-esm4 ssp585",0.695162062644178,0.0404918595,0,10
46,"ipsl-cm6a-lr ssp126",1,0.259023607650173,-2.22044604925031e-16,10
46,"ipsl-cm6a-lr ssp585",0.529595650813059,0,0,10
52,"gfdl-esm4 ssp126",0.803303490922215,0.11569752,0,10
52,"gfdl-esm4 ssp585",0.77605854298893,0.0522189568714018,1.11022302462516e-16,10
52,"ipsl-cm6a-lr ssp126",0.94203049798953,0.0151530299999999,0,10
52,"ipsl-cm6a-lr ssp585",1,0.211107437261443,0,10
94,"gfdl-esm4 ssp126",0.894343186482203,0.00826280999999995,0,10
94,"gfdl-esm4 ssp585",0.796777192238931,0.0745703734560859,0.00206570249999993,10
94,"ipsl-cm6a-lr ssp126",0.953344493116666,0.0879805677718997,0,10
94,"ipsl-cm6a-lr ssp585",1,0,0,10
95,"gfdl-esm4 ssp126",0.43649699457175,0.022725,0,10
95,"gfdl-esm4 ssp585",1,0,0,10
95,"ipsl-cm6a-lr ssp126",0.459015626574,0,0,10
95,"ipsl-cm6a-lr ssp585",0.25617438,0,0,10
97,"gfdl-esm4 ssp126",0.548393760530958,0.041317686,0.00165256199999997,10
97,"gfdl-esm4 ssp585",0.800454305273606,0.0681749999999999,0,10
97,"ipsl-cm6a-lr ssp126",0.830652364534262,0.0688665837438001,1.11022302462516e-16,10
97,"ipsl-cm6a-lr ssp585",1,0.22807452208414,0,10
98,"gfdl-esm4 ssp126",0.6,0,NA,10
98,"gfdl-esm4 ssp585",0.8,0,NA,10
98,"ipsl-cm6a-lr ssp126",0.2,0,NA,10
98,"ipsl-cm6a-lr ssp585",0.733344,0,NA,10
99,"gfdl-esm4 ssp126",0.521848916460615,0,0,10
99,"gfdl-esm4 ssp585",0.731259577060354,0.0262925921141999,0,10
99,"ipsl-cm6a-lr ssp126",0.57312844895707,0.0151530299999999,0,10
99,"ipsl-cm6a-lr ssp585",1,0.281007792325341,0.00989352431068924,10
120,"gfdl-esm4 ssp126",0.980131709898605,0.181187126394781,0.00495768600000013,10
120,"gfdl-esm4 ssp585",0.77605854298893,0.0443223742284,1.11022302462516e-16,10
120,"ipsl-cm6a-lr ssp126",0.544657696878638,0.0262925921141999,0,10
120,"ipsl-cm6a-lr ssp585",0.974806138335807,0.309347983079097,0.0181836359999999,10
121,"gfdl-esm4 ssp126",0.833723098689893,0.0388750752854999,0,10
121,"gfdl-esm4 ssp585",1,0,0,10
121,"ipsl-cm6a-lr ssp126",1,0.17353719,0.00826280999999995,10
121,"ipsl-cm6a-lr ssp585",1,0.03029697,0,10
123,"gfdl-esm4 ssp126",0.876551198213318,0.13222314,0,10
123,"gfdl-esm4 ssp585",1,0.188560631142,0,10
123,"ipsl-cm6a-lr ssp126",1,0,0,10
123,"ipsl-cm6a-lr ssp585",0.706590738249044,0.0303060599999999,0,10
124,"gfdl-esm4 ssp126",0.914263282248744,0.022725,0,10
124,"gfdl-esm4 ssp585",0.459015626574,0,0,10
124,"ipsl-cm6a-lr ssp126",0.811838260325224,0.0437809344625758,0.0013774104269999,10
124,"ipsl-cm6a-lr ssp585",0.832345468348338,0.216209066144251,0.0181836359999999,10
127,"gfdl-esm4 ssp126",0.774623591713,0,0,10
127,"gfdl-esm4 ssp585",0.903008570999884,0.223092827093513,0,10
127,"ipsl-cm6a-lr ssp126",0.932142364773885,0.169775727519701,0.0055079891459997,10
127,"ipsl-cm6a-lr ssp585",1,0.271645311608698,0,10
128,"gfdl-esm4 ssp126",0.947183413363823,0.118020215957175,1.11022302462516e-16,10
128,"gfdl-esm4 ssp585",0.840372223779498,0.104623239231311,0,10
128,"ipsl-cm6a-lr ssp126",0.928857587303185,0.0867711016584,0,10
128,"ipsl-cm6a-lr ssp585",0.676790302771712,0.0333399999999998,-2.22044604925031e-16,10
130,"gfdl-esm4 ssp126",0.442130785,0.0165256199999999,0,10
130,"gfdl-esm4 ssp585",0.947095055137597,0.26444628,0,10
130,"ipsl-cm6a-lr ssp126",1,0.468552533004479,0.0165256199999999,10
130,"ipsl-cm6a-lr ssp585",0.888227207364125,0.07272,0,10
132,"gfdl-esm4 ssp126",0.908557560739613,0.14874876,0,10
132,"gfdl-esm4 ssp585",0.932816741786214,0.0344051842283999,0,10
132,"ipsl-cm6a-lr ssp126",1,0.1818,0,10
132,"ipsl-cm6a-lr ssp585",1,0.1707950134876,0.00606121199999987,10
135,"gfdl-esm4 ssp126",0.6509056,0.01818,0,10
135,"gfdl-esm4 ssp585",0.988806663835167,0.508337427023613,0.0774336874516767,10
135,"ipsl-cm6a-lr ssp126",0.987044911767662,0.266825053574221,0.024797933595,10
135,"ipsl-cm6a-lr ssp585",0.963052081885692,0.186210763545326,0,10
136,"gfdl-esm4 ssp126",1,0,0,10
136,"gfdl-esm4 ssp585",1,0.308165474647334,0,10
136,"ipsl-cm6a-lr ssp126",0.699477085169049,0.0330575479145999,0,10
136,"ipsl-cm6a-lr ssp585",1,0.552979863743776,0,10
137,"gfdl-esm4 ssp126",0.908557560739613,0.14874876,0,10
137,"gfdl-esm4 ssp585",0.615104469717525,0.00826280999999995,0,10
137,"ipsl-cm6a-lr ssp126",0.631163718729156,0.0330512399999998,-2.22044604925031e-16,10
137,"ipsl-cm6a-lr ssp585",0.7205587050355,0.0303060599999999,0,10
140,"gfdl-esm4 ssp126",0.864518128159287,0.0533372652855,0,10
140,"gfdl-esm4 ssp585",0.804903720092274,0.106129423261728,0,10
140,"ipsl-cm6a-lr ssp126",0.985306202581871,0.1736842676544,-2.22044604925031e-16,10
140,"ipsl-cm6a-lr ssp585",0.9303188291966,0.0968717673603562,1.11022302462516e-16,10
141,"gfdl-esm4 ssp126",0.50408595,0,0,10
141,"gfdl-esm4 ssp585",0.654206380718954,0,0,10
141,"ipsl-cm6a-lr ssp126",1,0.0151530299999999,0,10
141,"ipsl-cm6a-lr ssp585",0.829251379582828,0.164386294546836,0.00909181800000003,10
145,"gfdl-esm4 ssp126",0.916869678468382,0.14874876,0,10
145,"gfdl-esm4 ssp585",0.717746100331849,0,0,10
145,"ipsl-cm6a-lr ssp126",0.961888695582132,0.0330512399999998,-2.22044604925031e-16,10
145,"ipsl-cm6a-lr ssp585",1,0.0303060599999999,0,10
146,"gfdl-esm4 ssp126",0.1818,0,0,10
146,"gfdl-esm4 ssp585",0.767198518711896,0.0330512399999998,-2.22044604925031e-16,10
146,"ipsl-cm6a-lr ssp126",0.961303228234184,0.384626886247115,0.022522389639562,10
146,"ipsl-cm6a-lr ssp585",1,0.0410409538836154,-2.22044604925031e-16,10
147,"gfdl-esm4 ssp126",0.619630822482625,0.0764378099999998,0.00413140499999987,10
147,"gfdl-esm4 ssp585",0.815561619805318,0.0410409538836154,-2.22044604925031e-16,10
147,"ipsl-cm6a-lr ssp126",0.718315841352736,0.0880438769135998,0,10
147,"ipsl-cm6a-lr ssp585",0.776440816381387,0.07576515,0,10
149,"gfdl-esm4 ssp126",0.0909,0,0,10
149,"gfdl-esm4 ssp585",0.338829752,0,0,10
149,"ipsl-cm6a-lr ssp126",0.6429637024,0,0,10
149,"ipsl-cm6a-lr ssp585",1,0,0,10
151,"gfdl-esm4 ssp126",0.504122314,0,0,10
151,"gfdl-esm4 ssp585",0.90910728599104,0.0909,0,10
151,"ipsl-cm6a-lr ssp126",0.86909323648,0,0,10
151,"ipsl-cm6a-lr ssp585",1,0.260284737970368,0,10
152,"gfdl-esm4 ssp126",0.72727,0,0,10
152,"gfdl-esm4 ssp585",0.834707438,0,0,10
152,"ipsl-cm6a-lr ssp126",1,0.0363600000000001,1.11022302462516e-16,10
152,"ipsl-cm6a-lr ssp585",1,0.1818,0,10
188,"gfdl-esm4 ssp126",0.977136875266332,0,0,10
188,"gfdl-esm4 ssp585",1,0,0,10
188,"ipsl-cm6a-lr ssp126",1,0.294210550256128,0.0232896772728401,10
188,"ipsl-cm6a-lr ssp585",1,0.1930693162284,0.00661024799999999,10
579,"gfdl-esm4 ssp126",0.904755093968005,0.0363600000000001,1.11022302462516e-16,10
579,"gfdl-esm4 ssp585",0.928466287005234,0.0363600000000001,1.11022302462516e-16,10
579,"ipsl-cm6a-lr ssp126",0.905916542964563,0.096363086578274,0,10
579,"ipsl-cm6a-lr ssp585",0.90285059445546,0.0890724335684084,0.00303060599999982,10
582,"gfdl-esm4 ssp126",0,0,NA,10
582,"gfdl-esm4 ssp585",0.5,0,NA,10
582,"ipsl-cm6a-lr ssp126",1,0,NA,10
582,"ipsl-cm6a-lr ssp585",1,0,NA,10
583,"gfdl-esm4 ssp126",0.840949079243153,0.0824945131496952,0,10
583,"gfdl-esm4 ssp585",0.981925850992494,0.121693933965205,0.00206570249999993,10
583,"ipsl-cm6a-lr ssp126",0.832330378836909,0.076738377244105,0,10
583,"ipsl-cm6a-lr ssp585",0.741280195145231,0.0151530299999999,0,10
620,"gfdl-esm4 ssp126",1,0.0743652899999999,0,10
620,"gfdl-esm4 ssp585",1,0.0984117205709999,0,10
620,"ipsl-cm6a-lr ssp126",0.94387660958803,0.251211928465702,0.0170137052031274,10
620,"ipsl-cm6a-lr ssp585",1,0.00826280999999995,0,10
640,"gfdl-esm4 ssp126",0.889337927287612,0.113625,0,10
640,"gfdl-esm4 ssp585",0.971850880911609,0.159776775822948,0,10
640,"ipsl-cm6a-lr ssp126",0.27272,0,0,10
640,"ipsl-cm6a-lr ssp585",0.903655890632056,0.0545400000000001,1.11022302462516e-16,10
755,"gfdl-esm4 ssp126",0.323788128858,0,0,10
755,"gfdl-esm4 ssp585",0.8266686537728,0,0,10
755,"ipsl-cm6a-lr ssp126",1,0.02478843,0,10
755,"ipsl-cm6a-lr ssp585",0.945807266406674,0.0923869857687127,0.00413223128099993,10
762,"gfdl-esm4 ssp126",0.903011238164162,0,0,10
762,"gfdl-esm4 ssp585",0.441136036820625,0,0,10
762,"ipsl-cm6a-lr ssp126",0.890705005964064,0.0443223742284,1.11022302462516e-16,10
762,"ipsl-cm6a-lr ssp585",1,0.0623521563426,1.11022302462516e-16,10
764,"gfdl-esm4 ssp126",0.17353719,0,0,10
764,"gfdl-esm4 ssp585",0.8757358719166,0,0,10
764,"ipsl-cm6a-lr ssp126",0.31819394,0,0,10
764,"ipsl-cm6a-lr ssp585",0.808718102224844,0.12118788,0,10
838,"gfdl-esm4 ssp126",0.957737274592881,0.1570233885,0,10
838,"gfdl-esm4 ssp585",0.915323830099555,0.319706563756848,0.0400782645000001,10
838,"ipsl-cm6a-lr ssp126",0.664083708931071,0.0343381514211527,0,10
838,"ipsl-cm6a-lr ssp585",0.77961873293664,0.0545400000000001,1.11022302462516e-16,10
857,"gfdl-esm4 ssp126",0.87300679195734,0.01818,0,10
857,"gfdl-esm4 ssp585",0.701942862521807,0.0538789752000001,1.11022302462516e-16,10
857,"ipsl-cm6a-lr ssp126",0.874549118388949,0.0820182777592631,0,10
857,"ipsl-cm6a-lr ssp585",0.835327089036964,0.0151530299999999,0,10
863,"gfdl-esm4 ssp126",0.17353719,0,0,10
863,"gfdl-esm4 ssp585",1,0.0909,0,10
863,"ipsl-cm6a-lr ssp126",0.865891128129921,0.213517906832,0.019286776584,10
863,"ipsl-cm6a-lr ssp585",0.926110260340441,0.0771360874379999,0.00413223128099993,10
869,"gfdl-esm4 ssp126",0.981373478029942,0.110891999080059,0,10
869,"gfdl-esm4 ssp585",0.533455297893603,0.00826280999999995,0,10
869,"ipsl-cm6a-lr ssp126",0.908926985952696,0.0383094418933142,0,10
869,"ipsl-cm6a-lr ssp585",0.811038479057712,0.0383184567843713,0,10
878,"gfdl-esm4 ssp126",0.17353719,0,0,10
878,"gfdl-esm4 ssp585",1,0.0909,0,10
878,"ipsl-cm6a-lr ssp126",0.5454808081616,0,0,10
878,"ipsl-cm6a-lr ssp585",0.569658765205231,0,0,10
889,"gfdl-esm4 ssp126",0.316959223686904,0,0,10
889,"gfdl-esm4 ssp585",0.91908546793012,0.167947619706406,1.11022302462516e-16,10
889,"ipsl-cm6a-lr ssp126",1,0.213517906832,0.019286776584,10
889,"ipsl-cm6a-lr ssp585",0.945134536443768,0.0701643126852001,1.11022302462516e-16,10
901,"gfdl-esm4 ssp126",0.385255787944808,0,0,10
901,"gfdl-esm4 ssp585",0.549164537145,0,0,10
901,"ipsl-cm6a-lr ssp126",0.748069780108327,0.0506303684567998,-2.22044604925031e-16,10
901,"ipsl-cm6a-lr ssp585",0.688982639787791,0.0151530299999999,0,10
909,"gfdl-esm4 ssp126",0.841258489946674,0,0,10
909,"gfdl-esm4 ssp585",1,0.0909,0,10
909,"ipsl-cm6a-lr ssp126",0.939783576826695,0.209522921394437,0.0151520659146001,10
909,"ipsl-cm6a-lr ssp585",0.668808844072148,0.01818,0,10
910,"gfdl-esm4 ssp126",0.841258489946674,0,0,10
910,"gfdl-esm4 ssp585",0.776181198417725,0.0360294875999999,0,10
910,"ipsl-cm6a-lr ssp126",1,0.137441598352834,0,10
910,"ipsl-cm6a-lr ssp585",0.92713867430913,0.0545400000000001,1.11022302462516e-16,10
922,"gfdl-esm4 ssp126",0.841258489946674,0,0,10
922,"gfdl-esm4 ssp585",0.316959223686904,0,0,10
922,"ipsl-cm6a-lr ssp126",0.849452920183546,0.0820182777592631,0,10
922,"ipsl-cm6a-lr ssp585",0.668808844072148,0.01818,0,10
948,"gfdl-esm4 ssp126",0.939637528071149,0.04545,0,10
948,"gfdl-esm4 ssp585",0.85,0.2,0,10
948,"ipsl-cm6a-lr ssp126",0.549210118221897,0.03636,0,10
948,"ipsl-cm6a-lr ssp585",0.819684047288759,0.01818,0,10
966,"gfdl-esm4 ssp126",0.885684376331659,0,0,10
966,"gfdl-esm4 ssp585",0.459015626574,0,0,10
966,"ipsl-cm6a-lr ssp126",0.623676520650447,0.0437809344625758,0.0013774104269999,10
966,"ipsl-cm6a-lr ssp585",0.590150033822803,0.0165256199999999,0,10
983,"gfdl-esm4 ssp126",0.667442132873955,0.0165256199999999,0,10
983,"gfdl-esm4 ssp585",1,0,0,10
983,"ipsl-cm6a-lr ssp126",1,0.0300764456818189,0,10
983,"ipsl-cm6a-lr ssp585",0.338829752,0.01818,0,10
1009,"gfdl-esm4 ssp126",0.761902285012592,0.049030667767231,-2.22044604925031e-16,10
1009,"gfdl-esm4 ssp585",0.849762022178744,0.0363600000000001,1.11022302462516e-16,10
1009,"ipsl-cm6a-lr ssp126",0.65851717871048,0,0,10
1009,"ipsl-cm6a-lr ssp585",0.373910594102186,0,0,10
1026,"gfdl-esm4 ssp126",0.0909,0,0,10
1026,"gfdl-esm4 ssp585",0.970850687070749,0.453345773297737,0.0743743799999999,10
1026,"ipsl-cm6a-lr ssp126",0.956818099903972,0.330443451383924,0.024797933595,10
1026,"ipsl-cm6a-lr ssp585",0.653599411654834,0.0303060599999999,0,10
1087,"gfdl-esm4 ssp126",0.927258428623122,0.237745876749538,0,10
1087,"gfdl-esm4 ssp585",0.991454407968696,0.4158515949,0.0495823139999997,10
1087,"ipsl-cm6a-lr ssp126",1,0.194216452601848,0.00275482085399992,10
1087,"ipsl-cm6a-lr ssp585",0.948360486326968,0.141200914914814,0,10
1096,"gfdl-esm4 ssp126",0.653589788937278,0.0246518819418077,0,10
1096,"gfdl-esm4 ssp585",0.945959966118059,0.262370227377353,0.0288369871952053,10
1096,"ipsl-cm6a-lr ssp126",1,0.0876597372558644,0.0027548208539997,10
1096,"ipsl-cm6a-lr ssp585",0.836070213684857,0.0545400000000001,1.11022302462516e-16,10
1097,"gfdl-esm4 ssp126",0.50408595,0,0,10
1097,"gfdl-esm4 ssp585",0.816871456545382,0.0360294875999999,0,10
1097,"ipsl-cm6a-lr ssp126",1,0.0151530299999999,0,10
1097,"ipsl-cm6a-lr ssp585",0.916524751690456,0.0688665837438001,1.11022302462516e-16,10
1098,"gfdl-esm4 ssp126",0.323788128858,0,0,10
1098,"gfdl-esm4 ssp585",1,0.04131405,0,10
1098,"ipsl-cm6a-lr ssp126",0.819675031491123,0.12683748779504,0.00330512400000005,10
1098,"ipsl-cm6a-lr ssp585",0.540890725390255,0.0151530299999999,0,10
1101,"gfdl-esm4 ssp126",0.794231877396986,0.0857156236712998,0.00330512399999983,10
1101,"gfdl-esm4 ssp585",1,0.00826280999999995,0,10
1101,"ipsl-cm6a-lr ssp126",0.844789504040791,0.044999861363638,0,10
1101,"ipsl-cm6a-lr ssp585",1,0,0,10
1111,"gfdl-esm4 ssp126",0,0,NA,10
1111,"gfdl-esm4 ssp585",0,0,NA,10
1111,"ipsl-cm6a-lr ssp126",1,0,NA,10
1111,"ipsl-cm6a-lr ssp585",0.33336,0,NA,10
1115,"gfdl-esm4 ssp126",0.81818,0,0,10
1115,"gfdl-esm4 ssp585",1,0,0,10
1115,"ipsl-cm6a-lr ssp126",1,0,0,10
1115,"ipsl-cm6a-lr ssp585",1,0.06059394,0,10
1144,"gfdl-esm4 ssp126",0.2,0,NA,10
1144,"gfdl-esm4 ssp585",0.52,0,NA,10
1144,"ipsl-cm6a-lr ssp126",1,0,NA,10
1144,"ipsl-cm6a-lr ssp585",1,0,NA,10
1145,"gfdl-esm4 ssp126",0.2,0,NA,10
1145,"gfdl-esm4 ssp585",0.2,0,NA,10
1145,"ipsl-cm6a-lr ssp126",0.50002,0,NA,10
1145,"ipsl-cm6a-lr ssp585",1,0.1667,NA,10
1170,"gfdl-esm4 ssp126",0.453552352202712,0.00826280999999995,0,10
1170,"gfdl-esm4 ssp585",1,0.0909,0,10
1170,"ipsl-cm6a-lr ssp126",0.959027707149324,0.1520827270248,-2.22044604925031e-16,10
1170,"ipsl-cm6a-lr ssp585",1,0.685224325933614,0.206575207686,10
1173,"gfdl-esm4 ssp126",0,0,0,10
1173,"gfdl-esm4 ssp585",1,0,0,10
1173,"ipsl-cm6a-lr ssp126",0.380170110854,0.0303060599999999,0,10
1173,"ipsl-cm6a-lr ssp585",1,0.0151530299999999,0,10
