"regions","climates","spans","at_least_one_shock","at_least_two_shocks","at_least_three_shocks","time_window"
4,"gfdl-esm4 ssp126","shock_0.25",0.999998396969441,0.829341226075472,0.211698424183895,30
4,"gfdl-esm4 ssp585","shock_0.25",0.999999975526665,0.957388806090204,0.444669388727686,30
4,"ipsl-cm6a-lr ssp126","shock_0.25",0.998601865068927,0.51496734767298,0.0681307067644245,30
4,"ipsl-cm6a-lr ssp585","shock_0.25",1,0.979553674602985,0.49322650569211,30
6,"gfdl-esm4 ssp126","shock_0.25",1,0.822604655278666,0.146931712105621,30
6,"gfdl-esm4 ssp585","shock_0.25",1,0.914405623220794,0.373399197890963,30
6,"ipsl-cm6a-lr ssp126","shock_0.25",1,0.664463745332419,0.0904549752801858,30
6,"ipsl-cm6a-lr ssp585","shock_0.25",1,0.999911030148892,0.886777472467205,30
7,"gfdl-esm4 ssp126","shock_0.25",1,0.634863914465748,0.00908999999999993,30
7,"gfdl-esm4 ssp585","shock_0.25",1,0.80032005067108,0.0711513212129319,30
7,"ipsl-cm6a-lr ssp126","shock_0.25",0.991374217570985,0.143728664188418,0.00302969699999989,30
7,"ipsl-cm6a-lr ssp585","shock_0.25",0.999445070251182,0.309478207927014,0.00165256200000008,30
9,"gfdl-esm4 ssp126","shock_0.25",1,0.447942814653631,0.00413140499999998,30
9,"gfdl-esm4 ssp585","shock_0.25",1,0.459939633355592,0.0119044617854693,30
9,"ipsl-cm6a-lr ssp126","shock_0.25",1,0.239166733326331,0,30
9,"ipsl-cm6a-lr ssp585","shock_0.25",1,0.548204065316374,0.036121797943203,30
16,"gfdl-esm4 ssp126","shock_0.25",1,0.453523025938956,0.0127357056011614,30
16,"gfdl-esm4 ssp585","shock_0.25",1,0.921242486284747,0.304482563838846,30
16,"ipsl-cm6a-lr ssp126","shock_0.25",0.999998588147867,0.92387916662209,0.4512876073669,30
16,"ipsl-cm6a-lr ssp585","shock_0.25",0.999754501912859,0.605092725737131,0.0864852011953366,30
17,"gfdl-esm4 ssp126","shock_0.25",1,0.891505365230662,0.255109409533977,30
17,"gfdl-esm4 ssp585","shock_0.25",0.997297333291388,0.324168155326725,0.016196194223868,30
17,"ipsl-cm6a-lr ssp126","shock_0.25",1,0.481765366436639,0.044131223140415,30
17,"ipsl-cm6a-lr ssp585","shock_0.25",1,0.576608209560505,0.0473051321456953,30
27,"gfdl-esm4 ssp126","shock_0.25",0.999999534050743,0.962575958354618,0.420037174443492,30
27,"gfdl-esm4 ssp585","shock_0.25",0.999999694368714,0.983882286817108,0.704021434115559,30
27,"ipsl-cm6a-lr ssp126","shock_0.25",0.999719102331096,0.186743047007913,0.00692910656913592,30
27,"ipsl-cm6a-lr ssp585","shock_0.25",0.999673528147693,0.531758856673253,0.0270195714190106,30
36,"gfdl-esm4 ssp126","shock_0.25",0.99955153798896,0.44535892697316,0.00637265177844348,30
36,"gfdl-esm4 ssp585","shock_0.25",1,0.732550619094454,0.152280384659663,30
36,"ipsl-cm6a-lr ssp126","shock_0.25",0.99997878487289,0.719090491337215,0.0896414068639538,30
36,"ipsl-cm6a-lr ssp585","shock_0.25",1,0.735761024230565,0.074526712953629,30
46,"gfdl-esm4 ssp126","shock_0.25",0.999688570103741,0.419578986160874,0.0188906076815083,30
46,"gfdl-esm4 ssp585","shock_0.25",0.999962662003851,0.573023759159382,0.0282407424480852,30
46,"ipsl-cm6a-lr ssp126","shock_0.25",1,0.868687574707288,0.0824140888397411,30
46,"ipsl-cm6a-lr ssp585","shock_0.25",1,0.892592672562233,0.190560334082697,30
52,"gfdl-esm4 ssp126","shock_0.25",0.999965055643442,0.702245135550589,0.0998825768742562,30
52,"gfdl-esm4 ssp585","shock_0.25",1,0.988163120146478,0.453157287998339,30
52,"ipsl-cm6a-lr ssp126","shock_0.25",0.999740573248267,0.550717958959514,0.0538440050708159,30
52,"ipsl-cm6a-lr ssp585","shock_0.25",1,0.999518845763299,0.86028510393804,30
94,"gfdl-esm4 ssp126","shock_0.25",1,0.943625778480594,0.535741718052552,30
94,"gfdl-esm4 ssp585","shock_0.25",1,0.743670820044643,0.125419766335167,30
94,"ipsl-cm6a-lr ssp126","shock_0.25",0.999437963761737,0.514817509689449,0.0279522548769254,30
94,"ipsl-cm6a-lr ssp585","shock_0.25",1,0.826099570305316,0.0687427687065102,30
95,"gfdl-esm4 ssp126","shock_0.25",1,0.387764100006646,0.0289568198398599,30
95,"gfdl-esm4 ssp585","shock_0.25",1,0.629553586666001,0.0806757534290804,30
95,"ipsl-cm6a-lr ssp126","shock_0.25",0.999413920265873,0.626731807096937,0.0793484251569478,30
95,"ipsl-cm6a-lr ssp585","shock_0.25",0.999602294923312,0.497085170213047,0.0312699485300858,30
97,"gfdl-esm4 ssp126","shock_0.25",0.994348212948439,0.278803017449104,0.0118952484653514,30
97,"gfdl-esm4 ssp585","shock_0.25",0.99986609161636,0.503852753148286,0.0223405841234094,30
97,"ipsl-cm6a-lr ssp126","shock_0.25",0.999983055267531,0.683792414951315,0.153902507923513,30
97,"ipsl-cm6a-lr ssp585","shock_0.25",1,0.639072585005756,0.0625150811008315,30
98,"gfdl-esm4 ssp126","shock_0.25",0.9843271671808,0.216,0.0199999999999998,30
98,"gfdl-esm4 ssp585","shock_0.25",0.86939305984,0.0199999999999999,0,30
98,"ipsl-cm6a-lr ssp126","shock_0.25",1,0,0,30
98,"ipsl-cm6a-lr ssp585","shock_0.25",0.998880435148291,0.1413456,0,30
99,"gfdl-esm4 ssp126","shock_0.25",0.999979468759193,0.59016195666577,0.00826280999999995,30
99,"gfdl-esm4 ssp585","shock_0.25",0.999871485163674,0.498773579464366,0.0434255278846429,30
99,"ipsl-cm6a-lr ssp126","shock_0.25",0.999211018463148,0.355587702259567,0.0209038172288539,30
99,"ipsl-cm6a-lr ssp585","shock_0.25",1,0.837628297474253,0.0880116309239563,30
120,"gfdl-esm4 ssp126","shock_0.25",0.999993062382906,0.830409082865506,0.226343876410011,30
120,"gfdl-esm4 ssp585","shock_0.25",1,0.945364132372899,0.388265830611726,30
120,"ipsl-cm6a-lr ssp126","shock_0.25",1,0.666607219514257,0.0965071663053152,30
120,"ipsl-cm6a-lr ssp585","shock_0.25",0.999999999999657,0.999755453467855,0.88999905865098,30
121,"gfdl-esm4 ssp126","shock_0.25",1,0.501977193228098,0.0277930940831349,30
121,"gfdl-esm4 ssp585","shock_0.25",1,0.968818670263452,0.386682734634537,30
121,"ipsl-cm6a-lr ssp126","shock_0.25",1,0.763897325607817,0.075612928497133,30
121,"ipsl-cm6a-lr ssp585","shock_0.25",1,0.734186832544331,0.0439817587877059,30
123,"gfdl-esm4 ssp126","shock_0.25",1,0.696198547829822,0.0334669615632094,30
123,"gfdl-esm4 ssp585","shock_0.25",1,0.903131942047248,0.407805641165644,30
123,"ipsl-cm6a-lr ssp126","shock_0.25",1,0.694786314014286,0.0728915305801746,30
123,"ipsl-cm6a-lr ssp585","shock_0.25",1,0.999068766360304,0.826776426282851,30
124,"gfdl-esm4 ssp126","shock_0.25",1,0.75868906217726,0.1482743937142,30
124,"gfdl-esm4 ssp585","shock_0.25",0.999940371773659,0.666564436974388,0.0614100987853173,30
124,"ipsl-cm6a-lr ssp126","shock_0.25",1,0.553317265587036,0.0142964749757221,30
124,"ipsl-cm6a-lr ssp585","shock_0.25",0.999967713129452,0.749313887924773,0.134460112236335,30
127,"gfdl-esm4 ssp126","shock_0.25",1,0.945196153908069,0.432948279138869,30
127,"gfdl-esm4 ssp585","shock_0.25",0.999999999536343,0.999284826421969,0.913698929098831,30
127,"ipsl-cm6a-lr ssp126","shock_0.25",1,0.903091337621702,0.245659002351551,30
127,"ipsl-cm6a-lr ssp585","shock_0.25",1,0.997755420942319,0.72663242177526,30
128,"gfdl-esm4 ssp126","shock_0.25",0.999818055638978,0.505843214013396,0.0343239216089819,30
128,"gfdl-esm4 ssp585","shock_0.25",0.999993783276099,0.585955830291251,0.0724139526045142,30
128,"ipsl-cm6a-lr ssp126","shock_0.25",0.99991150326221,0.706061433850542,0.122006876824455,30
128,"ipsl-cm6a-lr ssp585","shock_0.25",0.999997615068885,0.684421156429873,0.0642280747471479,30
130,"gfdl-esm4 ssp126","shock_0.25",1,0.868417580385513,0.221979042135868,30
130,"gfdl-esm4 ssp585","shock_0.25",0.999938649414977,0.651366944481967,0.0530908042134308,30
130,"ipsl-cm6a-lr ssp126","shock_0.25",1,0.953138187102411,0.319481387952476,30
130,"ipsl-cm6a-lr ssp585","shock_0.25",1,0.912497552542071,0.24560010182505,30
132,"gfdl-esm4 ssp126","shock_0.25",0.999975794796408,0.620344841415885,0.0302458344598382,30
132,"gfdl-esm4 ssp585","shock_0.25",0.99999992354905,0.836237336283495,0.21028988318588,30
132,"ipsl-cm6a-lr ssp126","shock_0.25",0.99981579401965,0.638904030615997,0.083946881291558,30
132,"ipsl-cm6a-lr ssp585","shock_0.25",1,0.999363907004377,0.853836753579012,30
135,"gfdl-esm4 ssp126","shock_0.25",0.999997906168918,0.875634280523648,0.247593489918174,30
135,"gfdl-esm4 ssp585","shock_0.25",0.999998836302475,0.884908366465496,0.247268838351611,30
135,"ipsl-cm6a-lr ssp126","shock_0.25",0.99999539256535,0.767460734770016,0.161318613306032,30
135,"ipsl-cm6a-lr ssp585","shock_0.25",0.999999591228576,0.875927528235291,0.182577813006176,30
136,"gfdl-esm4 ssp126","shock_0.25",0.999885480235066,0.766821496900421,0.180796482605654,30
136,"gfdl-esm4 ssp585","shock_0.25",1,0.918789785539497,0.37175645000506,30
136,"ipsl-cm6a-lr ssp126","shock_0.25",0.999751866164789,0.386339247935263,0.0158251513064001,30
136,"ipsl-cm6a-lr ssp585","shock_0.25",1,0.885323803393085,0.198444607858868,30
137,"gfdl-esm4 ssp126","shock_0.25",1,0.700706400963015,0.0209267316042854,30
137,"gfdl-esm4 ssp585","shock_0.25",1,0.702916500754878,0.109861095362255,30
137,"ipsl-cm6a-lr ssp126","shock_0.25",0.999990089280576,0.768009528355468,0.122062679710759,30
137,"ipsl-cm6a-lr ssp585","shock_0.25",0.999999998949789,0.995685462899948,0.710669020512121,30
140,"gfdl-esm4 ssp126","shock_0.25",0.999856493103804,0.55623285962019,0.0378687838772785,30
140,"gfdl-esm4 ssp585","shock_0.25",0.999996476344602,0.834353967311891,0.162576845578653,30
140,"ipsl-cm6a-lr ssp126","shock_0.25",0.99999532959111,0.6325045839285,0.0287162291418974,30
140,"ipsl-cm6a-lr ssp585","shock_0.25",0.999999124831231,0.747448748251556,0.128171549003852,30
141,"gfdl-esm4 ssp126","shock_0.25",1,0.469701729468563,0.0188583120197583,30
141,"gfdl-esm4 ssp585","shock_0.25",1,0.435135094963036,0.0419360310174053,30
141,"ipsl-cm6a-lr ssp126","shock_0.25",1,0.433810293955043,0.0438601019910214,30
141,"ipsl-cm6a-lr ssp585","shock_0.25",1,0.651029051383639,0.0420365326582715,30
145,"gfdl-esm4 ssp126","shock_0.25",1,0.722754812491059,0.0182079062457069,30
145,"gfdl-esm4 ssp585","shock_0.25",0.999997797365525,0.713393682673134,0.109861095362255,30
145,"ipsl-cm6a-lr ssp126","shock_0.25",1,0.835432226098121,0.103282498414057,30
145,"ipsl-cm6a-lr ssp585","shock_0.25",1,0.998897153393599,0.758408826661537,30
146,"gfdl-esm4 ssp126","shock_0.25",0.99907432086268,0.512438005123617,0.0350622544443709,30
146,"gfdl-esm4 ssp585","shock_0.25",0.999988906139959,0.601822999244727,0.0450041478794666,30
146,"ipsl-cm6a-lr ssp126","shock_0.25",0.999954877335453,0.770991379363422,0.135176976911593,30
146,"ipsl-cm6a-lr ssp585","shock_0.25",1,0.766807696351119,0.155376803671684,30
147,"gfdl-esm4 ssp126","shock_0.25",1,0.532890942108924,0.0503453069619713,30
147,"gfdl-esm4 ssp585","shock_0.25",1,0.836616723564152,0.107181466801282,30
147,"ipsl-cm6a-lr ssp126","shock_0.25",1,0.352884048102544,0.00550798914599993,30
147,"ipsl-cm6a-lr ssp585","shock_0.25",1,0.742756099316104,0.210518898469783,30
149,"gfdl-esm4 ssp126","shock_0.25",0.999796544062841,0.729219015646101,0.14348258608398,30
149,"gfdl-esm4 ssp585","shock_0.25",0.999904703014941,0.622780902430684,0.0607428259844952,30
149,"ipsl-cm6a-lr ssp126","shock_0.25",0.998894571428323,0.327025387354529,0.018792021010306,30
149,"ipsl-cm6a-lr ssp585","shock_0.25",1,0.943995544895444,0.249572810275971,30
151,"gfdl-esm4 ssp126","shock_0.25",0.99884733020289,0.446782727581485,0.0282840844653426,30
151,"gfdl-esm4 ssp585","shock_0.25",1,0.97710762295456,0.467674932677531,30
151,"ipsl-cm6a-lr ssp126","shock_0.25",1,0.996929155357649,0.806038317477417,30
151,"ipsl-cm6a-lr ssp585","shock_0.25",1,0.957385476771596,0.345207830090091,30
152,"gfdl-esm4 ssp126","shock_0.25",0.999985351172525,0.818153525151169,0.174569804125801,30
152,"gfdl-esm4 ssp585","shock_0.25",1,0.562186703383218,0.043306626082696,30
152,"ipsl-cm6a-lr ssp126","shock_0.25",1,0.453941792438069,0.0286041008002025,30
152,"ipsl-cm6a-lr ssp585","shock_0.25",1,0.893373514209667,0.235380905097439,30
188,"gfdl-esm4 ssp126","shock_0.25",1,0.507720564435736,0.0141783745619204,30
188,"gfdl-esm4 ssp585","shock_0.25",1,0.500940741918803,0.0361490902975622,30
188,"ipsl-cm6a-lr ssp126","shock_0.25",1,0.630129216840392,0.0654912143735519,30
188,"ipsl-cm6a-lr ssp585","shock_0.25",1,0.78349472127345,0.20975096285631,30
579,"gfdl-esm4 ssp126","shock_0.25",0.999985442722267,0.709904866671111,0.0946652390653612,30
579,"gfdl-esm4 ssp585","shock_0.25",0.999989752640442,0.677063871646511,0.0282505055313239,30
579,"ipsl-cm6a-lr ssp126","shock_0.25",0.999964625415363,0.730217966197073,0.111652409386947,30
579,"ipsl-cm6a-lr ssp585","shock_0.25",0.999950234254348,0.740933462168187,0.115720544435705,30
582,"gfdl-esm4 ssp126","shock_0.25",0.993469652992,0.306111,0,30
582,"gfdl-esm4 ssp585","shock_0.25",1,0,0,30
582,"ipsl-cm6a-lr ssp126","shock_0.25",1,0.2959744,0,30
582,"ipsl-cm6a-lr ssp585","shock_0.25",1,0.1168,0,30
583,"gfdl-esm4 ssp126","shock_0.25",0.999930524845912,0.58648021230414,0.0650007310691038,30
583,"gfdl-esm4 ssp585","shock_0.25",0.999996430972848,0.88705246549969,0.200970427984071,30
583,"ipsl-cm6a-lr ssp126","shock_0.25",0.99999376493186,0.957285798738739,0.490166616842799,30
583,"ipsl-cm6a-lr ssp585","shock_0.25",0.999896897321102,0.562967614273588,0.0237237900046818,30
620,"gfdl-esm4 ssp126","shock_0.25",0.999920041141751,0.875324133304688,0.310210886803217,30
620,"gfdl-esm4 ssp585","shock_0.25",1,0.690111597418695,0.0507715529916339,30
620,"ipsl-cm6a-lr ssp126","shock_0.25",0.999861604305166,0.609585843345723,0.0682027269112435,30
620,"ipsl-cm6a-lr ssp585","shock_0.25",1,0.500657826653164,0.0409222895781959,30
640,"gfdl-esm4 ssp126","shock_0.25",0.999998916219837,0.887749902226946,0.207304971363093,30
640,"gfdl-esm4 ssp585","shock_0.25",0.999998079502323,0.836096637036118,0.171692611133653,30
640,"ipsl-cm6a-lr ssp126","shock_0.25",1,0.593434043314096,0.0257652062079716,30
640,"ipsl-cm6a-lr ssp585","shock_0.25",0.999996267643302,0.732908232190615,0.127024021507943,30
755,"gfdl-esm4 ssp126","shock_0.25",0.99969355773771,0.644721373264433,0.0742580355461239,30
755,"gfdl-esm4 ssp585","shock_0.25",1,0.905153540994635,0.192731540981145,30
755,"ipsl-cm6a-lr ssp126","shock_0.25",1,0.761278420713915,0.127161343576069,30
755,"ipsl-cm6a-lr ssp585","shock_0.25",0.999999893439312,0.878762859572315,0.189397840609315,30
762,"gfdl-esm4 ssp126","shock_0.25",0.999989288766091,0.82444888373485,0.195048657053637,30
762,"gfdl-esm4 ssp585","shock_0.25",1,0.457957887063909,0.00856623603618001,30
762,"ipsl-cm6a-lr ssp126","shock_0.25",0.999971599980378,0.581321484353763,0.0434660668489304,30
762,"ipsl-cm6a-lr ssp585","shock_0.25",1,0.766702303409926,0.0703936203946164,30
764,"gfdl-esm4 ssp126","shock_0.25",0.99890713924821,0.484476891745121,0.0417669855003878,30
764,"gfdl-esm4 ssp585","shock_0.25",1,0.961444931377772,0.49887626100246,30
764,"ipsl-cm6a-lr ssp126","shock_0.25",0.999999935774552,0.984857574947766,0.710061499800992,30
764,"ipsl-cm6a-lr ssp585","shock_0.25",0.999998835683726,0.866144536790341,0.214130761152707,30
838,"gfdl-esm4 ssp126","shock_0.25",0.999980998062619,0.770877466567353,0.178745278266711,30
838,"gfdl-esm4 ssp585","shock_0.25",0.99977353914278,0.686373360956813,0.160619619307584,30
838,"ipsl-cm6a-lr ssp126","shock_0.25",1,0.440050057939287,0.0207087806146496,30
838,"ipsl-cm6a-lr ssp585","shock_0.25",0.999997651978943,0.834028410312675,0.156392082413889,30
857,"gfdl-esm4 ssp126","shock_0.25",0.999946084156543,0.570031394248056,0.0396878112760145,30
857,"gfdl-esm4 ssp585","shock_0.25",0.999166067744295,0.497621665413944,0.0229117604341452,30
857,"ipsl-cm6a-lr ssp126","shock_0.25",0.999988207882211,0.738473677241478,0.11045023917535,30
857,"ipsl-cm6a-lr ssp585","shock_0.25",0.999925016734415,0.711030896949998,0.131344412830262,30
863,"gfdl-esm4 ssp126","shock_0.25",1,0.785923162677512,0.204564335047349,30
863,"gfdl-esm4 ssp585","shock_0.25",1,0.792253829236525,0.13429041954124,30
863,"ipsl-cm6a-lr ssp126","shock_0.25",0.999999605012104,0.883589532788204,0.201962268933349,30
863,"ipsl-cm6a-lr ssp585","shock_0.25",1,0.920195629561828,0.204536550725192,30
869,"gfdl-esm4 ssp126","shock_0.25",0.999998265595727,0.817181319573328,0.146257902925071,30
869,"gfdl-esm4 ssp585","shock_0.25",1,0.93743274822315,0.382576647947991,30
869,"ipsl-cm6a-lr ssp126","shock_0.25",0.997694158427335,0.449306467520197,0.0632278385455497,30
869,"ipsl-cm6a-lr ssp585","shock_0.25",0.999999999963784,0.99917711227938,0.848655155606739,30
878,"gfdl-esm4 ssp126","shock_0.25",1,0.548516001812029,0.0374390210226901,30
878,"gfdl-esm4 ssp585","shock_0.25",1,0.956028795856686,0.445804032301888,30
878,"ipsl-cm6a-lr ssp126","shock_0.25",1,0.996267688722448,0.845506684859695,30
878,"ipsl-cm6a-lr ssp585","shock_0.25",1,0.967941959194477,0.435362632793393,30
889,"gfdl-esm4 ssp126","shock_0.25",0.999942090846808,0.876652750411529,0.210768680927882,30
889,"gfdl-esm4 ssp585","shock_0.25",1,0.921094798615619,0.207401275324985,30
889,"ipsl-cm6a-lr ssp126","shock_0.25",1,0.853611777750085,0.195621842087074,30
889,"ipsl-cm6a-lr ssp585","shock_0.25",0.999998682697326,0.746249418992556,0.0920566217712784,30
901,"gfdl-esm4 ssp126","shock_0.25",1,0.834862901606102,0.0429555173110054,30
901,"gfdl-esm4 ssp585","shock_0.25",0.999281328834255,0.555244084380589,0.0474754552297727,30
901,"ipsl-cm6a-lr ssp126","shock_0.25",1,0.807371447193132,0.137192982639089,30
901,"ipsl-cm6a-lr ssp585","shock_0.25",0.999955476220498,0.64247335461775,0.0327490834007217,30
909,"gfdl-esm4 ssp126","shock_0.25",0.999873337474332,0.634172494512124,0.067686469741546,30
909,"gfdl-esm4 ssp585","shock_0.25",1,0.563882940038116,0.0507556661893351,30
909,"ipsl-cm6a-lr ssp126","shock_0.25",0.999977988382691,0.752418308713449,0.12616049241213,30
909,"ipsl-cm6a-lr ssp585","shock_0.25",1,0.694723493219966,0.0788156915095342,30
910,"gfdl-esm4 ssp126","shock_0.25",0.999939344676111,0.526019519589412,0.0257950438936362,30
910,"gfdl-esm4 ssp585","shock_0.25",1,0.832096069792318,0.213730331626962,30
910,"ipsl-cm6a-lr ssp126","shock_0.25",1,0.840619453772067,0.18716693162013,30
910,"ipsl-cm6a-lr ssp585","shock_0.25",0.999984254161292,0.737183590044086,0.110413046089002,30
922,"gfdl-esm4 ssp126","shock_0.25",0.999939952580424,0.512479464204559,0.0238233642771565,30
922,"gfdl-esm4 ssp585","shock_0.25",0.997977762170956,0.420797521524904,0.0148394074966166,30
922,"ipsl-cm6a-lr ssp126","shock_0.25",1,0.669864248833719,0.096031813526352,30
922,"ipsl-cm6a-lr ssp585","shock_0.25",1,0.825052585077522,0.172608677854827,30
948,"gfdl-esm4 ssp126","shock_0.25",0.999998227450328,0.811941304345447,0.162694131051567,30
948,"gfdl-esm4 ssp585","shock_0.25",0.999999759679618,0.921603511006933,0.191877125441555,30
948,"ipsl-cm6a-lr ssp126","shock_0.25",1,0.425423269200887,0.0175296330868316,30
948,"ipsl-cm6a-lr ssp585","shock_0.25",0.999986536869119,0.647497135467759,0.070788186952709,30
966,"gfdl-esm4 ssp126","shock_0.25",0.999888139371049,0.668206697384675,0.122706201989022,30
966,"gfdl-esm4 ssp585","shock_0.25",0.999417693102141,0.547723356008765,0.0434495308214941,30
966,"ipsl-cm6a-lr ssp126","shock_0.25",1,0.60201569193445,0.0442251541749489,30
966,"ipsl-cm6a-lr ssp585","shock_0.25",1,0.71786971740801,0.138942608929532,30
983,"gfdl-esm4 ssp126","shock_0.25",1,0.57208592929292,0.038442524874929,30
983,"gfdl-esm4 ssp585","shock_0.25",0.999999668683505,0.924257263109544,0.264087773763923,30
983,"ipsl-cm6a-lr ssp126","shock_0.25",1,0.502041773071748,0.0114039381598546,30
983,"ipsl-cm6a-lr ssp585","shock_0.25",1,0.624331080880088,0.0621277636677816,30
1009,"gfdl-esm4 ssp126","shock_0.25",1,0.693601853209109,0.0277446602322839,30
1009,"gfdl-esm4 ssp585","shock_0.25",0.99999697602223,0.880994288560941,0.159133665476947,30
1009,"ipsl-cm6a-lr ssp126","shock_0.25",0.999957571354503,0.556588221718037,0.0314317331403334,30
1009,"ipsl-cm6a-lr ssp585","shock_0.25",1,0.655725919168035,0.0882033786201116,30
1026,"gfdl-esm4 ssp126","shock_0.25",1,0.926330972539214,0.327780028223976,30
1026,"gfdl-esm4 ssp585","shock_0.25",1,0.757379337936528,0.112038709897248,30
1026,"ipsl-cm6a-lr ssp126","shock_0.25",1,0.7903350414606,0.170675913810918,30
1026,"ipsl-cm6a-lr ssp585","shock_0.25",0.999940116582822,0.644075186130732,0.0686971396421977,30
1087,"gfdl-esm4 ssp126","shock_0.25",0.999996696690772,0.923233330248192,0.356566710600155,30
1087,"gfdl-esm4 ssp585","shock_0.25",1,0.99105774977837,0.72756454831003,30
1087,"ipsl-cm6a-lr ssp126","shock_0.25",1,0.513232905290263,0.0509637559685693,30
1087,"ipsl-cm6a-lr ssp585","shock_0.25",0.999942165176883,0.596887066477865,0.0634486620650557,30
1096,"gfdl-esm4 ssp126","shock_0.25",0.999963241462728,0.927674527496847,0.566162510740392,30
1096,"gfdl-esm4 ssp585","shock_0.25",1,0.994370305246833,0.54607818243828,30
1096,"ipsl-cm6a-lr ssp126","shock_0.25",1,0.585630284432437,0.0292586060753925,30
1096,"ipsl-cm6a-lr ssp585","shock_0.25",0.999999911467859,0.888610250778129,0.209634160640693,30
1097,"gfdl-esm4 ssp126","shock_0.25",0.999533715396877,0.431269509317456,0.0201510371573653,30
1097,"gfdl-esm4 ssp585","shock_0.25",1,0.830634231412831,0.118655890884722,30
1097,"ipsl-cm6a-lr ssp126","shock_0.25",1,0.672497051106884,0.0418179912553872,30
1097,"ipsl-cm6a-lr ssp585","shock_0.25",0.999999571253972,0.803315496687046,0.0984782925506511,30
1098,"gfdl-esm4 ssp126","shock_0.25",0.996658822240848,0.311529152862385,0.00856623603617968,30
1098,"gfdl-esm4 ssp585","shock_0.25",1,0.935438121436731,0.277944002664275,30
1098,"ipsl-cm6a-lr ssp126","shock_0.25",0.9999998457802,0.964426269859328,0.456875439023964,30
1098,"ipsl-cm6a-lr ssp585","shock_0.25",1,0.960685559902765,0.431424536495582,30
1101,"gfdl-esm4 ssp126","shock_0.25",0.999874944020761,0.712604018083533,0.156828061755644,30
1101,"gfdl-esm4 ssp585","shock_0.25",1,0.968479018504034,0.355425903951735,30
1101,"ipsl-cm6a-lr ssp126","shock_0.25",1,0.830136669731008,0.162129065745787,30
1101,"ipsl-cm6a-lr ssp585","shock_0.25",1,0.925151947252336,0.325851644264189,30
1111,"gfdl-esm4 ssp126","shock_0.25",0.999103639641035,0.348704261631999,0.0149499999999995,30
1111,"gfdl-esm4 ssp585","shock_0.25",0.997976090018285,0.22790263037839,0.00349749999999938,30
1111,"ipsl-cm6a-lr ssp126","shock_0.25",1,0.31785510448,0.0199999999999997,30
1111,"ipsl-cm6a-lr ssp585","shock_0.25",0.999717998789769,0.524905678904668,0.028093939483724,30
1115,"gfdl-esm4 ssp126","shock_0.25",1,0.664402885274336,0.105869376918655,30
1115,"gfdl-esm4 ssp585","shock_0.25",1,0.596442388446809,0.0264384384401393,30
1115,"ipsl-cm6a-lr ssp126","shock_0.25",1,0.36463738168383,0.0124671042952766,30
1115,"ipsl-cm6a-lr ssp585","shock_0.25",1,0.821516088539698,0.116680386812038,30
1144,"gfdl-esm4 ssp126","shock_0.25",0.998776169323226,0.537176170915102,0.0806199999999992,30
1144,"gfdl-esm4 ssp585","shock_0.25",0.996626816697142,0.135389283738399,0.00349749999999982,30
1144,"ipsl-cm6a-lr ssp126","shock_0.25",1,0.230279689123297,0.00666599999999928,30
1144,"ipsl-cm6a-lr ssp585","shock_0.25",1,0.560463612813164,0.0295276659189369,30
1145,"gfdl-esm4 ssp126","shock_0.25",0.999282911712828,0.47665891036864,0.0346509999999995,30
1145,"gfdl-esm4 ssp585","shock_0.25",1,0.307305334520888,0.00748350999999947,30
1145,"ipsl-cm6a-lr ssp126","shock_0.25",0.993573865934303,0.194661742555912,0.00599199999999922,30
1145,"ipsl-cm6a-lr ssp585","shock_0.25",1,0.686551547050886,0.11049869838093,30
1170,"gfdl-esm4 ssp126","shock_0.25",0.999996165500578,0.943408226686669,0.38190047567105,30
1170,"gfdl-esm4 ssp585","shock_0.25",0.999740657697073,0.478376382818182,0.0512221467178099,30
1170,"ipsl-cm6a-lr ssp126","shock_0.25",0.99953033693761,0.541909896458857,0.0540009856943647,30
1170,"ipsl-cm6a-lr ssp585","shock_0.25",1,0.996609025384245,0.742767565235007,30
1173,"gfdl-esm4 ssp126","shock_0.25",1,0.457582197417078,0.0145630632177548,30
1173,"gfdl-esm4 ssp585","shock_0.25",1,0.485422963668879,0.015314700927633,30
1173,"ipsl-cm6a-lr ssp126","shock_0.25",1,0.334175911836128,0.00340656157102237,30
1173,"ipsl-cm6a-lr ssp585","shock_0.25",1,0.591901180853803,0.0271155567746738,30
4,"gfdl-esm4 ssp126","shock_0.5",0.999997049166699,0.90939678770135,0.48352698953626,30
4,"gfdl-esm4 ssp585","shock_0.5",1,0.930051598122834,0.232649547240892,30
4,"ipsl-cm6a-lr ssp126","shock_0.5",0.998757477801735,0.55898460869316,0.0784578892292191,30
4,"ipsl-cm6a-lr ssp585","shock_0.5",1,0.970995459115549,0.385442190825445,30
6,"gfdl-esm4 ssp126","shock_0.5",1,0.801348953099199,0.176202416727104,30
6,"gfdl-esm4 ssp585","shock_0.5",1,0.909860838256372,0.271810484037062,30
6,"ipsl-cm6a-lr ssp126","shock_0.5",1,0.873732007020277,0.276934479397939,30
6,"ipsl-cm6a-lr ssp585","shock_0.5",1,0.999974399305793,0.923645530834493,30
7,"gfdl-esm4 ssp126","shock_0.5",0.999941463032224,0.58991724866142,0.0393143727647138,30
7,"gfdl-esm4 ssp585","shock_0.5",1,0.712960576898007,0.0992129504696114,30
7,"ipsl-cm6a-lr ssp126","shock_0.5",1,0.27838343919215,0.00990786185679904,30
7,"ipsl-cm6a-lr ssp585","shock_0.5",0.996092048620809,0.230031000850122,0.017858479784271,30
9,"gfdl-esm4 ssp126","shock_0.5",1,0.485442607658516,0.00504561056868325,30
9,"gfdl-esm4 ssp585","shock_0.5",1,0.427596772868094,0.0335284063885503,30
9,"ipsl-cm6a-lr ssp126","shock_0.5",1,0.208099218129552,0,30
9,"ipsl-cm6a-lr ssp585","shock_0.5",1,0.552563382562092,0.0581112751887419,30
16,"gfdl-esm4 ssp126","shock_0.5",1,0.532061177850808,0.0226618210744807,30
16,"gfdl-esm4 ssp585","shock_0.5",1,0.894418716215197,0.290195666489683,30
16,"ipsl-cm6a-lr ssp126","shock_0.5",0.999999035232774,0.931497296757011,0.431049673890253,30
16,"ipsl-cm6a-lr ssp585","shock_0.5",0.999171100956757,0.409222586412263,0.0140663441761992,30
17,"gfdl-esm4 ssp126","shock_0.5",0.999989118951721,0.588356837557816,0.0571022638741072,30
17,"gfdl-esm4 ssp585","shock_0.5",0.996559994300915,0.293634813830702,0.0120190267707035,30
17,"ipsl-cm6a-lr ssp126","shock_0.5",1,0.60622554064844,0.0678148343317828,30
17,"ipsl-cm6a-lr ssp585","shock_0.5",1,0.554364231754695,0.028734303268,30
27,"gfdl-esm4 ssp126","shock_0.5",0.99999757330094,0.91788318949041,0.315209971731093,30
27,"gfdl-esm4 ssp585","shock_0.5",0.999999848581616,0.980625210117532,0.678289409687383,30
27,"ipsl-cm6a-lr ssp126","shock_0.5",0.999804194415459,0.257972028252699,0.00504949500000007,30
27,"ipsl-cm6a-lr ssp585","shock_0.5",0.99971287299098,0.500430288084452,0.033040365890819,30
36,"gfdl-esm4 ssp126","shock_0.5",1,0.673213948520618,0.00183599638199994,30
36,"gfdl-esm4 ssp585","shock_0.5",1,0.635723351061729,0.0760194988855982,30
36,"ipsl-cm6a-lr ssp126","shock_0.5",1,0.780432445399608,0.183082352677359,30
36,"ipsl-cm6a-lr ssp585","shock_0.5",1,0.725089385326183,0.0743217395177885,30
46,"gfdl-esm4 ssp126","shock_0.5",0.999152149300154,0.422345046022422,0.0125982401002449,30
46,"gfdl-esm4 ssp585","shock_0.5",0.999867244376573,0.562434133734443,0.0271547986449868,30
46,"ipsl-cm6a-lr ssp126","shock_0.5",1,0.886207699531184,0.119591816233157,30
46,"ipsl-cm6a-lr ssp585","shock_0.5",1,0.952075892061093,0.313362861425441,30
52,"gfdl-esm4 ssp126","shock_0.5",0.99998033023274,0.725338990093054,0.18053764289051,30
52,"gfdl-esm4 ssp585","shock_0.5",1,0.990169208325435,0.680102904129074,30
52,"ipsl-cm6a-lr ssp126","shock_0.5",1,0.622688004501625,0.0773047406549983,30
52,"ipsl-cm6a-lr ssp585","shock_0.5",1,0.999914752842512,0.927198748034547,30
94,"gfdl-esm4 ssp126","shock_0.5",1,0.885762518640343,0.278004666830998,30
94,"gfdl-esm4 ssp585","shock_0.5",1,0.464736265284494,0.0432974918040364,30
94,"ipsl-cm6a-lr ssp126","shock_0.5",1,0.548664170910297,0.0408148058564378,30
94,"ipsl-cm6a-lr ssp585","shock_0.5",1,0.828402190006441,0.0695254661555164,30
95,"gfdl-esm4 ssp126","shock_0.5",1,0.321150742714608,0.0151623500826634,30
95,"gfdl-esm4 ssp585","shock_0.5",1,0.492868379523771,0.0136893270405006,30
95,"ipsl-cm6a-lr ssp126","shock_0.5",0.999369386508001,0.681185240814461,0.159015815887062,30
95,"ipsl-cm6a-lr ssp585","shock_0.5",0.999744512403134,0.527855110388796,0.0333266524742922,30
97,"gfdl-esm4 ssp126","shock_0.5",0.99950469265833,0.474722745480346,0.0547762316706413,30
97,"gfdl-esm4 ssp585","shock_0.5",0.999964079114246,0.542311158698711,0.0335747008711422,30
97,"ipsl-cm6a-lr ssp126","shock_0.5",0.999927131158628,0.619946057281311,0.114041635511585,30
97,"ipsl-cm6a-lr ssp585","shock_0.5",1,0.694378795419143,0.0669194802031041,30
98,"gfdl-esm4 ssp126","shock_0.5",0.94195247104,0.12,0.00999999999999979,30
98,"gfdl-esm4 ssp585","shock_0.5",0.9846944992,0.0879999999999997,-2.22044604925031e-16,30
98,"ipsl-cm6a-lr ssp126","shock_0.5",1,0.0333399999999998,-2.22044604925031e-16,30
98,"ipsl-cm6a-lr ssp585","shock_0.5",0.983205183665926,0.1040128,0,30
99,"gfdl-esm4 ssp126","shock_0.5",0.999959615763892,0.64463711181874,0.0338160758748053,30
99,"gfdl-esm4 ssp585","shock_0.5",0.99981454684688,0.521482026622481,0.0710204850081135,30
99,"ipsl-cm6a-lr ssp126","shock_0.5",0.997168272065005,0.26981938743096,0.0154011998189411,30
99,"ipsl-cm6a-lr ssp585","shock_0.5",1,0.764608436443283,0.0492671141579228,30
120,"gfdl-esm4 ssp126","shock_0.5",0.999993978760796,0.797562087066057,0.202539214576129,30
120,"gfdl-esm4 ssp585","shock_0.5",1,0.932106324594715,0.333658146169816,30
120,"ipsl-cm6a-lr ssp126","shock_0.5",1,0.744207543735549,0.116095789744013,30
120,"ipsl-cm6a-lr ssp585","shock_0.5",0.999999999999446,0.99988232293405,0.930100886833678,30
121,"gfdl-esm4 ssp126","shock_0.5",1,0.387269774047011,0.0139775757705491,30
121,"gfdl-esm4 ssp585","shock_0.5",1,0.854549738379398,0.114416867617796,30
121,"ipsl-cm6a-lr ssp126","shock_0.5",1,0.70778406048444,0.0450119439646186,30
121,"ipsl-cm6a-lr ssp585","shock_0.5",1,0.747469189817252,0.0697018717255986,30
123,"gfdl-esm4 ssp126","shock_0.5",1,0.713511382621607,0.091225772987087,30
123,"gfdl-esm4 ssp585","shock_0.5",1,0.899394302295299,0.279900833911037,30
123,"ipsl-cm6a-lr ssp126","shock_0.5",1,0.816521699383205,0.205068450873747,30
123,"ipsl-cm6a-lr ssp585","shock_0.5",1,0.99963700445065,0.859167234364468,30
124,"gfdl-esm4 ssp126","shock_0.5",1,0.55651626352198,0.0288370009210386,30
124,"gfdl-esm4 ssp585","shock_0.5",1,0.740479144600823,0.0411888625857751,30
124,"ipsl-cm6a-lr ssp126","shock_0.5",1,0.441602096574493,0.00536230382424452,30
124,"ipsl-cm6a-lr ssp585","shock_0.5",0.999943020834514,0.713585683763261,0.114981668164069,30
127,"gfdl-esm4 ssp126","shock_0.5",1,0.948128970023976,0.515069227370658,30
127,"gfdl-esm4 ssp585","shock_0.5",0.999999998017497,0.997902765540299,0.845115192191459,30
127,"ipsl-cm6a-lr ssp126","shock_0.5",1,0.841716313608783,0.149765834337465,30
127,"ipsl-cm6a-lr ssp585","shock_0.5",1,0.995780993914819,0.628567995890149,30
128,"gfdl-esm4 ssp126","shock_0.5",0.999774899003715,0.553816576192919,0.0571275819431999,30
128,"gfdl-esm4 ssp585","shock_0.5",1,0.75412816230807,0.0727307438913263,30
128,"ipsl-cm6a-lr ssp126","shock_0.5",0.999883685049299,0.563257159943525,0.0513588489134976,30
128,"ipsl-cm6a-lr ssp585","shock_0.5",0.999973042379194,0.464228312239887,0.0330613750560323,30
130,"gfdl-esm4 ssp126","shock_0.5",1,0.952864849765509,0.401142720410772,30
130,"gfdl-esm4 ssp585","shock_0.5",0.999983822915581,0.738146753309911,0.0804115779017295,30
130,"ipsl-cm6a-lr ssp126","shock_0.5",1,0.907320731710534,0.237655591446435,30
130,"ipsl-cm6a-lr ssp585","shock_0.5",1,0.903391894813479,0.218669593727246,30
132,"gfdl-esm4 ssp126","shock_0.5",0.999972392251868,0.640754513961455,0.0269292521814813,30
132,"gfdl-esm4 ssp585","shock_0.5",0.999999941324914,0.807052924495488,0.176953574559447,30
132,"ipsl-cm6a-lr ssp126","shock_0.5",1,0.760257701340256,0.163006768285801,30
132,"ipsl-cm6a-lr ssp585","shock_0.5",1,0.999063368280679,0.845285464444525,30
135,"gfdl-esm4 ssp126","shock_0.5",0.999999562308082,0.927041252510423,0.268744522053258,30
135,"gfdl-esm4 ssp585","shock_0.5",0.999999864583706,0.916317921581979,0.26106895629411,30
135,"ipsl-cm6a-lr ssp126","shock_0.5",0.999988277224685,0.711905840147032,0.119993687047733,30
135,"ipsl-cm6a-lr ssp585","shock_0.5",0.999998569060698,0.849589534323382,0.200702006299234,30
136,"gfdl-esm4 ssp126","shock_0.5",0.999957834922562,0.731663946719693,0.100740610050419,30
136,"gfdl-esm4 ssp585","shock_0.5",1,0.857094218547293,0.245425672704177,30
136,"ipsl-cm6a-lr ssp126","shock_0.5",0.995676616761807,0.305917725578984,0.0115964931484892,30
136,"ipsl-cm6a-lr ssp585","shock_0.5",1,0.893700232507644,0.198735410180036,30
137,"gfdl-esm4 ssp126","shock_0.5",1,0.750285476622364,0.038900766047922,30
137,"gfdl-esm4 ssp585","shock_0.5",1,0.772888698911846,0.099711673531662,30
137,"ipsl-cm6a-lr ssp126","shock_0.5",0.999884176432651,0.69034905336442,0.108688059447182,30
137,"ipsl-cm6a-lr ssp585","shock_0.5",0.999999995110995,0.994138386653832,0.732393888774463,30
140,"gfdl-esm4 ssp126","shock_0.5",0.999964837935776,0.513356160721872,0.023594859706062,30
140,"gfdl-esm4 ssp585","shock_0.5",0.999997063658019,0.861872029389249,0.184136981019612,30
140,"ipsl-cm6a-lr ssp126","shock_0.5",0.99998332298414,0.619512389201362,0.0126839135639366,30
140,"ipsl-cm6a-lr ssp585","shock_0.5",0.999998363346983,0.758070260444461,0.120712723935495,30
141,"gfdl-esm4 ssp126","shock_0.5",1,0.464679695482298,0.024819544282594,30
141,"gfdl-esm4 ssp585","shock_0.5",1,0.762987791418061,0.215873017813322,30
141,"ipsl-cm6a-lr ssp126","shock_0.5",1,0.460782448023581,0.0414337565314604,30
141,"ipsl-cm6a-lr ssp585","shock_0.5",1,0.836990163404232,0.155992686097174,30
145,"gfdl-esm4 ssp126","shock_0.5",1,0.854241068526562,0.182049655992105,30
145,"gfdl-esm4 ssp585","shock_0.5",0.999998238043096,0.661850784070954,0.0637044466885983,30
145,"ipsl-cm6a-lr ssp126","shock_0.5",1,0.878438929076974,0.239470947363391,30
145,"ipsl-cm6a-lr ssp585","shock_0.5",1,0.998181426008612,0.756342582426823,30
146,"gfdl-esm4 ssp126","shock_0.5",0.999751467054463,0.526035367248616,0.0259959625493258,30
146,"gfdl-esm4 ssp585","shock_0.5",0.999925909796046,0.471617973036739,0.0207257808206703,30
146,"ipsl-cm6a-lr ssp126","shock_0.5",0.999917740451142,0.735378597431124,0.122200063478979,30
146,"ipsl-cm6a-lr ssp585","shock_0.5",1,0.733784585659487,0.121264205281224,30
147,"gfdl-esm4 ssp126","shock_0.5",1,0.765585984578998,0.108051293811381,30
147,"gfdl-esm4 ssp585","shock_0.5",1,0.777187589527935,0.0909838806992249,30
147,"ipsl-cm6a-lr ssp126","shock_0.5",1,0.499388365316731,0.0289822589961681,30
147,"ipsl-cm6a-lr ssp585","shock_0.5",1,0.783806459292705,0.179403646155174,30
149,"gfdl-esm4 ssp126","shock_0.5",0.999740982654766,0.707402615178164,0.130804567201027,30
149,"gfdl-esm4 ssp585","shock_0.5",0.999762025395663,0.534095978006295,0.0275137733700962,30
149,"ipsl-cm6a-lr ssp126","shock_0.5",0.998365209557467,0.254506958461445,0.00504337562405877,30
149,"ipsl-cm6a-lr ssp585","shock_0.5",1,0.835393628313654,0.101848635992411,30
151,"gfdl-esm4 ssp126","shock_0.5",0.997338041926059,0.385002289557631,0.0160728938822605,30
151,"gfdl-esm4 ssp585","shock_0.5",1,0.983474261314784,0.543327168232754,30
151,"ipsl-cm6a-lr ssp126","shock_0.5",1,0.986520069412323,0.678001839166249,30
151,"ipsl-cm6a-lr ssp585","shock_0.5",1,0.960619776427904,0.409115206129006,30
152,"gfdl-esm4 ssp126","shock_0.5",0.999985080600915,0.794438602217161,0.14851026820582,30
152,"gfdl-esm4 ssp585","shock_0.5",1,0.644795363657988,0.0411814414908981,30
152,"ipsl-cm6a-lr ssp126","shock_0.5",1,0.362371854403105,0.0149929418678177,30
152,"ipsl-cm6a-lr ssp585","shock_0.5",1,0.772971014295195,0.14541611512134,30
188,"gfdl-esm4 ssp126","shock_0.5",1,0.389881453573227,0.0108543326893309,30
188,"gfdl-esm4 ssp585","shock_0.5",1,0.520315408310995,0.000826280999999929,30
188,"ipsl-cm6a-lr ssp126","shock_0.5",1,0.597763994896861,0.0735267350444105,30
188,"ipsl-cm6a-lr ssp585","shock_0.5",1,0.880224856108136,0.246885300109525,30
579,"gfdl-esm4 ssp126","shock_0.5",0.999965421094677,0.679126512324651,0.0827209762517748,30
579,"gfdl-esm4 ssp585","shock_0.5",0.999998213924314,0.852486669918593,0.119855396334021,30
579,"ipsl-cm6a-lr ssp126","shock_0.5",0.999979945883502,0.566038232230061,0.0582280249256854,30
579,"ipsl-cm6a-lr ssp585","shock_0.5",1,0.810611937062167,0.170392434787774,30
582,"gfdl-esm4 ssp126","shock_0.5",0.9977325184,0.313795,0,30
582,"gfdl-esm4 ssp585","shock_0.5",1,0,0,30
582,"ipsl-cm6a-lr ssp126","shock_0.5",1,0.13336,-2.22044604925031e-16,30
582,"ipsl-cm6a-lr ssp585","shock_0.5",1,0.2026912,-2.22044604925031e-16,30
583,"gfdl-esm4 ssp126","shock_0.5",0.999735783175843,0.643391556860967,0.080390660835535,30
583,"gfdl-esm4 ssp585","shock_0.5",0.999996698630089,0.763163576362171,0.147733555334829,30
583,"ipsl-cm6a-lr ssp126","shock_0.5",1,0.988339118603932,0.713204473144325,30
583,"ipsl-cm6a-lr ssp585","shock_0.5",0.999956652950912,0.623556212884526,0.0435124668758777,30
620,"gfdl-esm4 ssp126","shock_0.5",0.999955074282415,0.864890800380082,0.293967366441942,30
620,"gfdl-esm4 ssp585","shock_0.5",1,0.640771409665593,0.0330277355796785,30
620,"ipsl-cm6a-lr ssp126","shock_0.5",0.999426618724152,0.540902465161396,0.0709885159170279,30
620,"ipsl-cm6a-lr ssp585","shock_0.5",1,0.57654311346286,0.0534601351227934,30
640,"gfdl-esm4 ssp126","shock_0.5",0.999998935820364,0.903738046144307,0.253208089050946,30
640,"gfdl-esm4 ssp585","shock_0.5",0.999999374352992,0.890750685737033,0.225054941110261,30
640,"ipsl-cm6a-lr ssp126","shock_0.5",1,0.648342488038453,0.0496753675508724,30
640,"ipsl-cm6a-lr ssp585","shock_0.5",0.999964295321524,0.669461085784808,0.102065176418889,30
755,"gfdl-esm4 ssp126","shock_0.5",0.999400324748123,0.630934181973255,0.0832435305918081,30
755,"gfdl-esm4 ssp585","shock_0.5",1,0.935609268558763,0.228635344451014,30
755,"ipsl-cm6a-lr ssp126","shock_0.5",1,0.790731967565813,0.0955996497846519,30
755,"ipsl-cm6a-lr ssp585","shock_0.5",0.99999935018034,0.872482618890114,0.200497878774464,30
762,"gfdl-esm4 ssp126","shock_0.5",0.99997362073259,0.823923355138323,0.195809008423478,30
762,"gfdl-esm4 ssp585","shock_0.5",1,0.566212830533572,0.0356734202471436,30
762,"ipsl-cm6a-lr ssp126","shock_0.5",0.999950986335936,0.533336976332273,0.0467483204923603,30
762,"ipsl-cm6a-lr ssp585","shock_0.5",1,0.755685004333413,0.034588973321017,30
764,"gfdl-esm4 ssp126","shock_0.5",0.999185649442872,0.564065791767201,0.0756933646248393,30
764,"gfdl-esm4 ssp585","shock_0.5",0.999999852616843,0.975359061440038,0.577037790340617,30
764,"ipsl-cm6a-lr ssp126","shock_0.5",0.999999828199338,0.952772544494088,0.456855241733461,30
764,"ipsl-cm6a-lr ssp585","shock_0.5",0.999997023414908,0.862070883288729,0.197272928016013,30
838,"gfdl-esm4 ssp126","shock_0.5",0.999988989930978,0.786845686387782,0.18538867754143,30
838,"gfdl-esm4 ssp585","shock_0.5",0.999698998473521,0.623475874063646,0.128863740588018,30
838,"ipsl-cm6a-lr ssp126","shock_0.5",1,0.339309521341749,0.0158969495470824,30
838,"ipsl-cm6a-lr ssp585","shock_0.5",0.999964716759783,0.729664411774738,0.116512970866706,30
857,"gfdl-esm4 ssp126","shock_0.5",0.999935964990142,0.489835139754856,0.0280670246949754,30
857,"gfdl-esm4 ssp585","shock_0.5",0.999975193393243,0.792293902635802,0.121455499223486,30
857,"ipsl-cm6a-lr ssp126","shock_0.5",0.999830793390783,0.461417948646102,0.0412211710561161,30
857,"ipsl-cm6a-lr ssp585","shock_0.5",0.999818513719524,0.637251690006287,0.079843207730757,30
863,"gfdl-esm4 ssp126","shock_0.5",1,0.854682755850737,0.348282385677964,30
863,"gfdl-esm4 ssp585","shock_0.5",1,0.782310704976049,0.122369595227597,30
863,"ipsl-cm6a-lr ssp126","shock_0.5",1,0.892372575042161,0.198053621417916,30
863,"ipsl-cm6a-lr ssp585","shock_0.5",1,0.819400569978086,0.0823435902910287,30
869,"gfdl-esm4 ssp126","shock_0.5",0.99998823976718,0.740689744658973,0.161445799914946,30
869,"gfdl-esm4 ssp585","shock_0.5",1,0.907126104481921,0.294537495675841,30
869,"ipsl-cm6a-lr ssp126","shock_0.5",0.999843805520239,0.65815222919397,0.0907651629289453,30
869,"ipsl-cm6a-lr ssp585","shock_0.5",0.99999999999615,0.999815545702529,0.917300489560735,30
878,"gfdl-esm4 ssp126","shock_0.5",1,0.450700295904004,0.0160728938822605,30
878,"gfdl-esm4 ssp585","shock_0.5",1,0.973773549823009,0.498182887763244,30
878,"ipsl-cm6a-lr ssp126","shock_0.5",1,0.952123910105986,0.360576381029617,30
878,"ipsl-cm6a-lr ssp585","shock_0.5",1,0.985778334580294,0.596974699175402,30
889,"gfdl-esm4 ssp126","shock_0.5",0.999908040249194,0.848710647136673,0.253244668210057,30
889,"gfdl-esm4 ssp585","shock_0.5",1,0.91627893298907,0.194171274536982,30
889,"ipsl-cm6a-lr ssp126","shock_0.5",1,0.941246172874602,0.431212629428522,30
889,"ipsl-cm6a-lr ssp585","shock_0.5",0.999996344050893,0.680844150886612,0.0386983972505484,30
901,"gfdl-esm4 ssp126","shock_0.5",1,0.925860746832966,0.0972850387458455,30
901,"gfdl-esm4 ssp585","shock_0.5",0.999585275854688,0.567939225755703,0.0424841654083775,30
901,"ipsl-cm6a-lr ssp126","shock_0.5",0.999996645338298,0.615821333914116,0.033156819991159,30
901,"ipsl-cm6a-lr ssp585","shock_0.5",1,0.686246827164477,0.0420683564347131,30
909,"gfdl-esm4 ssp126","shock_0.5",0.999640651818987,0.490555981485021,0.0270282646577406,30
909,"gfdl-esm4 ssp585","shock_0.5",1,0.854655066778431,0.162569861608986,30
909,"ipsl-cm6a-lr ssp126","shock_0.5",0.999859636427096,0.539333125848135,0.057631360478661,30
909,"ipsl-cm6a-lr ssp585","shock_0.5",1,0.66001088212007,0.0495335622670039,30
910,"gfdl-esm4 ssp126","shock_0.5",0.99988615824329,0.470381536721702,0.0260999433082696,30
910,"gfdl-esm4 ssp585","shock_0.5",1,0.972354745546808,0.604088808435472,30
910,"ipsl-cm6a-lr ssp126","shock_0.5",1,0.649280687972047,0.0683865133901811,30
910,"ipsl-cm6a-lr ssp585","shock_0.5",0.999951817722051,0.656360252715155,0.0435170369471998,30
922,"gfdl-esm4 ssp126","shock_0.5",1,0.54597345757093,0.0292393429263058,30
922,"gfdl-esm4 ssp585","shock_0.5",0.999928224275697,0.759938798465797,0.113959076616726,30
922,"ipsl-cm6a-lr ssp126","shock_0.5",0.999955081859945,0.635816389587235,0.0328102867903111,30
922,"ipsl-cm6a-lr ssp585","shock_0.5",1,0.873121894911591,0.214384884292151,30
948,"gfdl-esm4 ssp126","shock_0.5",0.999972552673323,0.700423941116906,0.104528190612512,30
948,"gfdl-esm4 ssp585","shock_0.5",0.999999940260836,0.944724912627463,0.227963617800641,30
948,"ipsl-cm6a-lr ssp126","shock_0.5",1,0.349761963696349,0.0139046490651239,30
948,"ipsl-cm6a-lr ssp585","shock_0.5",0.999866349165162,0.546512959005979,0.0697020030947422,30
966,"gfdl-esm4 ssp126","shock_0.5",0.99994915375111,0.530321938646063,0.0438770752366512,30
966,"gfdl-esm4 ssp585","shock_0.5",0.999404784590706,0.524260337031489,0.0109169263964438,30
966,"ipsl-cm6a-lr ssp126","shock_0.5",1,0.52940784418726,0.0294699105777696,30
966,"ipsl-cm6a-lr ssp585","shock_0.5",1,0.778140469432053,0.198130351882263,30
983,"gfdl-esm4 ssp126","shock_0.5",1,0.468752386927755,0.0284701455729934,30
983,"gfdl-esm4 ssp585","shock_0.5",0.999999847292601,0.906977525286252,0.223333234254353,30
983,"ipsl-cm6a-lr ssp126","shock_0.5",1,0.583989955702045,0.0141532147895327,30
983,"ipsl-cm6a-lr ssp585","shock_0.5",1,0.570016263762857,0.0183141751326599,30
1009,"gfdl-esm4 ssp126","shock_0.5",1,0.681210446418755,0.025701471468102,30
1009,"gfdl-esm4 ssp585","shock_0.5",0.999998852589175,0.881494691311725,0.0961909407444269,30
1009,"ipsl-cm6a-lr ssp126","shock_0.5",1,0.567579603702896,0.0367560557922741,30
1009,"ipsl-cm6a-lr ssp585","shock_0.5",1,0.636478639088112,0.05337166260147,30
1026,"gfdl-esm4 ssp126","shock_0.5",0.999998241014346,0.927190964066966,0.269738806744028,30
1026,"gfdl-esm4 ssp585","shock_0.5",1,0.782343709584708,0.11035249251383,30
1026,"ipsl-cm6a-lr ssp126","shock_0.5",1,0.806773536580937,0.136702737384282,30
1026,"ipsl-cm6a-lr ssp585","shock_0.5",1,0.74155846644874,0.0756802584652517,30
1087,"gfdl-esm4 ssp126","shock_0.5",0.999990620762181,0.90286755665574,0.324646744054039,30
1087,"gfdl-esm4 ssp585","shock_0.5",1,0.989526379576936,0.739198483880883,30
1087,"ipsl-cm6a-lr ssp126","shock_0.5",1,0.545819760185801,0.0211555095829199,30
1087,"ipsl-cm6a-lr ssp585","shock_0.5",0.999936265228185,0.610415906232769,0.0401599064979196,30
1096,"gfdl-esm4 ssp126","shock_0.5",0.999972220566305,0.909432690799948,0.536407136074699,30
1096,"gfdl-esm4 ssp585","shock_0.5",1,0.991323545231058,0.497919411400334,30
1096,"ipsl-cm6a-lr ssp126","shock_0.5",1,0.648774120482646,0.0662424971679568,30
1096,"ipsl-cm6a-lr ssp585","shock_0.5",0.999999606026481,0.874128598518098,0.227359921524764,30
1097,"gfdl-esm4 ssp126","shock_0.5",0.999597480988223,0.494699276858635,0.0348398641517227,30
1097,"gfdl-esm4 ssp585","shock_0.5",1,0.756782528275954,0.0838369381183339,30
1097,"ipsl-cm6a-lr ssp126","shock_0.5",1,0.661657385921795,0.0242556674536349,30
1097,"ipsl-cm6a-lr ssp585","shock_0.5",0.999998612060359,0.833970967249198,0.10499111199265,30
1098,"gfdl-esm4 ssp126","shock_0.5",0.983568360866537,0.207979378359137,0,30
1098,"gfdl-esm4 ssp585","shock_0.5",1,0.926517478838022,0.240511636216042,30
1098,"ipsl-cm6a-lr ssp126","shock_0.5",0.999999360053224,0.907260605778172,0.308774595899235,30
1098,"ipsl-cm6a-lr ssp585","shock_0.5",1,0.975099439381962,0.450583656787353,30
1101,"gfdl-esm4 ssp126","shock_0.5",0.999717665452966,0.637988214322537,0.105284327209564,30
1101,"gfdl-esm4 ssp585","shock_0.5",1,0.94718138906732,0.330077717594524,30
1101,"ipsl-cm6a-lr ssp126","shock_0.5",1,0.77123427798315,0.132585167683319,30
1101,"ipsl-cm6a-lr ssp585","shock_0.5",1,0.910397829703681,0.286204242692358,30
1111,"gfdl-esm4 ssp126","shock_0.5",0.997409290003273,0.230286854656,-4.44089209850063e-16,30
1111,"gfdl-esm4 ssp585","shock_0.5",0.998072466684081,0.315057960651819,0.00897999999999943,30
1111,"ipsl-cm6a-lr ssp126","shock_0.5",1,0.2548864,0,30
1111,"ipsl-cm6a-lr ssp585","shock_0.5",1,0.572318148952439,0.0640825083655119,30
1115,"gfdl-esm4 ssp126","shock_0.5",1,0.63100050819077,0.0609286056470317,30
1115,"gfdl-esm4 ssp585","shock_0.5",1,0.536346226146965,0.0305423777411037,30
1115,"ipsl-cm6a-lr ssp126","shock_0.5",1,0.301200953535042,0.00544941100884366,30
1115,"ipsl-cm6a-lr ssp585","shock_0.5",1,0.666827618758878,0.0708842515257678,30
1144,"gfdl-esm4 ssp126","shock_0.5",0.998445574001964,0.358323982336,0.0239999999999994,30
1144,"gfdl-esm4 ssp585","shock_0.5",0.995716592631291,0.218850547312551,0.00698999999999972,30
1144,"ipsl-cm6a-lr ssp126","shock_0.5",1,0.179378475416989,-2.22044604925031e-16,30
1144,"ipsl-cm6a-lr ssp585","shock_0.5",1,0.66194413770701,0.0516113995762733,30
1145,"gfdl-esm4 ssp126","shock_0.5",1,0.35416175951872,-4.44089209850063e-16,30
1145,"gfdl-esm4 ssp585","shock_0.5",1,0.282617849572751,0.00698999999999972,30
1145,"ipsl-cm6a-lr ssp126","shock_0.5",0.99785786962622,0.1024516185472,0,30
1145,"ipsl-cm6a-lr ssp585","shock_0.5",1,0.679454357572241,0.105990066001589,30
1170,"gfdl-esm4 ssp126","shock_0.5",0.999924457952128,0.864669134247248,0.28530544546117,30
1170,"gfdl-esm4 ssp585","shock_0.5",1,0.617749280898068,0.103897876853585,30
1170,"ipsl-cm6a-lr ssp126","shock_0.5",0.998831031921896,0.504167137241578,0.0380905911227434,30
1170,"ipsl-cm6a-lr ssp585","shock_0.5",1,0.997430111685577,0.714316449158335,30
1173,"gfdl-esm4 ssp126","shock_0.5",0.999248159440761,0.461638410403718,0.019375324327464,30
1173,"gfdl-esm4 ssp585","shock_0.5",1,0.502511703328267,0.0280259240040459,30
1173,"ipsl-cm6a-lr ssp126","shock_0.5",1,0.333624794085785,0.00303060599999982,30
1173,"ipsl-cm6a-lr ssp585","shock_0.5",1,0.482581663762584,0.0460456441904477,30
4,"gfdl-esm4 ssp126","shock_0.75",0.99999856225971,0.958992468796432,0.64244338602496,30
4,"gfdl-esm4 ssp585","shock_0.75",1,0.94374556953763,0.282276818923978,30
4,"ipsl-cm6a-lr ssp126","shock_0.75",0.999285828259028,0.489276870938096,0.046329633258991,30
4,"ipsl-cm6a-lr ssp585","shock_0.75",1,0.951105924697323,0.281920018468987,30
6,"gfdl-esm4 ssp126","shock_0.75",1,0.81846004040177,0.237998048450903,30
6,"gfdl-esm4 ssp585","shock_0.75",1,0.900738118696483,0.277455037804247,30
6,"ipsl-cm6a-lr ssp126","shock_0.75",1,0.872218345318208,0.261617380500248,30
6,"ipsl-cm6a-lr ssp585","shock_0.75",1,0.999968719728449,0.92124534770836,30
7,"gfdl-esm4 ssp126","shock_0.75",0.999916735975233,0.594505932960713,0.0447312464514211,30
7,"gfdl-esm4 ssp585","shock_0.75",1,0.604902657204545,0.0489923182317313,30
7,"ipsl-cm6a-lr ssp126","shock_0.75",1,0.282079755495188,0.00908909099999966,30
7,"ipsl-cm6a-lr ssp585","shock_0.75",0.999355226709153,0.337787196337612,0.0375925784521329,30
9,"gfdl-esm4 ssp126","shock_0.75",1,0.55221387671908,0.00504561056868347,30
9,"gfdl-esm4 ssp585","shock_0.75",1,0.43705609108645,0.0335284063885503,30
9,"ipsl-cm6a-lr ssp126","shock_0.75",1,0.140049359436584,0,30
9,"ipsl-cm6a-lr ssp585","shock_0.75",1,0.598439929570651,0.0471270008360938,30
16,"gfdl-esm4 ssp126","shock_0.75",1,0.577272616048464,0.0451584876630744,30
16,"gfdl-esm4 ssp585","shock_0.75",1,0.902796060537554,0.28882525401435,30
16,"ipsl-cm6a-lr ssp126","shock_0.75",0.999998436995471,0.947464760504816,0.550971563456115,30
16,"ipsl-cm6a-lr ssp585","shock_0.75",0.999403056544675,0.464276834153472,0.0310126416594199,30
17,"gfdl-esm4 ssp126","shock_0.75",1,0.569111490092644,0.0390672010737674,30
17,"gfdl-esm4 ssp585","shock_0.75",0.99385731477142,0.25139451473608,0.00897598231199948,30
17,"ipsl-cm6a-lr ssp126","shock_0.75",0.993004885845513,0.377225089465472,0.0345629904962699,30
17,"ipsl-cm6a-lr ssp585","shock_0.75",1,0.552141872326695,0.0262758957701561,30
27,"gfdl-esm4 ssp126","shock_0.75",0.999995195125184,0.902431971461534,0.280411385200639,30
27,"gfdl-esm4 ssp585","shock_0.75",0.999999964308116,0.978759509237204,0.663889318245674,30
27,"ipsl-cm6a-lr ssp126","shock_0.75",0.99890133894044,0.10335470118309,0.00250839158758698,30
27,"ipsl-cm6a-lr ssp585","shock_0.75",0.999783594150004,0.476701424316671,0.0243520483330394,30
36,"gfdl-esm4 ssp126","shock_0.75",0.997101520692129,0.402693783630685,0,30
36,"gfdl-esm4 ssp585","shock_0.75",1,0.670051454116666,0.0962456015520479,30
36,"ipsl-cm6a-lr ssp126","shock_0.75",0.999980815952719,0.710282581171552,0.132731970247567,30
36,"ipsl-cm6a-lr ssp585","shock_0.75",1,0.78053507044719,0.108207267053495,30
46,"gfdl-esm4 ssp126","shock_0.75",0.998880615457064,0.338425979740237,0.0135046731296228,30
46,"gfdl-esm4 ssp585","shock_0.75",0.999964295797459,0.695919274413825,0.0799444798517538,30
46,"ipsl-cm6a-lr ssp126","shock_0.75",1,0.843844401994344,0.0590682965425932,30
46,"ipsl-cm6a-lr ssp585","shock_0.75",1,0.937185690511481,0.250117261163223,30
52,"gfdl-esm4 ssp126","shock_0.75",0.999985294291403,0.828369924622042,0.355273743792823,30
52,"gfdl-esm4 ssp585","shock_0.75",1,0.990483297368678,0.669191250802183,30
52,"ipsl-cm6a-lr ssp126","shock_0.75",0.999975936498727,0.655261148442711,0.0674149459116478,30
52,"ipsl-cm6a-lr ssp585","shock_0.75",1,0.999801340453711,0.897839388954871,30
94,"gfdl-esm4 ssp126","shock_0.75",0.999991837214021,0.809335220170071,0.23545980531326,30
94,"gfdl-esm4 ssp585","shock_0.75",1,0.464471866433261,0.0333188996776466,30
94,"ipsl-cm6a-lr ssp126","shock_0.75",0.999713542196658,0.491291328697691,0.0320855251531753,30
94,"ipsl-cm6a-lr ssp585","shock_0.75",1,0.825714259579452,0.0753997060886161,30
95,"gfdl-esm4 ssp126","shock_0.75",1,0.449745231275925,0.0287425519434721,30
95,"gfdl-esm4 ssp585","shock_0.75",1,0.564275119495378,0.026150612355706,30
95,"ipsl-cm6a-lr ssp126","shock_0.75",0.99669700024737,0.44415904002368,0.0364778108832912,30
95,"ipsl-cm6a-lr ssp585","shock_0.75",0.999879592414541,0.531063601386004,0.0313502155603511,30
97,"gfdl-esm4 ssp126","shock_0.75",0.999629961900765,0.45609802412296,0.0312884982902192,30
97,"gfdl-esm4 ssp585","shock_0.75",1,0.549995597239158,0.0317197701983803,30
97,"ipsl-cm6a-lr ssp126","shock_0.75",0.999883796586874,0.677632225011188,0.132874658668709,30
97,"ipsl-cm6a-lr ssp585","shock_0.75",1,0.630930866205995,0.0579358724109594,30
98,"gfdl-esm4 ssp126","shock_0.75",0.9032541184,0.0399999999999998,-2.22044604925031e-16,30
98,"gfdl-esm4 ssp585","shock_0.75",0.9919378432,0.1792,-2.22044604925031e-16,30
98,"ipsl-cm6a-lr ssp126","shock_0.75",1,0.110014,0.0066679999999999,30
98,"ipsl-cm6a-lr ssp585","shock_0.75",0.972009759097633,0.1040128,0,30
99,"gfdl-esm4 ssp126","shock_0.75",0.999903079314042,0.524269831482006,0.0291034893535709,30
99,"gfdl-esm4 ssp585","shock_0.75",0.999662790178848,0.435750090800786,0.0298644798412174,30
99,"ipsl-cm6a-lr ssp126","shock_0.75",0.998084872437256,0.313921998281018,0.0154011998189411,30
99,"ipsl-cm6a-lr ssp585","shock_0.75",1,0.727800485660483,0.0464084905316426,30
120,"gfdl-esm4 ssp126","shock_0.75",0.999985770371279,0.81387321994794,0.242787132545275,30
120,"gfdl-esm4 ssp585","shock_0.75",1,0.938462055684705,0.317726045408461,30
120,"ipsl-cm6a-lr ssp126","shock_0.75",0.999863898723753,0.669803082343547,0.07559574175148,30
120,"ipsl-cm6a-lr ssp585","shock_0.75",0.99999999999858,0.999817566088937,0.909450343636708,30
121,"gfdl-esm4 ssp126","shock_0.75",1,0.438024519493286,0.0227080492231828,30
121,"gfdl-esm4 ssp585","shock_0.75",1,0.778282641557138,0.0441189578155667,30
121,"ipsl-cm6a-lr ssp126","shock_0.75",1,0.719052056617669,0.0846567347205043,30
121,"ipsl-cm6a-lr ssp585","shock_0.75",1,0.750512147942603,0.0966974898512943,30
123,"gfdl-esm4 ssp126","shock_0.75",1,0.666029677299809,0.00550798914599993,30
123,"gfdl-esm4 ssp585","shock_0.75",1,0.9221479167076,0.237598068634936,30
123,"ipsl-cm6a-lr ssp126","shock_0.75",1,0.80787497243061,0.237729359097717,30
123,"ipsl-cm6a-lr ssp585","shock_0.75",1,0.999689370777332,0.871783240351793,30
124,"gfdl-esm4 ssp126","shock_0.75",1,0.51419317650624,0.0214250368456793,30
124,"gfdl-esm4 ssp585","shock_0.75",1,0.732907706121646,0.0419817651715505,30
124,"ipsl-cm6a-lr ssp126","shock_0.75",0.999627943730662,0.303338930306141,0.00705506150152846,30
124,"ipsl-cm6a-lr ssp585","shock_0.75",0.99997537180327,0.72617615796545,0.11072991439032,30
127,"gfdl-esm4 ssp126","shock_0.75",1,0.929816878228152,0.402218939186276,30
127,"gfdl-esm4 ssp585","shock_0.75",0.999999994172053,0.997070479318413,0.804072504861439,30
127,"ipsl-cm6a-lr ssp126","shock_0.75",1,0.797505307445348,0.0781488385784994,30
127,"ipsl-cm6a-lr ssp585","shock_0.75",1,0.992010684371089,0.568178898413879,30
128,"gfdl-esm4 ssp126","shock_0.75",0.999208660963551,0.341413344438312,0.0099171899999998,30
128,"gfdl-esm4 ssp585","shock_0.75",1,0.783917611012302,0.10252741063407,30
128,"ipsl-cm6a-lr ssp126","shock_0.75",0.999866138889039,0.504600964551877,0.0262084189924702,30
128,"ipsl-cm6a-lr ssp585","shock_0.75",0.999958636817896,0.613940042560133,0.0792078952352921,30
130,"gfdl-esm4 ssp126","shock_0.75",1,0.936882206469358,0.325520459958215,30
130,"gfdl-esm4 ssp585","shock_0.75",0.999953080735503,0.668083311141948,0.040660518602018,30
130,"ipsl-cm6a-lr ssp126","shock_0.75",1,0.893521912767494,0.263225949314963,30
130,"ipsl-cm6a-lr ssp585","shock_0.75",1,0.930271091677644,0.362041198131962,30
132,"gfdl-esm4 ssp126","shock_0.75",0.999962128943679,0.672877067075831,0.0850593940782332,30
132,"gfdl-esm4 ssp585","shock_0.75",0.999999972891137,0.85674725639847,0.1893288483521,30
132,"ipsl-cm6a-lr ssp126","shock_0.75",1,0.764320181539156,0.149574744595695,30
132,"ipsl-cm6a-lr ssp585","shock_0.75",1,0.999313065890368,0.871300714445493,30
135,"gfdl-esm4 ssp126","shock_0.75",0.999998747963839,0.894655559179953,0.20612254765619,30
135,"gfdl-esm4 ssp585","shock_0.75",0.999999640904208,0.893963281327557,0.242947451953307,30
135,"ipsl-cm6a-lr ssp126","shock_0.75",0.999992953916385,0.650576824932966,0.117689761841704,30
135,"ipsl-cm6a-lr ssp585","shock_0.75",0.99999841097303,0.880601998111577,0.245357874517924,30
136,"gfdl-esm4 ssp126","shock_0.75",1,0.702165611458268,0.117257057072782,30
136,"gfdl-esm4 ssp585","shock_0.75",1,0.838698011255914,0.222417918442294,30
136,"ipsl-cm6a-lr ssp126","shock_0.75",0.9964772344752,0.307673165459731,0.0188069028929624,30
136,"ipsl-cm6a-lr ssp585","shock_0.75",1,0.832376207157827,0.0987322023209826,30
137,"gfdl-esm4 ssp126","shock_0.75",1,0.764832195852314,0.00715144885244079,30
137,"gfdl-esm4 ssp585","shock_0.75",1,0.681185861504975,0.0496710209946719,30
137,"ipsl-cm6a-lr ssp126","shock_0.75",0.99958982723513,0.612408442735577,0.0850493369582469,30
137,"ipsl-cm6a-lr ssp585","shock_0.75",0.99999999833759,0.996703003941776,0.79931663258255,30
140,"gfdl-esm4 ssp126","shock_0.75",0.999896837520523,0.41842886297607,0.0224719156508745,30
140,"gfdl-esm4 ssp585","shock_0.75",0.999996490134073,0.830194563212039,0.167603622387474,30
140,"ipsl-cm6a-lr ssp126","shock_0.75",0.999994163057898,0.660154615255145,0.0184989111393717,30
140,"ipsl-cm6a-lr ssp585","shock_0.75",0.999997595354774,0.699163504931956,0.086426659403832,30
141,"gfdl-esm4 ssp126","shock_0.75",1,0.479958223575591,0.0228458903662641,30
141,"gfdl-esm4 ssp585","shock_0.75",0.99991612673106,0.63510351347452,0.0907152938733011,30
141,"ipsl-cm6a-lr ssp126","shock_0.75",1,0.449179539705461,0.0359306612172929,30
141,"ipsl-cm6a-lr ssp585","shock_0.75",1,0.846731987035946,0.20742362095046,30
145,"gfdl-esm4 ssp126","shock_0.75",1,0.776742097680894,0.00715144885244057,30
145,"gfdl-esm4 ssp585","shock_0.75",0.999994724063443,0.647736082978487,0.0416122284278941,30
145,"ipsl-cm6a-lr ssp126","shock_0.75",1,0.850036349610266,0.185890869216213,30
145,"ipsl-cm6a-lr ssp585","shock_0.75",1,0.998924318392843,0.771607664072413,30
146,"gfdl-esm4 ssp126","shock_0.75",0.999755346449917,0.542695009054487,0.0268007635793944,30
146,"gfdl-esm4 ssp585","shock_0.75",0.999883781543929,0.507315706180824,0.0245053255342269,30
146,"ipsl-cm6a-lr ssp126","shock_0.75",0.999687267417783,0.635024110838774,0.0790077526895514,30
146,"ipsl-cm6a-lr ssp585","shock_0.75",1,0.697087459914503,0.113475661896312,30
147,"gfdl-esm4 ssp126","shock_0.75",1,0.708419693569086,0.0894614958049408,30
147,"gfdl-esm4 ssp585","shock_0.75",1,0.788878644909397,0.100039430445009,30
147,"ipsl-cm6a-lr ssp126","shock_0.75",1,0.329586532185759,0.0183393683858433,30
147,"ipsl-cm6a-lr ssp585","shock_0.75",1,0.77537832864242,0.139757115291061,30
149,"gfdl-esm4 ssp126","shock_0.75",0.99974502258678,0.728952774409057,0.150031380980799,30
149,"gfdl-esm4 ssp585","shock_0.75",0.999601692520775,0.541618274366874,0.0485505424187844,30
149,"ipsl-cm6a-lr ssp126","shock_0.75",0.997859884532746,0.273108200123425,0.00705705424811731,30
149,"ipsl-cm6a-lr ssp585","shock_0.75",1,0.734090713227228,0.0719653011198423,30
151,"gfdl-esm4 ssp126","shock_0.75",0.997521250166939,0.397021418967541,0.016080970783971,30
151,"gfdl-esm4 ssp585","shock_0.75",1,0.987003795358512,0.624070135094674,30
151,"ipsl-cm6a-lr ssp126","shock_0.75",1,0.98920614225557,0.697377272715016,30
151,"ipsl-cm6a-lr ssp585","shock_0.75",1,0.966107735673762,0.439243520503294,30
152,"gfdl-esm4 ssp126","shock_0.75",0.999980417734665,0.800704439546583,0.157232214155057,30
152,"gfdl-esm4 ssp585","shock_0.75",1,0.66281055425189,0.0456629033088417,30
152,"ipsl-cm6a-lr ssp126","shock_0.75",1,0.390555707049431,0.016986483705636,30
152,"ipsl-cm6a-lr ssp585","shock_0.75",1,0.767464226736775,0.143856811992454,30
188,"gfdl-esm4 ssp126","shock_0.75",1,0.344965252175009,0.0033051239999996,30
188,"gfdl-esm4 ssp585","shock_0.75",1,0.49333764278174,0.00165256200000008,30
188,"ipsl-cm6a-lr ssp126","shock_0.75",1,0.56928535507476,0.0596577136111491,30
188,"ipsl-cm6a-lr ssp585","shock_0.75",1,0.811012848630232,0.135746980637068,30
579,"gfdl-esm4 ssp126","shock_0.75",0.999935272128387,0.62928580116486,0.0830578106650494,30
579,"gfdl-esm4 ssp585","shock_0.75",0.999998893873537,0.862516665556025,0.155563038259362,30
579,"ipsl-cm6a-lr ssp126","shock_0.75",0.999994680735156,0.660327891025357,0.0607446849709767,30
579,"ipsl-cm6a-lr ssp585","shock_0.75",1,0.815949378484761,0.17287819108925,30
582,"gfdl-esm4 ssp126","shock_0.75",1,0.3115,0,30
582,"gfdl-esm4 ssp585","shock_0.75",1,0,0,30
582,"ipsl-cm6a-lr ssp126","shock_0.75",1,0,0,30
582,"ipsl-cm6a-lr ssp585","shock_0.75",1,0.1720184,0,30
583,"gfdl-esm4 ssp126","shock_0.75",0.999812820005114,0.680768094788258,0.114085899994861,30
583,"gfdl-esm4 ssp585","shock_0.75",0.999995942929186,0.779327092109216,0.160599643631425,30
583,"ipsl-cm6a-lr ssp126","shock_0.75",1,0.988067063340987,0.706234657145792,30
583,"ipsl-cm6a-lr ssp585","shock_0.75",0.99995229181543,0.700089674436182,0.0704978746113777,30
620,"gfdl-esm4 ssp126","shock_0.75",1,0.771106250481707,0.218585147769987,30
620,"gfdl-esm4 ssp585","shock_0.75",1,0.625665731180566,0.0298737240647454,30
620,"ipsl-cm6a-lr ssp126","shock_0.75",0.999788757936616,0.693282736467792,0.167118184990954,30
620,"ipsl-cm6a-lr ssp585","shock_0.75",1,0.5271995716029,0.0787310865366893,30
640,"gfdl-esm4 ssp126","shock_0.75",0.999999162537289,0.896466617633256,0.230584984095564,30
640,"gfdl-esm4 ssp585","shock_0.75",0.999999326728684,0.90395318453989,0.253918727943264,30
640,"ipsl-cm6a-lr ssp126","shock_0.75",1,0.624800399049945,0.0328125858734932,30
640,"ipsl-cm6a-lr ssp585","shock_0.75",0.999972093220839,0.68444804660252,0.0963736579455433,30
755,"gfdl-esm4 ssp126","shock_0.75",0.999478779445712,0.646860627252871,0.0860847167819976,30
755,"gfdl-esm4 ssp585","shock_0.75",1,0.896203093387172,0.17644646028906,30
755,"ipsl-cm6a-lr ssp126","shock_0.75",1,0.81331243673579,0.0990857174137699,30
755,"ipsl-cm6a-lr ssp585","shock_0.75",0.999999501209499,0.888984911700806,0.227311088209245,30
762,"gfdl-esm4 ssp126","shock_0.75",0.999947242972524,0.744946690657745,0.158116637474986,30
762,"gfdl-esm4 ssp585","shock_0.75",1,0.667560424507553,0.0634966731977588,30
762,"ipsl-cm6a-lr ssp126","shock_0.75",0.9999749010285,0.573889709158555,0.0514459462415433,30
762,"ipsl-cm6a-lr ssp585","shock_0.75",1,0.781655339392232,0.0384947402043961,30
764,"gfdl-esm4 ssp126","shock_0.75",0.998259327290573,0.482314626889437,0.0591807139406719,30
764,"gfdl-esm4 ssp585","shock_0.75",0.999999555046452,0.973969311850094,0.612018653638294,30
764,"ipsl-cm6a-lr ssp126","shock_0.75",0.99999972074533,0.945051010964013,0.421686966814633,30
764,"ipsl-cm6a-lr ssp585","shock_0.75",0.999997758852434,0.896504560474651,0.246696875534906,30
838,"gfdl-esm4 ssp126","shock_0.75",0.999978232570722,0.751711763802115,0.195696910080605,30
838,"gfdl-esm4 ssp585","shock_0.75",0.999830463896164,0.669533219540877,0.151306395724921,30
838,"ipsl-cm6a-lr ssp126","shock_0.75",1,0.267466622522266,0.018344863242317,30
838,"ipsl-cm6a-lr ssp585","shock_0.75",0.999948040541907,0.739510102367181,0.122344934828327,30
857,"gfdl-esm4 ssp126","shock_0.75",0.999893452063189,0.424945586460528,0.0236587192910303,30
857,"gfdl-esm4 ssp585","shock_0.75",0.999961592831158,0.815604674897319,0.137734177650861,30
857,"ipsl-cm6a-lr ssp126","shock_0.75",0.999501463507248,0.458139071830816,0.0420435818936901,30
857,"ipsl-cm6a-lr ssp585","shock_0.75",0.999642033786649,0.610063646659576,0.0798707174530039,30
863,"gfdl-esm4 ssp126","shock_0.75",1,0.844976249037117,0.334766624164827,30
863,"gfdl-esm4 ssp585","shock_0.75",1,0.810384012795318,0.139955908924482,30
863,"ipsl-cm6a-lr ssp126","shock_0.75",1,0.885015779284737,0.226471206715615,30
863,"ipsl-cm6a-lr ssp585","shock_0.75",1,0.891046340875335,0.14672758888571,30
869,"gfdl-esm4 ssp126","shock_0.75",0.999983324653843,0.777090422164996,0.231649312708444,30
869,"gfdl-esm4 ssp585","shock_0.75",1,0.898495205882993,0.284023624372446,30
869,"ipsl-cm6a-lr ssp126","shock_0.75",0.999886576598908,0.673550028116124,0.0776540376760791,30
869,"ipsl-cm6a-lr ssp585","shock_0.75",0.99999999998669,0.999709817585035,0.893601131173958,30
878,"gfdl-esm4 ssp126","shock_0.75",1,0.450876514592766,0.016080970783971,30
878,"gfdl-esm4 ssp585","shock_0.75",1,0.966013473338078,0.553219080692087,30
878,"ipsl-cm6a-lr ssp126","shock_0.75",1,0.947789844682403,0.371967699226396,30
878,"ipsl-cm6a-lr ssp585","shock_0.75",1,0.983479498305277,0.563047924460422,30
889,"gfdl-esm4 ssp126","shock_0.75",0.999928463509609,0.84744461154968,0.239842957591393,30
889,"gfdl-esm4 ssp585","shock_0.75",1,0.92474160861316,0.229855102534312,30
889,"ipsl-cm6a-lr ssp126","shock_0.75",1,0.933126321845747,0.427520776946202,30
889,"ipsl-cm6a-lr ssp585","shock_0.75",0.999994557085984,0.673366484930113,0.0258105761247689,30
901,"gfdl-esm4 ssp126","shock_0.75",1,0.914541087950634,0.270753591663411,30
901,"gfdl-esm4 ssp585","shock_0.75",0.999469822307621,0.496551528772316,0.0142188597983135,30
901,"ipsl-cm6a-lr ssp126","shock_0.75",0.999994771597414,0.622286907572771,0.0462160621495553,30
901,"ipsl-cm6a-lr ssp585","shock_0.75",1,0.678209664763533,0.062054560215707,30
909,"gfdl-esm4 ssp126","shock_0.75",0.999337868805423,0.392168013846416,0.0172814322968129,30
909,"gfdl-esm4 ssp585","shock_0.75",1,0.896149953426039,0.188218474626287,30
909,"ipsl-cm6a-lr ssp126","shock_0.75",0.999718042165554,0.502421292853187,0.0546051922365449,30
909,"ipsl-cm6a-lr ssp585","shock_0.75",1,0.666239848928985,0.0438005184584273,30
910,"gfdl-esm4 ssp126","shock_0.75",0.999790236371448,0.39754818862597,0.0197027134987559,30
910,"gfdl-esm4 ssp585","shock_0.75",1,0.980472698259918,0.657977734497082,30
910,"ipsl-cm6a-lr ssp126","shock_0.75",1,0.701116900013917,0.0829204906246975,30
910,"ipsl-cm6a-lr ssp585","shock_0.75",0.999936645577698,0.646948266631564,0.0463829504855543,30
922,"gfdl-esm4 ssp126","shock_0.75",1,0.457330339990861,0.0378886487516998,30
922,"gfdl-esm4 ssp585","shock_0.75",0.99992176297899,0.800153318227517,0.134587537938807,30
922,"ipsl-cm6a-lr ssp126","shock_0.75",0.999118846521218,0.38864067231292,0.0279372020524096,30
922,"ipsl-cm6a-lr ssp585","shock_0.75",1,0.885280850738472,0.277272291155863,30
948,"gfdl-esm4 ssp126","shock_0.75",0.999964506336352,0.776978895014457,0.199612270139815,30
948,"gfdl-esm4 ssp585","shock_0.75",0.999999928140536,0.942183417123881,0.219489026102396,30
948,"ipsl-cm6a-lr ssp126","shock_0.75",1,0.280748596599417,0.00440293429076144,30
948,"ipsl-cm6a-lr ssp585","shock_0.75",0.999554908278673,0.52900715686449,0.0598144798261002,30
966,"gfdl-esm4 ssp126","shock_0.75",0.99995525574842,0.505974489915993,0.035657431109796,30
966,"gfdl-esm4 ssp585","shock_0.75",0.999228370815456,0.497504436794334,0.0117348627928877,30
966,"ipsl-cm6a-lr ssp126","shock_0.75",1,0.361175922585086,0.00705506150152868,30
966,"ipsl-cm6a-lr ssp585","shock_0.75",1,0.66491055462124,0.101955128320116,30
983,"gfdl-esm4 ssp126","shock_0.75",1,0.458685302290322,0.017532028157519,30
983,"gfdl-esm4 ssp585","shock_0.75",1,0.836309758223838,0.113345152532936,30
983,"ipsl-cm6a-lr ssp126","shock_0.75",1,0.628728892672324,0.0219412692735325,30
983,"ipsl-cm6a-lr ssp585","shock_0.75",1,0.732944545540645,0.0892413692974015,30
1009,"gfdl-esm4 ssp126","shock_0.75",1,0.750370677246622,0.0296372439067654,30
1009,"gfdl-esm4 ssp585","shock_0.75",0.999998200642683,0.799180818134942,0.0580052692987949,30
1009,"ipsl-cm6a-lr ssp126","shock_0.75",1,0.592747959713325,0.0455836071622853,30
1009,"ipsl-cm6a-lr ssp585","shock_0.75",1,0.636152030982558,0.0862807626980593,30
1026,"gfdl-esm4 ssp126","shock_0.75",1,0.949876858889137,0.29663095665138,30
1026,"gfdl-esm4 ssp585","shock_0.75",0.999984779536286,0.749255637763879,0.114265191978983,30
1026,"ipsl-cm6a-lr ssp126","shock_0.75",1,0.749314836182059,0.127181830613409,30
1026,"ipsl-cm6a-lr ssp585","shock_0.75",0.999973693093242,0.721386377373738,0.0892423774017511,30
1087,"gfdl-esm4 ssp126","shock_0.75",0.999973950560174,0.81904242719249,0.18029578388593,30
1087,"gfdl-esm4 ssp585","shock_0.75",1,0.989348736840157,0.728000758093818,30
1087,"ipsl-cm6a-lr ssp126","shock_0.75",1,0.563339034760455,0.0261590995448319,30
1087,"ipsl-cm6a-lr ssp585","shock_0.75",0.999901902389067,0.541400920140823,0.029581417555686,30
1096,"gfdl-esm4 ssp126","shock_0.75",0.999981666531888,0.916745927980418,0.540685918649535,30
1096,"gfdl-esm4 ssp585","shock_0.75",1,0.991694364681362,0.540486263924851,30
1096,"ipsl-cm6a-lr ssp126","shock_0.75",1,0.676607939698303,0.0740291402182824,30
1096,"ipsl-cm6a-lr ssp585","shock_0.75",0.999999840066087,0.903692335711159,0.229182481927078,30
1097,"gfdl-esm4 ssp126","shock_0.75",0.999741726007138,0.52056629882276,0.0345482716929073,30
1097,"gfdl-esm4 ssp585","shock_0.75",1,0.734824905334392,0.0675296668278039,30
1097,"ipsl-cm6a-lr ssp126","shock_0.75",1,0.667074511975244,0.0311857792201843,30
1097,"ipsl-cm6a-lr ssp585","shock_0.75",0.999996613826758,0.81890024591716,0.120366552222223,30
1098,"gfdl-esm4 ssp126","shock_0.75",0.990870779096156,0.217282050567733,0,30
1098,"gfdl-esm4 ssp585","shock_0.75",1,0.942085192386609,0.279320831523547,30
1098,"ipsl-cm6a-lr ssp126","shock_0.75",0.999999774372457,0.909113515810034,0.284675777162037,30
1098,"ipsl-cm6a-lr ssp585","shock_0.75",1,0.951863138274149,0.342438046132184,30
1101,"gfdl-esm4 ssp126","shock_0.75",0.99983059244882,0.668798686896084,0.11186290723602,30
1101,"gfdl-esm4 ssp585","shock_0.75",1,0.966851256457127,0.415419888349133,30
1101,"ipsl-cm6a-lr ssp126","shock_0.75",1,0.732942118997182,0.123647737131847,30
1101,"ipsl-cm6a-lr ssp585","shock_0.75",1,0.877687540464011,0.209264497654075,30
1111,"gfdl-esm4 ssp126","shock_0.75",0.997409290003273,0.2225119744,-4.44089209850063e-16,30
1111,"gfdl-esm4 ssp585","shock_0.75",0.998149144964138,0.328825288654226,0.00897999999999943,30
1111,"ipsl-cm6a-lr ssp126","shock_0.75",1,0.2548864,0,30
1111,"ipsl-cm6a-lr ssp585","shock_0.75",1,0.524741128416557,0.0562261189832983,30
1115,"gfdl-esm4 ssp126","shock_0.75",1,0.721411952625461,0.0823027217915717,30
1115,"gfdl-esm4 ssp585","shock_0.75",1,0.581830194260649,0.0491727820154579,30
1115,"ipsl-cm6a-lr ssp126","shock_0.75",1,0.389541485590696,0.0118887473907543,30
1115,"ipsl-cm6a-lr ssp585","shock_0.75",1,0.630663978436616,0.0677736683653395,30
1144,"gfdl-esm4 ssp126","shock_0.75",0.995336722005891,0.280654557183999,0.00799999999999912,30
1144,"gfdl-esm4 ssp585","shock_0.75",0.995372862410345,0.237440127706218,0.00499999999999989,30
1144,"ipsl-cm6a-lr ssp126","shock_0.75",1,0.1654668070912,-2.22044604925031e-16,30
1144,"ipsl-cm6a-lr ssp585","shock_0.75",1,0.508312629683548,0.0215433934615815,30
1145,"gfdl-esm4 ssp126","shock_0.75",0.998673556481676,0.3007496323072,-4.44089209850063e-16,30
1145,"gfdl-esm4 ssp585","shock_0.75",1,0.189455918055079,0.00499999999999989,30
1145,"ipsl-cm6a-lr ssp126","shock_0.75",0.996786965091075,0.156304521434368,-2.22044604925031e-16,30
1145,"ipsl-cm6a-lr ssp585","shock_0.75",1,0.609386022242014,0.0754820168447355,30
1170,"gfdl-esm4 ssp126","shock_0.75",0.999930750696526,0.868152733120459,0.276717961522985,30
1170,"gfdl-esm4 ssp585","shock_0.75",1,0.693984025233099,0.138231774220226,30
1170,"ipsl-cm6a-lr ssp126","shock_0.75",0.999128402718756,0.526425454814725,0.0400554341154159,30
1170,"ipsl-cm6a-lr ssp585","shock_0.75",1,0.995053372004003,0.652228011169174,30
1173,"gfdl-esm4 ssp126","shock_0.75",0.9993108197125,0.445758170599827,0.0125819629640788,30
1173,"gfdl-esm4 ssp585","shock_0.75",1,0.3661123484931,0.0110904274110443,30
1173,"ipsl-cm6a-lr ssp126","shock_0.75",1,0.339584813614192,0.0102805674331674,30
1173,"ipsl-cm6a-lr ssp585","shock_0.75",1,0.427493671929346,0.0127026868562493,30
