"regions","climates","spans","at_least_two_shocks_down","at_least_three_shocks_down","time_window","at_least_one_shock_up_down","at_least_one_shock_up","at_least_one_shock_down"
4,"gfdl-esm4 ssp126","0.25",0.624989706323217,0.206104561678727,30,0.0941505895650382,0.997295314531015,0.999379160609205
4,"gfdl-esm4 ssp585","0.25",0.436706654709277,0.0271685792952593,30,0.168172929236867,0.999967144522626,0.999247599256315
4,"ipsl-cm6a-lr ssp126","0.25",0.426932714650838,0.061242842238641,30,0.114238370613964,0.893557245973777,0.986732263920498
4,"ipsl-cm6a-lr ssp585","0.25",0.675505351381759,0.102952689316401,30,0.892169171399844,0.999210744178749,1
6,"gfdl-esm4 ssp126","0.25",0.615691062960344,0.0482928283900466,30,0.100790857790634,0.970806721174701,1
6,"gfdl-esm4 ssp585","0.25",0.727857626995909,0.30456113447712,30,0.29326183671585,1,0.997779601639967
6,"ipsl-cm6a-lr ssp126","0.25",0.395356938160672,0.028542488347328,30,0.479216407059625,0.956389402803618,1
6,"ipsl-cm6a-lr ssp585","0.25",0.965926531990376,0.301811594554073,30,0.409557501580929,0.999999868493181,1
7,"gfdl-esm4 ssp126","0.25",0.560639636100584,0,30,0.10825360831112,0.946536711529945,1
7,"gfdl-esm4 ssp585","0.25",0.707862549139808,0.0690357048522089,30,0.141643438455197,0.989376446420862,1
7,"ipsl-cm6a-lr ssp126","0.25",0.0684597035741906,0,30,0.060597273,0.884722375639989,0.925173835972916
7,"ipsl-cm6a-lr ssp585","0.25",0.130024527077961,2.22044604925031e-16,30,0.162006677823304,0.769071983850962,0.997566919856463
9,"gfdl-esm4 ssp126","0.25",0.018278353964438,0,30,0.42620213549896,0.946887826854215,1
9,"gfdl-esm4 ssp585","0.25",0.28716783351577,0,30,0.224017644228959,0.947769262448391,1
9,"ipsl-cm6a-lr ssp126","0.25",0.2264359216584,0,30,0.00826280999999995,0.615115161495245,1
9,"ipsl-cm6a-lr ssp585","0.25",0.494526948270951,0.0343488659548219,30,0.0909969032022743,0.737225163132934,1
16,"gfdl-esm4 ssp126","0.25",0.26287288086743,0.0024788429999999,30,0.150840812979671,0.980640621592709,1
16,"gfdl-esm4 ssp585","0.25",0.844551459969791,0.273465825585335,30,0.236465654083545,0.972348075121272,1
16,"ipsl-cm6a-lr ssp126","0.25",0.865436025867237,0.402234256920296,30,0.177772718148376,0.992082929127676,0.999821669888249
16,"ipsl-cm6a-lr ssp585","0.25",0.383703564719495,0.0432249291061646,30,0.27184559576803,0.980571243649415,0.987236583222317
17,"gfdl-esm4 ssp126","0.25",0.26540679,0,30,0.817849374619438,0.998112546606432,1
17,"gfdl-esm4 ssp585","0.25",0.13117982519063,0.00588224258366132,30,0.161911594055817,0.970692174697933,0.901688191282227
17,"ipsl-cm6a-lr ssp126","0.25",0.380082788515923,0.0315301761753899,30,0.162670001589083,0.879986560119793,1
17,"ipsl-cm6a-lr ssp585","0.25",0.123351944889603,0.00252474749999987,30,0.39321356345476,0.987822823798481,1
27,"gfdl-esm4 ssp126","0.25",0.93898907972341,0.406709607750966,30,0.315136099871644,0.916513224903905,0.999994418885425
27,"gfdl-esm4 ssp585","0.25",0.953754562338098,0.666267450915977,30,0.115384506708755,0.995884863482626,0.999924979940856
27,"ipsl-cm6a-lr ssp126","0.25",0.0757465338799999,0.00363599999999986,30,0.0594710071143991,0.881216698733251,0.99763520910845
27,"ipsl-cm6a-lr ssp585","0.25",0.3632034832957,0.00551533999346776,30,0.18781134717453,0.949743915341945,0.99343823106681
36,"gfdl-esm4 ssp126","0.25",0.134158737237348,0.00183599638200005,30,0.321368231841752,0.929051621750974,0.993432804679181
36,"gfdl-esm4 ssp585","0.25",0.413498062953637,0.0436320000000001,30,0.1852532079929,0.990468948410691,1
36,"ipsl-cm6a-lr ssp126","0.25",0.31612101473498,0.00192697010554477,30,0.38008528421428,0.994861067642562,0.994564384471493
36,"ipsl-cm6a-lr ssp585","0.25",0.377011078801998,0.0166975971750587,30,0.49835669158728,0.95004082634448,1
46,"gfdl-esm4 ssp126","0.25",0.142806767089467,1.11022302462516e-16,30,0.183697805920225,0.976817113385525,0.98643072543088
46,"gfdl-esm4 ssp585","0.25",0.312036157380643,0.0136349999999998,30,0.352785406117633,0.994420256925531,0.988601100120969
46,"ipsl-cm6a-lr ssp126","0.25",0.834450151613726,0.0772941993883914,30,0.113932158742793,0.971892787423588,1
46,"ipsl-cm6a-lr ssp585","0.25",0.758783881241793,0.0778714495763905,30,0.177359024505202,0.984978254206278,1
52,"gfdl-esm4 ssp126","0.25",0.448920745216379,0.048475152,30,0.395852728950828,0.918055510884254,0.999573560627012
52,"gfdl-esm4 ssp585","0.25",0.716693299758846,0.257877135708,30,0.947056179376358,0.999036958459051,1
52,"ipsl-cm6a-lr ssp126","0.25",0.276386968135272,0.0264409919999999,30,0.219174072598666,0.981154838024508,0.98609475248736
52,"ipsl-cm6a-lr ssp585","0.25",0.769906831513517,0.103039630712829,30,0.544189505231039,0.99999988261497,1
94,"gfdl-esm4 ssp126","0.25",0.828629968888153,0.402866248543419,30,0.435358888382438,1,0.99932385329252
94,"gfdl-esm4 ssp585","0.25",0.290812550682947,0.0220319565839998,30,0.348114074,0.97968119578657,1
94,"ipsl-cm6a-lr ssp126","0.25",0.203960056547352,0.00531848656829326,30,0.285792522937913,0.97240120446395,0.978892356833182
94,"ipsl-cm6a-lr ssp585","0.25",0.548569054157976,0.052061407130463,30,0.568007005237263,0.914863827626515,1
95,"gfdl-esm4 ssp126","0.25",0.0486184212269538,0,30,0.300565260512332,0.982286751297706,1
95,"gfdl-esm4 ssp585","0.25",0.130005425175126,0.000908999999999827,30,0.45837845019913,0.975370386717929,1
95,"ipsl-cm6a-lr ssp126","0.25",0.218724551638649,0.00716366201326601,30,0.426772319845993,0.975966448136351,0.972229287585322
95,"ipsl-cm6a-lr ssp585","0.25",0.256906184222267,0.0161583839999999,30,0.10517212339315,0.990622104700305,0.957591222339512
97,"gfdl-esm4 ssp126","0.25",0.203597121603155,0.00734398552799997,30,0.0694442109957917,0.833079750029035,0.966140794465956
97,"gfdl-esm4 ssp585","0.25",0.299338594939748,0.0164714201386433,30,0.177071890003268,0.976116987822011,0.994304176260331
97,"ipsl-cm6a-lr ssp126","0.25",0.102415734496706,0,30,0.414981105861408,0.992460906886837,0.997548147845935
97,"ipsl-cm6a-lr ssp585","0.25",0.0942748902417684,-2.22044604925031e-16,30,0.521959618923393,0.962445387371674,1
98,"gfdl-esm4 ssp126","0.25",0,0,30,0.146224,0.822853,0.91042048
98,"gfdl-esm4 ssp585","0.25",0.0199999999999999,0,30,0,0.19,0.838756864
98,"ipsl-cm6a-lr ssp126","0.25",0,0,30,0,0.6875249995,1
98,"ipsl-cm6a-lr ssp585","0.25",0.06668,0,30,0.08,0.662540498380021,0.9966823727104
99,"gfdl-esm4 ssp126","0.25",0.284089917346383,-2.22044604925031e-16,30,0.211136234291454,0.993825894719088,0.996674620876534
99,"gfdl-esm4 ssp585","0.25",0.0709652414835107,0.00183599638199994,30,0.195926272299896,0.989980772930213,0.986233120590933
99,"ipsl-cm6a-lr ssp126","0.25",0.137605850387256,0.00948607310681893,30,0.0466788038259517,0.984622635149636,0.948173872168789
99,"ipsl-cm6a-lr ssp585","0.25",0.566085356076211,0.0106248367451758,30,0.591033668273118,0.992587883510002,1
120,"gfdl-esm4 ssp126","0.25",0.468251718195926,0.0274625918058604,30,0.327199872941379,0.974050418821956,0.999732650132335
120,"gfdl-esm4 ssp585","0.25",0.747803339981911,0.298474282450057,30,0.315291174226103,1,0.998781921000228
120,"ipsl-cm6a-lr ssp126","0.25",0.38509671060496,0.0372572325788799,30,0.445025705870289,0.926724671510876,1
120,"ipsl-cm6a-lr ssp585","0.25",0.890471900351802,0.259649698187308,30,0.478642441852999,0.999999878221844,0.999997028340944
121,"gfdl-esm4 ssp126","0.25",0.259620109898627,0.0103521418411383,30,0.25911304066351,0.987755251785909,1
121,"gfdl-esm4 ssp585","0.25",0.816684626194378,0.14830384090452,30,0.799222466312932,0.994806403703767,1
121,"ipsl-cm6a-lr ssp126","0.25",0.446845544104403,0.00467815973568719,30,0.498497030284191,0.964529807796161,1
121,"ipsl-cm6a-lr ssp585","0.25",0.379612747209615,0.00403959599999981,30,0.567169704091565,0.963934561679051,1
123,"gfdl-esm4 ssp126","0.25",0.601102608612138,0.0307977839199856,30,0.158052648100376,0.952588596520305,1
123,"gfdl-esm4 ssp585","0.25",0.799007114031234,0.390967638669271,30,0.309305553277766,0.998508480204115,1
123,"ipsl-cm6a-lr ssp126","0.25",0.503824557769479,0.040238708924336,30,0.182947816292356,0.966416370116026,1
123,"ipsl-cm6a-lr ssp585","0.25",0.80566563459083,0.1572877232881,30,0.526299413861875,0.999999402296283,1
124,"gfdl-esm4 ssp126","0.25",0.383879866714631,0.01818,30,0.55537620396423,0.989249878436347,1
124,"gfdl-esm4 ssp585","0.25",0.435987143395691,0.0361490902975622,30,0.390653341052181,0.972590160480217,0.997602890399593
124,"ipsl-cm6a-lr ssp126","0.25",0.375917275301922,0,30,0.185827330381543,0.955456750520908,1
124,"ipsl-cm6a-lr ssp585","0.25",0.393865695029812,0.0157462806621552,30,0.435002058234704,0.954466341971522,0.999290922979932
127,"gfdl-esm4 ssp126","0.25",0.917794770791544,0.37536321535884,30,0.282114713822029,0.848336469973547,1
127,"gfdl-esm4 ssp585","0.25",0.991734618299186,0.848856609416115,30,0.594693830580554,0.999853527690149,0.999996513746203
127,"ipsl-cm6a-lr ssp126","0.25",0.64989900165152,0.0516787689421426,30,0.524064802776774,0.994835245877121,1
127,"ipsl-cm6a-lr ssp585","0.25",0.953310903826525,0.394990830602996,30,0.895789635307877,0.999505708065893,1
128,"gfdl-esm4 ssp126","0.25",0.303780529,0.01652562,30,0.240804433860169,0.970563766251504,0.993819033964179
128,"gfdl-esm4 ssp585","0.25",0.141403914895003,0.00181799999999999,30,0.220846405987521,0.999827145513307,0.963671726092758
128,"ipsl-cm6a-lr ssp126","0.25",0.343564004220615,0.0181065454567489,30,0.499636857292262,0.982182596090069,0.994721836661942
128,"ipsl-cm6a-lr ssp585","0.25",0.254490107412732,-4.44089209850063e-16,30,0.408053993876552,0.99253465836819,0.999680532890193
130,"gfdl-esm4 ssp126","0.25",0.737003679311447,0.1225760882562,30,0.356545553257706,0.985149889909316,1
130,"gfdl-esm4 ssp585","0.25",0.304926729297979,0.000826280999999707,30,0.336030304164314,0.979268489308409,0.996931132426918
130,"ipsl-cm6a-lr ssp126","0.25",0.731198059339002,0.100451133260225,30,0.581544902366795,0.996880023008844,1
130,"ipsl-cm6a-lr ssp585","0.25",0.799731617901388,0.195522511265591,30,0.553632226886642,0.966018810909361,1
132,"gfdl-esm4 ssp126","0.25",0.56919432756305,0.0275677613519915,30,0.052331405427,0.936784795360407,0.99961709839065
132,"gfdl-esm4 ssp585","0.25",0.620321706824749,0.161466654483838,30,0.376692120047306,0.998135674310189,0.999958060944564
132,"ipsl-cm6a-lr ssp126","0.25",0.238932332174617,0.0084500425761248,30,0.364662031606991,0.974558619422997,0.99268647262275
132,"ipsl-cm6a-lr ssp585","0.25",0.860546820907303,0.228210004594239,30,0.578036821202012,0.999999501933493,1
135,"gfdl-esm4 ssp126","0.25",0.658776565101529,0.109243371675447,30,0.564862918161618,0.984483083763467,0.999851034536479
135,"gfdl-esm4 ssp585","0.25",0.671725743655958,0.0754404587226665,30,0.52189311823863,0.988108530319289,0.999896906130383
135,"ipsl-cm6a-lr ssp126","0.25",0.409340729006634,0.0294766615924951,30,0.320151424264622,0.983388287291651,0.999705986327008
135,"ipsl-cm6a-lr ssp585","0.25",0.764272755371799,0.126288639626571,30,0.442767693346377,0.934212077688225,0.999993375834939
136,"gfdl-esm4 ssp126","0.25",0.076458474928375,0.00307351534911082,30,0.25374173988934,0.996108427751188,0.964329882631715
136,"gfdl-esm4 ssp585","0.25",0.2246400301142,0,30,0.797515578713053,0.993417165583401,1
136,"ipsl-cm6a-lr ssp126","0.25",0.0823840455951256,0.00403959599999992,30,0.199966819104568,0.977105219613804,0.988989998459481
136,"ipsl-cm6a-lr ssp585","0.25",0.246579512625073,-2.22044604925031e-16,30,0.802687385417632,0.997937823636504,1
137,"gfdl-esm4 ssp126","0.25",0.543406226217616,0.00826280999999995,30,0.147985237438028,0.977421885132704,1
137,"gfdl-esm4 ssp585","0.25",0.54925465657348,0.0936496936612489,30,0.103904593781644,0.9962024303265,1
137,"ipsl-cm6a-lr ssp126","0.25",0.376056612890096,0.0219098896939426,30,0.486452403491159,0.993916960360935,0.998076260082377
137,"ipsl-cm6a-lr ssp585","0.25",0.659508369862043,0.0543792450525328,30,0.342682849516616,0.999998835704764,0.999009881044246
140,"gfdl-esm4 ssp126","0.25",0.221431801625979,2.22044604925031e-16,30,0.286484019305565,0.976817113385525,0.99374727827855
140,"gfdl-esm4 ssp585","0.25",0.596726774877173,0.119046948407328,30,0.520979217180715,0.994420256925531,0.999282843229627
140,"ipsl-cm6a-lr ssp126","0.25",0.456692539477831,0.0117215180294371,30,0.258676684610042,0.977512206138613,0.999790216226466
140,"ipsl-cm6a-lr ssp585","0.25",0.445239325627365,0.0251755666996012,30,0.149427566283283,0.987482379230092,0.999929379000222
141,"gfdl-esm4 ssp126","0.25",0.1249830644032,0.00605939399999977,30,0.350571329859229,0.920860252062957,1
141,"gfdl-esm4 ssp585","0.25",0.227013951159823,0.0148838735226877,30,0.23035488567255,0.913083318495225,1
141,"ipsl-cm6a-lr ssp126","0.25",0.110929304265677,0.00303060599999994,30,0.134504082128714,0.966940832235685,1
141,"ipsl-cm6a-lr ssp585","0.25",0.308894186247263,0.00100989899999993,30,0.40998651476983,0.986965278719998,1
145,"gfdl-esm4 ssp126","0.25",0.598743379339927,0.00826280999999995,30,0.141653592043387,0.984285635225327,1
145,"gfdl-esm4 ssp585","0.25",0.560477000663055,0.0936496936612488,30,0.164527075305791,0.996547629409821,0.999265934029249
145,"ipsl-cm6a-lr ssp126","0.25",0.497611856023667,0.0176468081447202,30,0.617426535312586,0.982968188921332,1
145,"ipsl-cm6a-lr ssp585","0.25",0.917453305591925,0.205234901442987,30,0.404363471954345,0.999998206969965,1
146,"gfdl-esm4 ssp126","0.25",0.166622702968591,0.00991537200000003,30,0.392789461868738,0.868445057608953,0.992963554842594
146,"gfdl-esm4 ssp585","0.25",0.197498627468015,1.11022302462516e-16,30,0.46284528296408,0.980347948625277,0.999385955839804
146,"ipsl-cm6a-lr ssp126","0.25",0.32638310725176,0.018178182,30,0.35116134747133,0.990401129809676,0.995299169209258
146,"ipsl-cm6a-lr ssp585","0.25",0.450097872818863,0.0600506885123999,30,0.51372844312353,0.980127085171868,1
147,"gfdl-esm4 ssp126","0.25",0.412082826190683,0.0394156833986742,30,0.04751547525,0.940390079718708,1
147,"gfdl-esm4 ssp585","0.25",0.623943814240408,0.0653814396245107,30,0.254757975471737,0.998803920782221,1
147,"ipsl-cm6a-lr ssp126","0.25",0.01111,0,30,0.2,0.895934400795204,1
147,"ipsl-cm6a-lr ssp585","0.25",0.64025420775806,0.193993541004,30,0.243239982061745,0.974921740259655,1
149,"gfdl-esm4 ssp126","0.25",0.22637011510927,0.00201979799999996,30,0.549647435447363,0.980952919745244,0.987694852162385
149,"gfdl-esm4 ssp585","0.25",0.301859081248043,0.0151925153631333,30,0.48130502956806,0.919851025211451,0.998685615490143
149,"ipsl-cm6a-lr ssp126","0.25",0.0805995462125374,0.00185203699999992,30,0.261725635077426,0.972355413416022,0.956670304989626
149,"ipsl-cm6a-lr ssp585","0.25",0.718428135564908,0.12616949088,30,0.67904190274652,0.996761054554771,1
151,"gfdl-esm4 ssp126","0.25",0.339309290677146,0.0253331272827425,30,0.0833724613958546,0.894670730188202,0.988945994392002
151,"gfdl-esm4 ssp585","0.25",0.963154909395958,0.450170350390643,30,0.156110470923002,0.961441648709806,1
151,"ipsl-cm6a-lr ssp126","0.25",0.977914139881865,0.657744637682387,30,0.348303121206161,0.995924990762702,1
151,"ipsl-cm6a-lr ssp585","0.25",0.84240007621848,0.201050926573943,30,0.52040812753267,0.99532945745093,1
152,"gfdl-esm4 ssp126","0.25",0.404553219513971,0.0152805242479109,30,0.610961123168859,0.9892860173567,0.998424941076785
152,"gfdl-esm4 ssp585","0.25",0.341800776347161,0.003029697,30,0.355783100737682,0.919851025211451,1
152,"ipsl-cm6a-lr ssp126","0.25",0.135763573439785,0.0018520369999997,30,0.368118276093327,0.960188610471607,1
152,"ipsl-cm6a-lr ssp585","0.25",0.58084768043376,0.0727199999999999,30,0.609923565507392,0.996113109990125,1
188,"gfdl-esm4 ssp126","0.25",0.11554092258858,0,30,0.376850420668904,0.990227064486483,1
188,"gfdl-esm4 ssp585","0.25",0.414906525304302,0.0361490902975622,30,0.100005804663106,0.963453547306956,1
188,"ipsl-cm6a-lr ssp126","0.25",0.227152662124891,0,30,0.488268026662174,0.935852589059868,1
188,"ipsl-cm6a-lr ssp585","0.25",0.343250861739955,0.0139325343310774,30,0.570029000871624,0.980328328599897,1
579,"gfdl-esm4 ssp126","0.25",0.209448268364474,0.0175186116,30,0.421979254929797,0.996237825216845,0.996042690005059
579,"gfdl-esm4 ssp585","0.25",0.455997800833325,0.0193026601736638,30,0.330977753494853,0.881254083967265,0.99991283198963
579,"ipsl-cm6a-lr ssp126","0.25",0.55284510636053,0.0764954789891521,30,0.242294007755669,0.983131497894264,0.997825270631896
579,"ipsl-cm6a-lr ssp585","0.25",0.584965894918296,0.0950518956017042,30,0.226138238767188,0.963456148452473,0.998638191007664
582,"gfdl-esm4 ssp126","0.25",0.0934999999999999,0,30,0.09595,0.881902,0.9440128
582,"gfdl-esm4 ssp585","0.25",0,0,30,0,0.69625,1
582,"ipsl-cm6a-lr ssp126","0.25",0,0,30,0.2959744,0.599959999,1
582,"ipsl-cm6a-lr ssp585","0.25",0.0399999999999999,0,30,0.08,0.4168,1
583,"gfdl-esm4 ssp126","0.25",0.278112700498267,0.0108543326893312,30,0.206043509521353,0.992035323508182,0.991277090267364
583,"gfdl-esm4 ssp585","0.25",0.438821804117215,0.0438506776455488,30,0.301270450306891,0.99911569135963,0.99588212021143
583,"ipsl-cm6a-lr ssp126","0.25",0.896010569419251,0.403337565616389,30,0.242529715290131,0.985977750566625,0.999545241253074
583,"ipsl-cm6a-lr ssp585","0.25",0.200974244545934,0.00605123483207815,30,0.247718240667322,0.994765196411321,0.979991827097099
620,"gfdl-esm4 ssp126","0.25",0.857597757672402,0.309640455828699,30,0.0990015655874641,0.798801484409997,0.999589452702571
620,"gfdl-esm4 ssp585","0.25",0.565847935767168,0.0281268047308095,30,0.193355157274604,0.938227660263407,1
620,"ipsl-cm6a-lr ssp126","0.25",0.345121911005488,0.0166216035628171,30,0.200598153066945,0.95113012820591,0.997020677409395
620,"ipsl-cm6a-lr ssp585","0.25",0.200405893460927,0.00201979799999996,30,0.319421610930088,0.918556293037013,1
640,"gfdl-esm4 ssp126","0.25",0.357565552497281,0,30,0.641913303010568,0.999308397033994,0.9983719061906
640,"gfdl-esm4 ssp585","0.25",0.67689391831434,0.131647754062443,30,0.359916255619374,0.992335038264789,0.999749444583929
640,"ipsl-cm6a-lr ssp126","0.25",0.210416744245014,0,30,0.384022794012008,0.968644985009121,1
640,"ipsl-cm6a-lr ssp585","0.25",0.42279289539303,0.044455556,30,0.4151227353523,0.978502384643956,0.99982638275752
755,"gfdl-esm4 ssp126","0.25",0.425637269773496,0.0336371320255563,30,0.19258425246741,0.943323942851463,0.994232702884635
755,"gfdl-esm4 ssp585","0.25",0.718459307530685,0.12141863744215,30,0.537797721774507,0.998838130054061,1
755,"ipsl-cm6a-lr ssp126","0.25",0.312132432223159,0.00181799999999988,30,0.422567945583174,0.987249158351937,1
755,"ipsl-cm6a-lr ssp585","0.25",0.62222299946582,0.111437849155236,30,0.397362676735698,0.998083189583145,0.999942348814226
762,"gfdl-esm4 ssp126","0.25",0.71076692595979,0.162778331373664,30,0.256634419759031,0.986610445925318,0.999191951868713
762,"gfdl-esm4 ssp585","0.25",0.360238192410813,0.00856623603618001,30,0.125543208371012,0.80291876299809,1
762,"ipsl-cm6a-lr ssp126","0.25",0.342193950845151,0.0181638444538896,30,0.335541899821268,0.96970590333675,0.999008075302077
762,"ipsl-cm6a-lr ssp585","0.25",0.614341679806511,0.0658384657822108,30,0.16397947667597,0.973634650132321,1
764,"gfdl-esm4 ssp126","0.25",0.387555917023417,0.0344485058613989,30,0.0950729940696837,0.859560973584269,0.992139668548613
764,"gfdl-esm4 ssp585","0.25",0.931253509364275,0.481647983067139,30,0.240662329564518,0.978310927399266,1
764,"ipsl-cm6a-lr ssp126","0.25",0.892986831803358,0.412158672690406,30,0.343725015724686,0.99613187647822,0.999982706650645
764,"ipsl-cm6a-lr ssp585","0.25",0.719409325728199,0.164581354969114,30,0.0247894216280999,0.998910036641898,0.99893178402223
838,"gfdl-esm4 ssp126","0.25",0.652105115735775,0.13061293238787,30,0,0.991217726321858,0.997836330536064
838,"gfdl-esm4 ssp585","0.25",0.24800815212209,0.0220319565839998,30,0.284827122778596,0.97968119578657,0.988854616893726
838,"ipsl-cm6a-lr ssp126","0.25",0.127273487769151,0.0053184865682937,30,0.224568584996319,0.968200782098333,1
838,"ipsl-cm6a-lr ssp585","0.25",0.679195840157515,0.135899734019488,30,0.359182281452948,0.952701653575035,0.999950357227383
857,"gfdl-esm4 ssp126","0.25",0.191065225616612,0.0175186116,30,0.125984089391217,0.994983766955793,0.989007472236275
857,"gfdl-esm4 ssp585","0.25",0.401854038511132,0.0157107240868318,30,0.0539757164575833,0.881254083967265,0.992906249156095
857,"ipsl-cm6a-lr ssp126","0.25",0.581371243004003,0.0799162080743107,30,0.242541167347063,0.981781471126216,0.999328773810429
857,"ipsl-cm6a-lr ssp585","0.25",0.496440595435867,0.0730399360681904,30,0.340860579869058,0.974624355487588,0.996716711077851
863,"gfdl-esm4 ssp126","0.25",0.405698315120792,0.0727260599999999,30,0.585873265567026,0.93043630204202,1
863,"gfdl-esm4 ssp585","0.25",0.617508220818953,0.0770971370005887,30,0.0290880201999999,0.975106451536483,1
863,"ipsl-cm6a-lr ssp126","0.25",0.580928464185816,0.0606048479999999,30,0.278140224800058,0.993434369757721,0.999939840063819
863,"ipsl-cm6a-lr ssp585","0.25",0.880761903552717,0.184287809162327,30,0.0361103142256201,0.964019018235606,1
869,"gfdl-esm4 ssp126","0.25",0.504157193119077,0.0323001155146514,30,0.204963907191002,0.980537814116467,0.999910883377445
869,"gfdl-esm4 ssp585","0.25",0.729790981663729,0.294197547303,30,0.267152849342078,1,0.996827919271428
869,"ipsl-cm6a-lr ssp126","0.25",0.296854117722392,0.0264409920000001,30,0.224530834177389,0.908414082450896,0.973777561668834
869,"ipsl-cm6a-lr ssp585","0.25",0.790988105724545,0.16369733011632,30,0.21091282094846,0.999999824625425,0.999782340483824
878,"gfdl-esm4 ssp126","0.25",0.219308053167618,0.00806695324811735,30,0.398092922683076,0.859560973584269,1
878,"gfdl-esm4 ssp585","0.25",0.933072430015038,0.426664573463168,30,0.12393336888022,0.948588864946408,1
878,"ipsl-cm6a-lr ssp126","0.25",0.86101938811019,0.259186681111883,30,0.964753660642687,0.995109793306975,1
878,"ipsl-cm6a-lr ssp585","0.25",0.852996821871702,0.204446907369338,30,0.66021670837529,0.991928333914019,1
889,"gfdl-esm4 ssp126","0.25",0.716678639556549,0.032259752678307,30,0.262756399585573,0.964654979790608,0.998252399037122
889,"gfdl-esm4 ssp585","0.25",0.6468797664887,0.0681681825,30,0.623021891787898,0.999534536953759,1
889,"ipsl-cm6a-lr ssp126","0.25",0.473145879579725,0.054541212,30,0.45086956252949,0.996582185756598,1
889,"ipsl-cm6a-lr ssp585","0.25",0.441431769881946,0.0251280645840424,30,0.40477334753347,0.990399562585951,0.999862787223362
901,"gfdl-esm4 ssp126","0.25",0.490581773599391,0.0099996535874437,30,0.280263866134148,0.988295104418982,1
901,"gfdl-esm4 ssp585","0.25",0.426665317780642,0.0351053345960428,30,0.177269607068436,0.899487493121978,0.99252129274927
901,"ipsl-cm6a-lr ssp126","0.25",0.249717267788305,0.00808030300000007,30,0.729352928536362,0.968474399516623,1
901,"ipsl-cm6a-lr ssp585","0.25",0.385547613776941,0.020471398392348,30,0.300116158515195,0.966550217173953,0.998535295686778
909,"gfdl-esm4 ssp126","0.25",0.108262119945868,0.00330512399999994,30,0.137286912378204,0.997619278529053,0.945587531694245
909,"gfdl-esm4 ssp585","0.25",0.363748443715706,0.012118788,30,0.28275254236902,0.838743697503008,1
909,"ipsl-cm6a-lr ssp126","0.25",0.595034704068786,0.0906539809106016,30,0.273550970944591,0.970847730228845,0.999216985202834
909,"ipsl-cm6a-lr ssp585","0.25",0.451355372187266,0.059048587150479,30,0.313953559774142,0.961626804277481,1
910,"gfdl-esm4 ssp126","0.25",0.108262119945868,0.00330512399999994,30,0.125984089391217,0.994983766955793,0.98763340626581
910,"gfdl-esm4 ssp585","0.25",0.781993579122821,0.194654514447846,30,0.149058744713466,0.868060093296961,1
910,"ipsl-cm6a-lr ssp126","0.25",0.654849301575484,0.155891393340875,30,0.441951903834844,0.992972792784146,1
910,"ipsl-cm6a-lr ssp585","0.25",0.55604247697742,0.0894448540898967,30,0.250523270977843,0.972593481665271,0.999425471031524
922,"gfdl-esm4 ssp126","0.25",0.108262119945868,0.00330512399999994,30,0.125984089391217,0.994356808365163,0.989117506338849
922,"gfdl-esm4 ssp585","0.25",0.363748443715706,0.012118788,30,0.0182783539644381,0.838743697503008,0.987332836588693
922,"ipsl-cm6a-lr ssp126","0.25",0.495565373864522,0.0650028661467833,30,0.218875460610928,0.970847730228845,1
922,"ipsl-cm6a-lr ssp585","0.25",0.445714505364476,0.0411908235572691,30,0.656975827173158,0.961626804277481,1
948,"gfdl-esm4 ssp126","0.25",0.61741023706752,0.09196635455085,30,0.349693675823258,0.996407919739717,0.999487318316958
948,"gfdl-esm4 ssp585","0.25",0.745734395070917,0.127634483876215,30,0.476907654024843,0.99886701946175,0.999676718470959
948,"ipsl-cm6a-lr ssp126","0.25",0.229921349549673,0.0145439999999999,30,0.148317741019249,0.953026977585686,1
948,"ipsl-cm6a-lr ssp585","0.25",0.371027512878313,0.0260855549702123,30,0.368457119652025,0.952028711129244,0.999678533019136
966,"gfdl-esm4 ssp126","0.25",0.298980016161172,0.014544,30,0.484620956224419,0.990227064486483,0.988438449935099
966,"gfdl-esm4 ssp585","0.25",0.414906525304302,0.0361490902975622,30,0.18863341479451,0.963453547306956,0.982443044918896
966,"ipsl-cm6a-lr ssp126","0.25",0.0891598234009945,0,30,0.536925127822755,0.935852589059868,1
966,"ipsl-cm6a-lr ssp585","0.25",0.431457286721585,0.0288744442203825,30,0.300808980955311,0.956284737605615,1
983,"gfdl-esm4 ssp126","0.25",0.19449105525582,0.00714858509466554,30,0.349439085725329,0.992816218827419,1
983,"gfdl-esm4 ssp585","0.25",0.777402511298675,0.205936026864903,30,0.494986592142722,0.995683495802024,0.999923244255178
983,"ipsl-cm6a-lr ssp126","0.25",0.294112291396071,0.00165256199999997,30,0.00909000000000004,0.976442208521365,1
983,"ipsl-cm6a-lr ssp585","0.25",0.304114721910939,0.0241539726819516,30,0.44718556430534,0.941714025736581,1
1009,"gfdl-esm4 ssp126","0.25",0.564928741237393,0.0112674731893314,30,0.185527315657709,0.987099860453969,1
1009,"gfdl-esm4 ssp585","0.25",0.727776956466115,0.0965773097757563,30,0.400795447677034,0.993955944396937,0.999499677374254
1009,"ipsl-cm6a-lr ssp126","0.25",0.330280124651628,0.00330512399999983,30,0.127855592830107,0.970387766932612,0.998552722371735
1009,"ipsl-cm6a-lr ssp585","0.25",0.561413041651724,0.0835768419623516,30,0.138743131225918,0.96452726550779,1
1026,"gfdl-esm4 ssp126","0.25",0.710523773392314,0.116038352398951,30,0.675606800721825,0.986207185567527,1
1026,"gfdl-esm4 ssp585","0.25",0.379716514824244,0.000826280999999929,30,0.445720321860742,0.988108530319289,1
1026,"ipsl-cm6a-lr ssp126","0.25",0.473344274734548,0.0294766615924951,30,0.305862092632938,0.982698381958078,1
1026,"ipsl-cm6a-lr ssp585","0.25",0.560489666934689,0.0686971396421977,30,0.187415457118015,0.905257812647643,0.999326155084166
1087,"gfdl-esm4 ssp126","0.25",0.901090556942295,0.347854771315464,30,0.179297372639628,0.818169491000159,0.999981833030958
1087,"gfdl-esm4 ssp585","0.25",0.953410340493529,0.680111538510298,30,0.518772492938465,0.994513067485175,1
1087,"ipsl-cm6a-lr ssp126","0.25",0.275415157608882,0.00908999999999993,30,0.243241033986813,0.940858509799811,1
1087,"ipsl-cm6a-lr ssp585","0.25",0.392705062685818,0.0284335248479995,30,0.283370597080548,0.946382661941583,0.998879326152237
1096,"gfdl-esm4 ssp126","0.25",0.860104180332022,0.414279406851607,30,0.517245512351884,0.91763154953745,0.999480613140948
1096,"gfdl-esm4 ssp585","0.25",0.890395589007666,0.255500106378916,30,0.728257407836921,0.999974555307242,1
1096,"ipsl-cm6a-lr ssp126","0.25",0.18005635998848,0.00504541541603898,30,0.460229072686002,0.985104300925925,1
1096,"ipsl-cm6a-lr ssp585","0.25",0.678647014558976,0.112604421574728,30,0.445281307967766,0.996689504437695,0.999969802712202
1097,"gfdl-esm4 ssp126","0.25",0.218272390401744,0.00302765720801945,30,0.260046482308739,0.870389197137033,0.996329395818217
1097,"gfdl-esm4 ssp585","0.25",0.459664463561473,0.0238358621390087,30,0.643690439936279,0.987644563863559,1
1097,"ipsl-cm6a-lr ssp126","0.25",0.305028173032062,0.00181799999999999,30,0.348876568969179,0.984846957637852,1
1097,"ipsl-cm6a-lr ssp585","0.25",0.478246714231308,0.0277285599683985,30,0.552854690589816,0.996280854177435,0.999876923126486
1098,"gfdl-esm4 ssp126","0.25",0.0938090127734679,0,30,0.201330362846524,0.940047244231291,0.94426982185704
1098,"gfdl-esm4 ssp585","0.25",0.862002066152519,0.237963653347461,30,0.317927802139395,0.991147534338685,1
1098,"ipsl-cm6a-lr ssp126","0.25",0.811787295464035,0.196603543233158,30,0.394781047740821,0.994306843536046,0.999967242832658
1098,"ipsl-cm6a-lr ssp585","0.25",0.914998271820872,0.348011641170946,30,0.433117402273412,0.989874119314032,1
1101,"gfdl-esm4 ssp126","0.25",0.244516306840861,0.00595712183152808,30,0.483795577943054,0.991548022875829,0.984523910271499
1101,"gfdl-esm4 ssp585","0.25",0.866526211065887,0.218671296631421,30,0.733019503109427,0.99665297223043,1
1101,"ipsl-cm6a-lr ssp126","0.25",0.744271574581654,0.146881879714419,30,0.193156116347763,0.939570317595389,1
1101,"ipsl-cm6a-lr ssp585","0.25",0.774210221647278,0.172398433765003,30,0.595409029538659,0.98231672805866,1
1111,"gfdl-esm4 ssp126","0.25",0.0199999999999999,0,30,0.293988359360728,0.935659021220422,0.985718131093504
1111,"gfdl-esm4 ssp585","0.25",0.0879189399999996,-2.22044604925031e-16,30,0.11300148991,0.91966448740096,0.974491868039553
1111,"ipsl-cm6a-lr ssp126","0.25",0.1981,0.0099999999999999,30,0.13870594,0.784783613344026,1
1111,"ipsl-cm6a-lr ssp585","0.25",0.316258782926694,0.00799999999999945,30,0.297870715946413,0.898333500674811,0.997038630123082
1115,"gfdl-esm4 ssp126","0.25",0.293081945627736,-2.22044604925031e-16,30,0.508274639073236,0.933210868884407,1
1115,"gfdl-esm4 ssp585","0.25",0.28134140404542,0.0101131510172563,30,0.386505828509723,0.978890804993962,1
1115,"ipsl-cm6a-lr ssp126","0.25",0.21972340350139,0.0010098989999997,30,0.175550894559894,0.856039171794651,1
1115,"ipsl-cm6a-lr ssp585","0.25",0.330772605175219,0.0010098989999997,30,0.566981644920685,0.994447244469997,1
1144,"gfdl-esm4 ssp126","0.25",0.208937728,-2.22044604925031e-16,30,0.404894913873249,0.885616037725195,0.989031524679811
1144,"gfdl-esm4 ssp585","0.25",0.0297009999999998,0,30,0.0663173578,0.94644299160064,0.936229670098882
1144,"ipsl-cm6a-lr ssp126","0.25",0.0715250033199996,-2.22044604925031e-16,30,0.149174027200197,0.827811394475534,1
1144,"ipsl-cm6a-lr ssp585","0.25",0.335731732788941,-8.88178419700125e-16,30,0.349037636424611,0.898333500674811,1
1145,"gfdl-esm4 ssp126","0.25",0.0983999999999998,0,30,0.403506005823402,0.935659021220422,0.988574504874803
1145,"gfdl-esm4 ssp585","0.25",0.19519519744,-2.22044604925031e-16,30,0.10026945388,0.91966448740096,1
1145,"ipsl-cm6a-lr ssp126","0.25",0.0712841481999996,0.00199999999999978,30,0.141391749234938,0.827811394475534,0.961740839466576
1145,"ipsl-cm6a-lr ssp585","0.25",0.373520949136998,-2.22044604925031e-16,30,0.523624161604132,0.898333500674811,1
1170,"gfdl-esm4 ssp126","0.25",0.716305198038547,0.13587122181172,30,0.552486608872092,0.998728693291865,0.995803483493855
1170,"gfdl-esm4 ssp585","0.25",0.184058794577291,0.0181781819999998,30,0.20840809284322,0.96781763472772,0.991591072089671
1170,"ipsl-cm6a-lr ssp126","0.25",0.374171209427191,0.0424157580000001,30,0.149277696818382,0.973773367303361,0.974100351969153
1170,"ipsl-cm6a-lr ssp585","0.25",0.99033401751387,0.684705784283486,30,0.464989931033345,0.994234470033834,1
1173,"gfdl-esm4 ssp126","0.25",0.270084483439925,0.00100989899999993,30,0.210971803560648,0.929413687830646,1
1173,"gfdl-esm4 ssp585","0.25",0.256793556622671,0.00655928901105474,30,0.192991784189049,0.965500785963677,1
1173,"ipsl-cm6a-lr ssp126","0.25",0.166839622390942,0.00151530299999991,30,0.187842379406725,0.88563195919747,1
1173,"ipsl-cm6a-lr ssp585","0.25",0.192034354763366,-2.22044604925031e-16,30,0.443852983559659,0.977950189275294,1
4,"gfdl-esm4 ssp126","0.5",0.869581707670771,0.47330967100586,30,0.108718690400874,0.982284244442423,0.999827266971877
4,"gfdl-esm4 ssp585","0.5",0.513174484119287,0.0403380158217325,30,0.337029883812999,0.99994142031486,1
4,"ipsl-cm6a-lr ssp126","0.5",0.465397587097364,0.0680353952432949,30,0.164286554268785,0.866172723205335,0.990274459519112
4,"ipsl-cm6a-lr ssp585","0.5",0.648027785110071,0.0683871197076578,30,0.870790644417512,0.998681895341824,1
6,"gfdl-esm4 ssp126","0.5",0.699420396397153,0.123732253353635,30,0.168619004641628,0.936937763754773,1
6,"gfdl-esm4 ssp585","0.5",0.541424057116502,0.1006238391552,30,0.267206167761547,1,0.996633646701927
6,"ipsl-cm6a-lr ssp126","0.5",0.805212307654354,0.23562038488036,30,0.373139305291297,0.952695197366588,1
6,"ipsl-cm6a-lr ssp585","0.5",0.983112669926164,0.442788232555224,30,0.579881755364673,0.999999846963001,1
7,"gfdl-esm4 ssp126","0.5",0.519936616395582,0.0327299999999999,30,0.068326377106255,0.935836670577174,0.99906695868178
7,"gfdl-esm4 ssp585","0.5",0.643186339699714,0.0992129504696116,30,0.133921877226288,0.975898589423695,1
7,"ipsl-cm6a-lr ssp126","0.5",0.248654477066452,0.00908909099999966,30,0.0314291320102671,0.800776359225269,1
7,"ipsl-cm6a-lr ssp585","0.5",0.0836257412683199,0.00302969699999989,30,0.158395797026751,0.657071038181881,0.987982549898952
9,"gfdl-esm4 ssp126","0.5",0.147307094841688,-2.22044604925031e-16,30,0.408038390587953,0.929309818269619,1
9,"gfdl-esm4 ssp585","0.5",0.238876201028453,0.0045449999999998,30,0.233582189773915,0.93389712536844,1
9,"ipsl-cm6a-lr ssp126","0.5",0.208099218129552,0,30,0.00826280999999995,0.581857574007728,1
9,"ipsl-cm6a-lr ssp585","0.5",0.415521251374838,0.0213286046089984,30,0.221454768373591,0.772843800595049,1
16,"gfdl-esm4 ssp126","0.5",0.3532344701112,0.00661024799999999,30,0.109735155498351,0.945915077685454,1
16,"gfdl-esm4 ssp585","0.5",0.839340756415795,0.287316713938041,30,0.222511906917604,0.968465889013092,1
16,"ipsl-cm6a-lr ssp126","0.5",0.88333003848891,0.401420548717225,30,0.228245824967648,0.993954905360398,0.999840404942555
16,"ipsl-cm6a-lr ssp585","0.5",0.199811501155934,0.00806695324811746,30,0.170605996941254,0.960914430448877,0.97879270910563
17,"gfdl-esm4 ssp126","0.5",0.223435432,0,30,0.316483098531455,0.99536008548732,0.997351134888536
17,"gfdl-esm4 ssp585","0.5",0.0965050884352867,0.00336599336699983,30,0.152986074351028,0.968961923282229,0.883688242217784
17,"ipsl-cm6a-lr ssp126","0.5",0.417894943346524,0.0194230552052338,30,0.316865294953536,0.857159804556835,1
17,"ipsl-cm6a-lr ssp585","0.5",0.205284228210408,0,30,0.277617439092811,0.989694911590005,1
27,"gfdl-esm4 ssp126","0.5",0.862576524964377,0.306370163502896,30,0.352788216310365,0.923473113366734,0.999968289588578
27,"gfdl-esm4 ssp585","0.5",0.941907953763023,0.654447235413908,30,0.194752823993069,0.997411668780921,0.999941499610745
27,"ipsl-cm6a-lr ssp126","0.5",0.0457646161650224,0,30,0.21881331425035,0.919156528848646,0.99757796663413
27,"ipsl-cm6a-lr ssp585","0.5",0.349787417658023,0.0161583839999999,30,0.153478418081147,0.931760357092683,0.99579237233979
36,"gfdl-esm4 ssp126","0.5",0.633684656035093,0.00183599638199994,30,0.097368218284564,0.815010522904718,1
36,"gfdl-esm4 ssp585","0.5",0.459002045113603,0.031049046115776,30,0.249391638305356,0.966831600588207,1
36,"ipsl-cm6a-lr ssp126","0.5",0.328154434761891,0.0042373100088432,30,0.470273402379208,0.99318102417312,1
36,"ipsl-cm6a-lr ssp585","0.5",0.356245736917135,0.0123456703660029,30,0.494091500018589,0.948708453486403,1
46,"gfdl-esm4 ssp126","0.5",0.230250495075408,0,30,0.0937915676015532,0.956967734953223,0.980297325764181
46,"gfdl-esm4 ssp585","0.5",0.306546499231906,0.0177975471919967,30,0.219863003892969,0.990622851405303,0.98449661208326
46,"ipsl-cm6a-lr ssp126","0.5",0.78172745869134,0.08289271209926,30,0.13115364497874,0.988338671224268,1
46,"ipsl-cm6a-lr ssp585","0.5",0.878090550080691,0.0945459595999999,30,0.418764518245105,0.980442293224925,1
52,"gfdl-esm4 ssp126","0.5",0.589944489643059,0.12118788,30,0.239928900631214,0.903908519317746,0.99979530165296
52,"gfdl-esm4 ssp585","0.5",0.486238730524354,0.11937098191,30,0.976208533118387,0.999421841979889,1
52,"ipsl-cm6a-lr ssp126","0.5",0.462176849510323,0.0451038483830707,30,0.201294956496544,0.962902172136613,1
52,"ipsl-cm6a-lr ssp585","0.5",0.884809289242722,0.210995575154361,30,0.713243798713395,0.999999943082015,1
94,"gfdl-esm4 ssp126","0.5",0.775628546162846,0.257473574313208,30,0.308044178798988,0.991498822838441,1
94,"gfdl-esm4 ssp585","0.5",0.17415067856989,0.0146879710559998,30,0.1452161615578,0.912205567303457,1
94,"ipsl-cm6a-lr ssp126","0.5",0.221031181476695,0.00348867773369976,30,0.325530761999256,0.971961155667305,1
94,"ipsl-cm6a-lr ssp585","0.5",0.574767392580518,0.052061407130463,30,0.542914362124946,0.895568721975309,1
95,"gfdl-esm4 ssp126","0.5",0.0584244767913352,0,30,0.239318071612064,0.958074403100478,1
95,"gfdl-esm4 ssp585","0.5",0.1096332921736,0.000908999999999605,30,0.33113429842407,0.973131733963984,1
95,"ipsl-cm6a-lr ssp126","0.5",0.4533728464,0.08728,30,0.358569708463055,0.96863403774651,0.977740343305048
95,"ipsl-cm6a-lr ssp585","0.5",0.238223756486029,0.0131164482481174,30,0.211036339960168,0.990586327965054,0.97252069215218
97,"gfdl-esm4 ssp126","0.5",0.290678214958232,0.00918163447199993,30,0.18345808270248,0.83475262469264,0.997002631111396
97,"gfdl-esm4 ssp585","0.5",0.387425607301914,0.026046782962741,30,0.155807475168869,0.953871094167136,0.999221293349475
97,"ipsl-cm6a-lr ssp126","0.5",0.129033630771541,0.00605939399999977,30,0.232884657043547,0.987543701495195,0.993661129858506
97,"ipsl-cm6a-lr ssp585","0.5",0.115336060590912,0,30,0.58452779197414,0.951228681551368,1
98,"gfdl-esm4 ssp126","0.5",0,0,30,0.0892,0.645706,0.834112
98,"gfdl-esm4 ssp585","0.5",0.0399999999999999,0,30,0,0.595,0.96220864
98,"ipsl-cm6a-lr ssp126","0.5",0.0333399999999998,-2.22044604925031e-16,30,0,0.3333,1
98,"ipsl-cm6a-lr ssp585","0.5",0.06668,0,30,0.04,0.4600216,0.96889724416
99,"gfdl-esm4 ssp126","0.5",0.325111414046864,0.00413140499999998,30,0.253030879362292,0.99248572848733,0.994571387662461
99,"gfdl-esm4 ssp585","0.5",0.173052815874314,0.0168927091055998,30,0.370533867642449,0.975466380859739,0.992067108444242
99,"ipsl-cm6a-lr ssp126","0.5",0.0410472096771155,0,30,0.057150998547577,0.976350781214678,0.879052034759806
99,"ipsl-cm6a-lr ssp585","0.5",0.528472462102999,0.0242375759999998,30,0.443366571160743,0.991157689725619,1
120,"gfdl-esm4 ssp126","0.5",0.616431316305531,0.110541410563186,30,0.297009086652488,0.931359033707918,0.999912279218529
120,"gfdl-esm4 ssp585","0.5",0.600164339423167,0.147077005974948,30,0.291673640177932,1,0.998337939759458
120,"ipsl-cm6a-lr ssp126","0.5",0.593939830689888,0.0611761266808108,30,0.356775308570307,0.846720177327179,1
120,"ipsl-cm6a-lr ssp585","0.5",0.88427042137696,0.20944260091811,30,0.55751789711233,0.999999928436023,0.999991432150094
121,"gfdl-esm4 ssp126","0.5",0.190847665281362,0.00970913671307749,30,0.161654473745642,0.960510693616953,1
121,"gfdl-esm4 ssp585","0.5",0.687276010242804,0.0694076039999999,30,0.433544715953398,0.990132088731281,1
121,"ipsl-cm6a-lr ssp126","0.5",0.408577599226699,0.000826280999999929,30,0.436008862242846,0.931864904178403,1
121,"ipsl-cm6a-lr ssp585","0.5",0.471443563626847,0.0221443454887051,30,0.520102195427514,0.941226546174804,1
123,"gfdl-esm4 ssp126","0.5",0.459175699758897,0,30,0.268989434762313,0.970867014302081,1
123,"gfdl-esm4 ssp585","0.5",0.647603955759111,0.19839774495648,30,0.362584040516972,0.999386844330154,1
123,"ipsl-cm6a-lr ssp126","0.5",0.758391699827801,0.179870222501732,30,0.144590724354436,0.891815160881822,1
123,"ipsl-cm6a-lr ssp585","0.5",0.918286472164005,0.316561207068846,30,0.537833489529061,0.999999256080536,1
124,"gfdl-esm4 ssp126","0.5",0.389535308802509,0.0181799999999998,30,0.127216485658954,0.973722187844747,1
124,"gfdl-esm4 ssp585","0.5",0.397153040317771,0.000826280999999929,30,0.546530916235967,0.982479024202235,1
124,"ipsl-cm6a-lr ssp126","0.5",0.254585635147315,1.11022302462516e-16,30,0.194131408930982,0.9223831851065,1
124,"ipsl-cm6a-lr ssp585","0.5",0.295531513407355,0.00596745646740016,30,0.40586156365711,0.9793061181932,0.997218763243228
127,"gfdl-esm4 ssp126","0.5",0.928869286790455,0.47751588700128,30,0.269554614311262,0.820941877088966,1
127,"gfdl-esm4 ssp585","0.5",0.979892315670383,0.735489889394212,30,0.597389050133912,0.999728741372577,0.999991904899797
127,"ipsl-cm6a-lr ssp126","0.5",0.687676018338767,0.0851963981196506,30,0.376684861708201,0.978695010468818,1
127,"ipsl-cm6a-lr ssp585","0.5",0.958009817348193,0.415238103586525,30,0.819360999114108,0.999002342338985,1
128,"gfdl-esm4 ssp126","0.5",0.41351125250332,0.0396687600000001,30,0.213895785777815,0.979433067020721,0.988649936946073
128,"gfdl-esm4 ssp585","0.5",0.209757328214423,0.00841623056913599,30,0.373267355139023,1,0.99557973768498
128,"ipsl-cm6a-lr ssp126","0.5",0.108054716319255,0.00303060599999994,30,0.452327381993123,0.959353022583376,0.99710951230351
128,"ipsl-cm6a-lr ssp585","0.5",0.111027832201846,-2.22044604925031e-16,30,0.187311939548342,0.987316073063598,0.997874662875231
130,"gfdl-esm4 ssp126","0.5",0.92008986361993,0.373727367586177,30,0.225317200786568,0.965295333292764,1
130,"gfdl-esm4 ssp585","0.5",0.443342551740032,0.000826280999999929,30,0.454692189958206,0.984130599768422,0.998964434407812
130,"ipsl-cm6a-lr ssp126","0.5",0.667623043406453,0.117635508018723,30,0.482499350081286,0.991300291543523,1
130,"ipsl-cm6a-lr ssp585","0.5",0.797436761874339,0.209635509691672,30,0.529534711865543,0.951754501892237,1
132,"gfdl-esm4 ssp126","0.5",0.461244533142335,1.11022302462516e-16,30,0.052331405427,0.961248141048606,0.999287576160766
132,"gfdl-esm4 ssp585","0.5",0.362885361893519,0.0411305421707999,30,0.404983135884848,0.999659357961197,0.999823837672942
132,"ipsl-cm6a-lr ssp126","0.5",0.353084102469664,0.00761347131715495,30,0.63109544814722,0.909849573562822,1
132,"ipsl-cm6a-lr ssp585","0.5",0.80989652889753,0.195588737370033,30,0.505303021683568,0.99999938009191,1
135,"gfdl-esm4 ssp126","0.5",0.862703915497205,0.254750328505075,30,0.447491627123892,0.919209160713764,0.999994381805145
135,"gfdl-esm4 ssp585","0.5",0.725201154144843,0.0508554484926704,30,0.636258209467469,0.991576182351155,0.999983064803889
135,"ipsl-cm6a-lr ssp126","0.5",0.409508583289252,0.034789241240836,30,0.251187204440757,0.966108188389943,0.99963334432391
135,"ipsl-cm6a-lr ssp585","0.5",0.743407286839004,0.157428653554682,30,0.409799227036852,0.873358746845869,0.999987954001601
136,"gfdl-esm4 ssp126","0.5",0.10778052990652,0.00555030900904474,30,0.353183755183018,0.997706456134549,0.97936279943501
136,"gfdl-esm4 ssp585","0.5",0.0906803253595604,-2.22044604925031e-16,30,0.80824058921723,0.98799086350309,1
136,"ipsl-cm6a-lr ssp126","0.5",0.0474683839999999,0.00201979799999996,30,0.143627381451769,0.955484139805625,0.902879934941949
136,"ipsl-cm6a-lr ssp585","0.5",0.340655958929296,0.00302969699999989,30,0.784499693784328,0.998016669152168,1
137,"gfdl-esm4 ssp126","0.5",0.540125731751087,0,30,0.18240829878464,0.988852806560561,1
137,"gfdl-esm4 ssp585","0.5",0.45176289162017,0.0446780429366138,30,0.369117760126854,0.997538641647614,1
137,"ipsl-cm6a-lr ssp126","0.5",0.550317633965871,0.0726732442743789,30,0.215217125555584,0.907106282272484,0.998720582441188
137,"ipsl-cm6a-lr ssp585","0.5",0.630527019321107,0.121498391909535,30,0.267664513298802,0.99999739596723,0.997918329869088
140,"gfdl-esm4 ssp126","0.5",0.258238587074466,1.11022302462516e-16,30,0.213748632114035,0.967725801214917,0.998910520925456
140,"gfdl-esm4 ssp585","0.5",0.600952667389475,0.119855661715046,30,0.58406218584667,0.990622851405303,0.999657089864702
140,"ipsl-cm6a-lr ssp126","0.5",0.420680901184971,0.00908093183207825,30,0.157174781284901,0.966412686194528,0.9994984584587
140,"ipsl-cm6a-lr ssp585","0.5",0.552565631855229,0.0586436476583841,30,0.17521183115301,0.976529813062432,0.999928682253481
141,"gfdl-esm4 ssp126","0.5",0.0984732442202338,0.00453944602004885,30,0.370444898841953,0.941377948200214,1
141,"gfdl-esm4 ssp585","0.5",0.529418343526716,0.0925773316576599,30,0.350525406110623,0.925963115155729,1
141,"ipsl-cm6a-lr ssp126","0.5",0.227764665848019,0.00605939399999977,30,0.177816837017443,0.939891670781762,1
141,"ipsl-cm6a-lr ssp585","0.5",0.603748280262837,0.00100989899999993,30,0.546501153132034,0.980138305251483,1
145,"gfdl-esm4 ssp126","0.5",0.591214583933488,0,30,0.532074936847836,0.985137075414081,1
145,"gfdl-esm4 ssp585","0.5",0.437998751901027,0.0437113116455693,30,0.211397200158567,0.996390043849395,0.999450907037593
145,"ipsl-cm6a-lr ssp126","0.5",0.751766896240005,0.175489441990976,30,0.46662226440561,0.943697399153317,1
145,"ipsl-cm6a-lr ssp585","0.5",0.874844455594538,0.192603368061103,30,0.303236911503766,0.999996777581951,1
146,"gfdl-esm4 ssp126","0.5",0.334953773451413,0.0173519010000002,30,0.285328172682638,0.79188180891231,0.998805808640571
146,"gfdl-esm4 ssp585","0.5",0.107426761876284,0,30,0.352542124533846,0.975937943542264,0.996684194694548
146,"ipsl-cm6a-lr ssp126","0.5",0.310840502348598,0.00302969699999989,30,0.16699211788988,0.988568493682777,0.992804137392279
146,"ipsl-cm6a-lr ssp585","0.5",0.47189375138349,0.0834820739401959,30,0.448913928402763,0.967613933387887,1
147,"gfdl-esm4 ssp126","0.5",0.562474571277576,0.07069350380625,30,0.234200469429,0.982715311165103,1
147,"gfdl-esm4 ssp585","0.5",0.547293315819051,0.0429992900841757,30,0.389747131654853,0.99813096297878,1
147,"ipsl-cm6a-lr ssp126","0.5",0.344990306072746,0.0281792619849404,30,0.13454334552,0.853661368938884,1
147,"ipsl-cm6a-lr ssp585","0.5",0.700978138047992,0.158355640945887,30,0.257230042871125,0.943807932338708,1
149,"gfdl-esm4 ssp126","0.5",0.289077280819068,-2.22044604925031e-16,30,0.508573941594568,0.979220899472972,0.985640374748485
149,"gfdl-esm4 ssp585","0.5",0.203045070780479,0.00423731000884375,30,0.43296203842758,0.948308252973251,0.994782779899574
149,"ipsl-cm6a-lr ssp126","0.5",0.0663963398361042,0.00100989899999993,30,0.21753313051998,0.956057517770437,0.959381660589906
149,"ipsl-cm6a-lr ssp585","0.5",0.389210114457379,0.00201979799999985,30,0.679210531029492,0.982757293581452,1
151,"gfdl-esm4 ssp126","0.5",0.29851333228751,0.0100826716641568,30,0.0860569347996505,0.727068039313611,0.990148311843876
151,"gfdl-esm4 ssp585","0.5",0.97418249209661,0.530454107678532,30,0.0992218214050128,0.960727366738129,1
151,"ipsl-cm6a-lr ssp126","0.5",0.983405933424366,0.672532763204901,30,0.124568346218054,0.769166151248004,1
151,"ipsl-cm6a-lr ssp585","0.5",0.770416048492755,0.166396305456035,30,0.529953671646571,0.997820021293726,1
152,"gfdl-esm4 ssp126","0.5",0.419073696751047,0.00666599999999951,30,0.577642843664847,0.988311755953547,0.998529574374245
152,"gfdl-esm4 ssp585","0.5",0.38260162024431,0.00201979799999996,30,0.435748183543449,0.948308252973251,1
152,"ipsl-cm6a-lr ssp126","0.5",0.139964308257019,0.0010098989999997,30,0.279653392845239,0.934089572177047,1
152,"ipsl-cm6a-lr ssp585","0.5",0.555605028867256,0.0745929182894397,30,0.409646074157092,0.979307924614727,1
188,"gfdl-esm4 ssp126","0.5",0.148275678699361,0,30,0.158950894240394,0.968147787959546,1
188,"gfdl-esm4 ssp585","0.5",0.422104798484241,0.000826280999999929,30,0.0903927019556051,0.968537038177544,1
188,"ipsl-cm6a-lr ssp126","0.5",0.212564659505997,1.11022302462516e-16,30,0.469394333448642,0.9223831851065,1
188,"ipsl-cm6a-lr ssp585","0.5",0.366122891210249,0.00201979799999996,30,0.746650378594676,0.992550558508573,1
579,"gfdl-esm4 ssp126","0.5",0.271763944876568,0.0293079597353665,30,0.36745471279043,0.990408629512401,0.996358381773742
579,"gfdl-esm4 ssp585","0.5",0.747120208778321,0.114980719744373,30,0.341930595662118,0.962216078065537,0.999952251837454
579,"ipsl-cm6a-lr ssp126","0.5",0.329458917727038,0.00980862642831548,30,0.0921118549234443,0.982288072788977,0.998867762030717
579,"ipsl-cm6a-lr ssp585","0.5",0.63912158882462,0.121954185016826,30,0.213488861203458,0.987397705506249,1
582,"gfdl-esm4 ssp126","0.5",0.149,0,30,0.1005625,0.763804,0.99028
582,"gfdl-esm4 ssp585","0.5",0,0,30,0,0.73,1
582,"ipsl-cm6a-lr ssp126","0.5",0,0,30,0.13336,0.537050927037,1
582,"ipsl-cm6a-lr ssp585","0.5",0.2026912,-2.22044604925031e-16,30,0,0.352,1
583,"gfdl-esm4 ssp126","0.5",0.344546253822584,0.0141886719822191,30,0.255821303189516,0.973450509471398,0.989947638067115
583,"gfdl-esm4 ssp585","0.5",0.571847974554059,0.126714049146,30,0.178845746838936,0.999032040387917,0.996554908252043
583,"ipsl-cm6a-lr ssp126","0.5",0.97470402475036,0.664046677713416,30,0.207908662157393,0.984705366377766,1
583,"ipsl-cm6a-lr ssp585","0.5",0.20169015192225,0.00403959599999992,30,0.377107459250642,0.996490042445242,0.987650264024024
620,"gfdl-esm4 ssp126","0.5",0.838192675849861,0.28587541492537,30,0.159494788974318,0.731738591264427,0.999826995178182
620,"gfdl-esm4 ssp585","0.5",0.437151738297119,0.00264277882114172,30,0.291729027410438,0.944127968126944,1
620,"ipsl-cm6a-lr ssp126","0.5",0.198384506477732,0,30,0.285600516873187,0.971199707280618,0.979890075264678
620,"ipsl-cm6a-lr ssp585","0.5",0.250218776553768,0.00908093183207825,30,0.231118984168687,0.959275729063154,1
640,"gfdl-esm4 ssp126","0.5",0.45580991378965,0,30,0.619464654654159,0.999209573746442,0.998640067265659
640,"gfdl-esm4 ssp585","0.5",0.754349337039586,0.159375651972179,30,0.439840227861793,0.991030698510846,0.999930245737729
640,"ipsl-cm6a-lr ssp126","0.5",0.325242400077261,0.0183487500651238,30,0.410517856696834,0.932884444342535,1
640,"ipsl-cm6a-lr ssp585","0.5",0.419478258981402,0.0370474080000001,30,0.287915951783888,0.985552045000187,0.997458130777209
755,"gfdl-esm4 ssp126","0.5",0.567463979047851,0.0748498613421585,30,0.120672984915416,0.8488759375289,0.995904959005382
755,"gfdl-esm4 ssp585","0.5",0.81210712695251,0.177499517279863,30,0.508782529342464,0.99788269219402,1
755,"ipsl-cm6a-lr ssp126","0.5",0.639594557902348,0.0638569852482449,30,0.393477382146718,0.943473333731244,1
755,"ipsl-cm6a-lr ssp585","0.5",0.627906829916209,0.114374657245484,30,0.398895388963572,0.994575453825304,0.999880207552957
762,"gfdl-esm4 ssp126","0.5",0.714196189238422,0.163513634460018,30,0.265213327520669,0.971787833662645,0.999055525721451
762,"gfdl-esm4 ssp585","0.5",0.375181268782239,0.01720668653724,30,0.22115081609035,0.914489430526495,1
762,"ipsl-cm6a-lr ssp126","0.5",0.325291764004268,0.0258494177106088,30,0.261569124426095,0.944573711572792,0.999106766067645
762,"ipsl-cm6a-lr ssp585","0.5",0.439316198631092,0.0260891204592723,30,0.204724348637533,0.993382048731626,1
764,"gfdl-esm4 ssp126","0.5",0.478994788647662,0.0573824829877723,30,0.122600928129587,0.811298548797457,0.995640868221921
764,"gfdl-esm4 ssp585","0.5",0.952659728582442,0.563697207735609,30,0.17255283044976,0.98106457465277,0.99999221653833
764,"ipsl-cm6a-lr ssp126","0.5",0.946529654045433,0.446816193200558,30,0.078789394,0.783604628006482,0.999999206079778
764,"ipsl-cm6a-lr ssp585","0.5",0.650568156266465,0.107010504195427,30,0.136871825089994,0.998754296103727,0.997610519561566
838,"gfdl-esm4 ssp126","0.5",0.668406207296768,0.162223901179197,30,0.126374939499166,0.991498822838441,0.99870487712317
838,"gfdl-esm4 ssp585","0.5",0.251113101559807,0.0190666977126269,30,0.36830530353713,0.950615631608195,0.993904923029675
838,"ipsl-cm6a-lr ssp126","0.5",0.0894965363147178,0.00348867773369999,30,0.240747333380388,0.912778384349438,1
838,"ipsl-cm6a-lr ssp585","0.5",0.637993716068523,0.101918201779945,30,0.151895982263599,0.912977416022025,0.999594550763677
857,"gfdl-esm4 ssp126","0.5",0.184926298590521,0.0127461033398322,30,0.0737764660231177,0.987211506016535,0.994942196907975
857,"gfdl-esm4 ssp585","0.5",0.717069158818003,0.113365883147,30,0.174495065636797,0.962216078065537,0.999336831075748
857,"ipsl-cm6a-lr ssp126","0.5",0.191084336927771,0.00980862642831548,30,0.171147045337158,0.969390116740287,0.994472157643297
857,"ipsl-cm6a-lr ssp585","0.5",0.294839982440254,0.026718156043831,30,0.293391754558261,0.987397705506249,0.983744741433387
863,"gfdl-esm4 ssp126","0.5",0.558684250571554,0.18383707,30,0.644007572366704,0.925103918561757,1
863,"gfdl-esm4 ssp585","0.5",0.607290145552018,0.0643887609623517,30,0.0200990101,0.968883833682333,1
863,"ipsl-cm6a-lr ssp126","0.5",0.744360648258553,0.0685895260429736,30,0.11365606,0.980577530257565,1
863,"ipsl-cm6a-lr ssp585","0.5",0.736064936781687,0.0644785313083248,30,0.0280944905417819,0.957002044801031,1
869,"gfdl-esm4 ssp126","0.5",0.603206064215396,0.109069092,30,0.107790165924244,0.948519275280938,0.999771560464919
869,"gfdl-esm4 ssp585","0.5",0.538657371326511,0.136613811798,30,0.243650560475346,1,0.990381595830198
869,"ipsl-cm6a-lr ssp126","0.5",0.518147414162431,0.0506286105439542,30,0.285033967456089,0.846720177327179,0.998980984730821
869,"ipsl-cm6a-lr ssp585","0.5",0.880121898389113,0.277959901944132,30,0.381538709824985,0.999999914119793,0.999950413072664
878,"gfdl-esm4 ssp126","0.5",0.275710919629406,0.0100826716641568,30,0.205255276345821,0.727068039313611,1
878,"gfdl-esm4 ssp585","0.5",0.957018483817363,0.478929787959742,30,0.1377282000955,0.947636488984172,1
878,"ipsl-cm6a-lr ssp126","0.5",0.917935622817886,0.326047468484606,30,0.384443751090268,0.807646153834962,1
878,"ipsl-cm6a-lr ssp585","0.5",0.79130952417994,0.16522990314164,30,0.872235406956205,0.997383920909308,1
889,"gfdl-esm4 ssp126","0.5",0.719987473020382,0.154603972785797,30,0.310717428480537,0.936167246134078,0.998494693338004
889,"gfdl-esm4 ssp585","0.5",0.66550344117759,0.100071993608819,30,0.554368891231934,0.9993452815172,1
889,"ipsl-cm6a-lr ssp126","0.5",0.710932312556655,0.1921105856,30,0.462397018556972,0.995310426450077,1
889,"ipsl-cm6a-lr ssp585","0.5",0.406937972160921,0.0148227713084446,30,0.34323410948902,0.973294249520029,0.999863102551262
901,"gfdl-esm4 ssp126","0.5",0.443015728584754,0.0099996535874437,30,0.280122145310419,0.999142729036857,1
901,"gfdl-esm4 ssp585","0.5",0.457419729499134,0.0359065817853741,30,0.192014949688973,0.882723275416617,0.99615710087332
901,"ipsl-cm6a-lr ssp126","0.5",0.519557831798049,0.0331568199911593,30,0.128146656695176,0.894435911649969,0.999967900640291
901,"ipsl-cm6a-lr ssp585","0.5",0.457117712917556,0.0271938404887054,30,0.334602816884711,0.944349593352059,1
909,"gfdl-esm4 ssp126","0.5",0.225342502394926,0.0127461033398322,30,0.0708441405546091,0.985647239880466,0.974454894236855
909,"gfdl-esm4 ssp585","0.5",0.726215796298356,0.109051743289115,30,0.419806180651334,0.958438101491076,1
909,"ipsl-cm6a-lr ssp126","0.5",0.376480210885112,0.0369739637774863,30,0.0868623524674303,0.963266670755175,0.996178849677135
909,"ipsl-cm6a-lr ssp585","0.5",0.333733606552917,0.0249690201714572,30,0.274913057957342,0.982134754569328,1
910,"gfdl-esm4 ssp126","0.5",0.184926298590521,0.0127461033398322,30,0.0368090009136,0.987211506016535,0.991008212689246
910,"gfdl-esm4 ssp585","0.5",0.962346025150769,0.601170985085115,30,0.173032730655871,0.962216078065537,1
910,"ipsl-cm6a-lr ssp126","0.5",0.383503396768428,0.00980862642831548,30,0.306404770863632,0.977043735368447,1
910,"ipsl-cm6a-lr ssp585","0.5",0.450893003660956,0.026919586591915,30,0.084448465260249,0.981851244057561,0.99730301617538
922,"gfdl-esm4 ssp126","0.5",0.225342502394926,0.0127461033398322,30,0.17354260023812,0.991926572432762,1
922,"gfdl-esm4 ssp585","0.5",0.695795329220396,0.109051743289115,30,0.102335491359275,0.958438101491076,0.998273040287429
922,"ipsl-cm6a-lr ssp126","0.5",0.508581289277166,0.00980862642831548,30,0.0853237998621124,0.963266670755175,0.998777182984003
922,"ipsl-cm6a-lr ssp585","0.5",0.237258478430768,0.0107332032637163,30,0.807300416004501,0.982134754569328,1
948,"gfdl-esm4 ssp126","0.5",0.513323888920368,0.0633570876790625,30,0.258345284573349,0.990007443929575,0.997146230603125
948,"gfdl-esm4 ssp585","0.5",0.746904413303167,0.132100215542099,30,0.624433657570844,0.998891027651993,0.999917344676686
948,"ipsl-cm6a-lr ssp126","0.5",0.193503041935919,0.0109079999999999,30,0.13803198868279,0.880720649366436,1
948,"ipsl-cm6a-lr ssp585","0.5",0.313321278781248,0.0174469542164084,30,0.277240453931387,0.936774296930411,0.997722456423359
966,"gfdl-esm4 ssp126","0.5",0.368170475979224,0.0333851156999999,30,0.127216485658954,0.982083130727245,0.997162101921069
966,"gfdl-esm4 ssp585","0.5",0.34987602484446,0.000826280999999929,30,0.202934783609519,0.968537038177544,0.979733186229101
966,"ipsl-cm6a-lr ssp126","0.5",0.0719472283447534,1.11022302462516e-16,30,0.464227801076363,0.9223831851065,1
966,"ipsl-cm6a-lr ssp585","0.5",0.342740635255408,0.0171422219403119,30,0.52965711984311,0.981375278743456,1
983,"gfdl-esm4 ssp126","0.5",0.0932560254158954,0,30,0.287061782923916,0.979728705267988,1
983,"gfdl-esm4 ssp585","0.5",0.788125593140238,0.180470290918116,30,0.3970272243947,0.992311052697267,0.999978826630102
983,"ipsl-cm6a-lr ssp126","0.5",0.471541572300821,0.00664821920592973,30,0.0854088616272514,0.898625803882568,1
983,"ipsl-cm6a-lr ssp585","0.5",0.202535822082693,0.00403959600000003,30,0.469514842715821,0.900410237567495,1
1009,"gfdl-esm4 ssp126","0.5",0.506332534474938,-2.22044604925031e-16,30,0.251922223835435,0.97573213655043,1
1009,"gfdl-esm4 ssp585","0.5",0.706621417606801,0.0260954703301282,30,0.505944459699315,0.987888189830849,0.99990058105577
1009,"ipsl-cm6a-lr ssp126","0.5",0.391776810790121,0.000826280999999929,30,0.149862958194255,0.951524961764022,1
1009,"ipsl-cm6a-lr ssp585","0.5",0.562490108907666,0.05241275840098,30,0.133036097861822,0.923793577126776,1
1026,"gfdl-esm4 ssp126","0.5",0.866454463815567,0.25982670418626,30,0.415618166944777,0.946139440475843,0.999966132602389
1026,"gfdl-esm4 ssp585","0.5",0.397413044744474,0.000826280999999929,30,0.54245014461699,0.993682136763366,1
1026,"ipsl-cm6a-lr ssp126","0.5",0.606488509480168,0.0461970293259906,30,0.224959796362339,0.976465902556003,1
1026,"ipsl-cm6a-lr ssp585","0.5",0.657242725064389,0.0694136841356314,30,0.219668536334936,0.87335874684587,1
1087,"gfdl-esm4 ssp126","0.5",0.878912998306971,0.31863469821704,30,0.161147794319935,0.77776764971909,0.999957369138514
1087,"gfdl-esm4 ssp585","0.5",0.959514210395512,0.71989747328816,30,0.483156312568524,0.993371899734287,1
1087,"ipsl-cm6a-lr ssp126","0.5",0.44314921102591,0.01818,30,0.362580931015572,0.943075255336376,1
1087,"ipsl-cm6a-lr ssp585","0.5",0.429763674056573,0.0268901283473276,30,0.203382116081633,0.942419205748987,0.998850010543698
1096,"gfdl-esm4 ssp126","0.5",0.823056349940007,0.380739259876545,30,0.491432157820344,0.942239227801194,0.999447291085729
1096,"gfdl-esm4 ssp585","0.5",0.783726878624013,0.116650332370943,30,0.675084440452447,0.999982758753756,1
1096,"ipsl-cm6a-lr ssp126","0.5",0.317226866920926,0.00386809425937129,30,0.479306917096481,0.97347345969095,1
1096,"ipsl-cm6a-lr ssp585","0.5",0.674156057074502,0.113338865935277,30,0.348633204288083,0.992385707789043,0.999943310065944
1097,"gfdl-esm4 ssp126","0.5",0.335081485025426,0.0211526143999775,30,0.190815590770419,0.886042973073695,0.996432129128966
1097,"gfdl-esm4 ssp585","0.5",0.397820474116039,0.014772206768834,30,0.551519049746398,0.984824213719169,1
1097,"ipsl-cm6a-lr ssp126","0.5",0.443770486557388,-2.22044604925031e-16,30,0.298628571205684,0.95426271256539,1
1097,"ipsl-cm6a-lr ssp585","0.5",0.637270565052404,0.0288030442445617,30,0.457826256566415,0.989841386389529,0.999855934278644
1098,"gfdl-esm4 ssp126","0.5",0.123572743846936,0,30,0.0768317459780683,0.727068039313611,0.939795841087501
1098,"gfdl-esm4 ssp585","0.5",0.837347031982883,0.199052186913046,30,0.359727024067997,0.985035264352399,1
1098,"ipsl-cm6a-lr ssp126","0.5",0.869941834296421,0.261518884028493,30,0.296085648545903,0.835485490713082,0.999996031125834
1098,"ipsl-cm6a-lr ssp585","0.5",0.894583516192165,0.307240449364646,30,0.608515953074848,0.995243253398326,1
1101,"gfdl-esm4 ssp126","0.5",0.241143290399891,0.0113839717016533,30,0.45940352662217,0.983821954631299,0.981868514269652
1101,"gfdl-esm4 ssp585","0.5",0.787221714652098,0.175306361070128,30,0.705129128680452,0.996737612624817,1
1101,"ipsl-cm6a-lr ssp126","0.5",0.64450908407117,0.11461951704612,30,0.272076698213332,0.929679382488136,1
1101,"ipsl-cm6a-lr ssp585","0.5",0.759561165176746,0.158017176121024,30,0.604797120376117,0.971045740880241,1
1111,"gfdl-esm4 ssp126","0.5",0.0444999999999999,0,30,0.20867567788288,0.776845798336,0.98809844257792
1111,"gfdl-esm4 ssp585","0.5",0.1457092,0.00399999999999978,30,0.148909947522766,0.89832536686684,0.980076326929465
1111,"ipsl-cm6a-lr ssp126","0.5",0.136,0,30,0.1355518,0.730979516680033,1
1111,"ipsl-cm6a-lr ssp585","0.5",0.440445194663689,0.0395412002559999,30,0.235135722457607,0.860539781446929,1
1115,"gfdl-esm4 ssp126","0.5",0.385063896397731,-4.44089209850063e-16,30,0.414785399189629,0.877841854632405,1
1115,"gfdl-esm4 ssp585","0.5",0.259330230144398,0.0132057425073842,30,0.328051187141024,0.938666530627441,1
1115,"ipsl-cm6a-lr ssp126","0.5",0.177580228691469,0.00100989899999993,30,0.136749645748358,0.915538546784241,1
1115,"ipsl-cm6a-lr ssp585","0.5",0.214507901298949,0.00977620743216134,30,0.483296527588785,0.97810428087476,1
1144,"gfdl-esm4 ssp126","0.5",0.172096,-2.22044604925031e-16,30,0.2462500021024,0.874475761564,0.987305005416448
1144,"gfdl-esm4 ssp585","0.5",0.0744291999999996,0.00199999999999978,30,0.104115734234491,0.93221691124456,0.93358775643155
1144,"ipsl-cm6a-lr ssp126","0.5",0.0748831359999999,0,30,0.0946841468967999,0.820644043770578,1
1144,"ipsl-cm6a-lr ssp585","0.5",0.535205212868667,0.0232026399999998,30,0.267839830558546,0.860539781446929,1
1145,"gfdl-esm4 ssp126","0.5",0.15328,0,30,0.2336977908352,0.776845798336,1
1145,"gfdl-esm4 ssp585","0.5",0.1355518,0,30,0.120404539066591,0.89832536686684,1
1145,"ipsl-cm6a-lr ssp126","0.5",0.0560031999999999,0,30,0.0681248404,0.784764243094417,0.98979714907705
1145,"ipsl-cm6a-lr ssp585","0.5",0.407370974649933,0,30,0.471975315557747,0.860539781446929,1
1170,"gfdl-esm4 ssp126","0.5",0.618178395461025,0.138282183338295,30,0.282593682055801,0.991070481237015,0.98943176126735
1170,"gfdl-esm4 ssp585","0.5",0.342439229697934,0.0352485549849405,30,0.252862675775398,0.967573727945651,1
1170,"ipsl-cm6a-lr ssp126","0.5",0.294565725408327,0.0282771719999999,30,0.176234326945728,0.95855326870134,0.966007656186237
1170,"ipsl-cm6a-lr ssp585","0.5",0.992822123563384,0.644178460099912,30,0.484083834811696,0.990133005574437,1
1173,"gfdl-esm4 ssp126","0.5",0.250144915562387,0.0129057660434159,30,0.216432281696921,0.911635470617979,0.991176555225608
1173,"gfdl-esm4 ssp585","0.5",0.161407479120145,0,30,0.259707199081997,0.972661588191683,1
1173,"ipsl-cm6a-lr ssp126","0.5",0.1134512,0,30,0.240980463303339,0.862766890053119,1
1173,"ipsl-cm6a-lr ssp585","0.5",0.189446878073761,0,30,0.357668873558359,0.944825559800314,1
4,"gfdl-esm4 ssp126","0.75",0.950202527791917,0.641123725873318,30,0.104190064099906,0.931775519790265,0.999978146017172
4,"gfdl-esm4 ssp585","0.75",0.453146325041297,0.0242375759999999,30,0.329817870358771,0.999977991510348,1
4,"ipsl-cm6a-lr ssp126","0.75",0.364787359937623,0.0298033761426164,30,0.188955846308744,0.849446195528558,0.995031043928657
4,"ipsl-cm6a-lr ssp585","0.75",0.657706623475209,0.0557505211728492,30,0.736605013379548,0.99878675097878,1
6,"gfdl-esm4 ssp126","0.75",0.779734239769286,0.19509852148332,30,0.129117908872212,0.778817722881495,1
6,"gfdl-esm4 ssp585","0.75",0.395761707243683,0.0872411262391197,30,0.246810093408132,1,0.985104277029586
6,"ipsl-cm6a-lr ssp126","0.75",0.81732992526035,0.237334067597142,30,0.328962667828768,0.92368005863251,1
6,"ipsl-cm6a-lr ssp585","0.75",0.985439886584979,0.530421568351441,30,0.568488732388022,0.999999741753293,1
7,"gfdl-esm4 ssp126","0.75",0.525308359790837,0.038184,30,0.068326377106255,0.910157221463837,0.999052167119573
7,"gfdl-esm4 ssp585","0.75",0.508884190224724,0.0489923182317317,30,0.124632305942707,0.971078307308433,1
7,"ipsl-cm6a-lr ssp126","0.75",0.268847822625751,0.00908909099999966,30,0.00909000000000004,0.760922067953041,1
7,"ipsl-cm6a-lr ssp585","0.75",0.145808398889272,0.00605939399999955,30,0.253014511112629,0.657071038181881,0.997884759570596
9,"gfdl-esm4 ssp126","0.75",0.181204849712903,0,30,0.463527161001354,0.929309818269619,1
9,"gfdl-esm4 ssp585","0.75",0.238876201028453,0.0045449999999998,30,0.252475831149708,0.950830988293397,1
9,"ipsl-cm6a-lr ssp126","0.75",0.119542957236,0,30,0.0164573459709038,0.611228299734739,1
9,"ipsl-cm6a-lr ssp585","0.75",0.486043865463755,0.00991537200000003,30,0.213430167129411,0.777891160872225,1
16,"gfdl-esm4 ssp126","0.75",0.298487989061258,0.00826280999999995,30,0.167435925554889,0.972235714687286,1
16,"gfdl-esm4 ssp585","0.75",0.82663015173152,0.2859407430964,30,0.348092759639507,0.985521522930342,1
16,"ipsl-cm6a-lr ssp126","0.75",0.903213633485953,0.472346868053,30,0.231734914212522,0.993766231661177,0.999738854897153
16,"ipsl-cm6a-lr ssp585","0.75",0.185261094264555,0.00201979799999996,30,0.243663431883309,0.976892228961834,0.973906100837195
17,"gfdl-esm4 ssp126","0.75",0.243803395,0,30,0.346900445257032,0.98884379519436,1
17,"gfdl-esm4 ssp585","0.75",0.090891807688,0.00448799115599996,30,0.115035601391687,0.963722531772646,0.82625072353728
17,"ipsl-cm6a-lr ssp126","0.75",0.179434050361076,0.00126237374999993,30,0.252994557364616,0.86532344820482,0.9460367327137
17,"ipsl-cm6a-lr ssp585","0.75",0.112604107957022,0.00126237374999993,30,0.335910375983469,0.991304864287901,1
27,"gfdl-esm4 ssp126","0.75",0.846442752076671,0.26991586014433,30,0.288074804327478,0.898985519788891,0.999952433801515
27,"gfdl-esm4 ssp585","0.75",0.942867161187192,0.654161475612139,30,0.320380846410619,0.996441080162965,0.999989869867913
27,"ipsl-cm6a-lr ssp126","0.75",0.052189146667074,0.000826280999999929,30,0.0466581844773478,0.741277608464622,0.995753513822131
27,"ipsl-cm6a-lr ssp585","0.75",0.323120506535128,0.012118788,30,0.126011761449108,0.941947484409134,0.996272239922881
36,"gfdl-esm4 ssp126","0.75",0.360446676967424,0,30,0.0540552218371525,0.773904011176766,0.986888987876281
36,"gfdl-esm4 ssp585","0.75",0.461078186954866,0.0394476583886051,30,0.325129301442518,0.95522266079408,1
36,"ipsl-cm6a-lr ssp126","0.75",0.338808974850739,0.00666599999999951,30,0.333176151661017,0.988775553103035,0.997919303518003
36,"ipsl-cm6a-lr ssp585","0.75",0.471057385783837,0.028890594996716,30,0.510877989692419,0.961938514418469,1
46,"gfdl-esm4 ssp126","0.75",0.118123940911134,-2.22044604925031e-16,30,0.0948068380083494,0.957923902320889,0.973396189174358
46,"gfdl-esm4 ssp585","0.75",0.337575667325923,0.029088,30,0.332989848147673,0.994317054637752,0.99327282389399
46,"ipsl-cm6a-lr ssp126","0.75",0.731720230554864,0.0282628034957757,30,0.0761484467971048,0.984696971435239,1
46,"ipsl-cm6a-lr ssp585","0.75",0.880347902548082,0.0945459595999999,30,0.311853028077521,0.976055055798944,1
52,"gfdl-esm4 ssp126","0.75",0.794220436919032,0.313937312,30,0.147858646373692,0.741339580441166,0.999943146660699
52,"gfdl-esm4 ssp585","0.75",0.29793273223033,0.0428838344081248,30,0.977066002099684,0.99989049294184,1
52,"ipsl-cm6a-lr ssp126","0.75",0.546111320543021,0.0574405861524674,30,0.157312331951228,0.926542974793521,0.999672413888177
52,"ipsl-cm6a-lr ssp585","0.75",0.89221710425332,0.294531685429804,30,0.68487236807103,0.999999741750137,1
94,"gfdl-esm4 ssp126","0.75",0.745419821037595,0.226870334732134,30,0.04545,0.987448098228569,0.999349677353448
94,"gfdl-esm4 ssp585","0.75",0.071476517104917,0,30,0.1452161615578,0.961299547543425,1
94,"ipsl-cm6a-lr ssp126","0.75",0.220243085693577,0.00596745646739971,30,0.242933328693206,0.954574005953692,0.993593894432409
94,"ipsl-cm6a-lr ssp585","0.75",0.599705276341119,0.065656128586926,30,0.508009328148117,0.885126742905411,1
95,"gfdl-esm4 ssp126","0.75",0.153812684711263,0.00857649228007351,30,0.32341632096123,0.939158295591074,1
95,"gfdl-esm4 ssp585","0.75",0.124341843354921,0,30,0.39407252312668,0.983707132594995,1
95,"ipsl-cm6a-lr ssp126","0.75",0.133394843,0,30,0.268781154738129,0.953423991261425,0.921483652068687
95,"ipsl-cm6a-lr ssp585","0.75",0.221606848873216,0.0110986900400978,30,0.240794643283628,0.994454368149525,0.977741654673604
97,"gfdl-esm4 ssp126","0.75",0.276350214315547,0.0119103428734927,30,0.116433313926426,0.909470333235586,0.995912521138533
97,"gfdl-esm4 ssp585","0.75",0.373479178610127,0.0250732067856417,30,0.198793803406233,0.951074777773858,1
97,"ipsl-cm6a-lr ssp126","0.75",0.239340278337906,0.018178182,30,0.251913242134808,0.984585677424488,0.991958898106141
97,"ipsl-cm6a-lr ssp585","0.75",0.12527509968205,0,30,0.556277045821809,0.919374079787804,1
98,"gfdl-esm4 ssp126","0.75",0,0,30,0.0496000000000001,0.527608,0.79264
98,"gfdl-esm4 ssp585","0.75",0.0399999999999999,0,30,0.1,0.64,0.97760512
98,"ipsl-cm6a-lr ssp126","0.75",0.06668,0,30,0.050002,0.25003,1
98,"ipsl-cm6a-lr ssp585","0.75",0.06668,0,30,0.04,0.51401944,0.94240460790784
99,"gfdl-esm4 ssp126","0.75",0.156898291351797,0.00330512399999994,30,0.293261291604126,0.990261266068384,0.990047917250949
99,"gfdl-esm4 ssp585","0.75",0.0879757498381256,0.00275399457299996,30,0.305795492394527,0.966545148445028,0.989715840860199
99,"ipsl-cm6a-lr ssp126","0.75",0.12384256613624,0,30,0.0393595825800043,0.977195744561902,0.915170745551748
99,"ipsl-cm6a-lr ssp585","0.75",0.487720493289881,0.0161583839999998,30,0.420610525629806,0.992164750473814,1
120,"gfdl-esm4 ssp126","0.75",0.744495594770985,0.189733593715952,30,0.238448176123419,0.67560257086715,0.999956135198856
120,"gfdl-esm4 ssp585","0.75",0.356506542616166,0.0539769804799737,30,0.468172137355998,1,0.996568025427617
120,"ipsl-cm6a-lr ssp126","0.75",0.568089179794511,0.0569571202260679,30,0.206726065801584,0.816824813710574,0.999256988465503
120,"ipsl-cm6a-lr ssp585","0.75",0.922388518440723,0.356814616851167,30,0.561537482630306,0.999999716613029,0.999994514506566
121,"gfdl-esm4 ssp126","0.75",0.234173898945006,0.0098881387331401,30,0.192820424515097,0.972233233097609,1
121,"gfdl-esm4 ssp585","0.75",0.499991273607168,-2.22044604925031e-16,30,0.432106532436961,0.993589227427923,1
121,"ipsl-cm6a-lr ssp126","0.75",0.390099460890309,0.000826280999999929,30,0.484380462621741,0.942753318134663,1
121,"ipsl-cm6a-lr ssp585","0.75",0.457307917249904,0.0310215819500277,30,0.525316169537123,0.953247170123276,1
123,"gfdl-esm4 ssp126","0.75",0.562972967029906,0,30,0.223414785426085,0.914650218032986,1
123,"gfdl-esm4 ssp585","0.75",0.620068983646035,0.117253876106409,30,0.411027435710314,0.99987977719311,1
123,"ipsl-cm6a-lr ssp126","0.75",0.76059141355778,0.224851011002226,30,0.0897089408281994,0.878293577322333,1
123,"ipsl-cm6a-lr ssp585","0.75",0.941529773618249,0.409252967785018,30,0.52494239659617,0.999998895304451,1
124,"gfdl-esm4 ssp126","0.75",0.37732735798745,0.0181799999999998,30,0.0608164454996247,0.973722187844747,1
124,"gfdl-esm4 ssp585","0.75",0.367864052461917,0.00165256199999997,30,0.563763028316704,0.958124054105251,1
124,"ipsl-cm6a-lr ssp126","0.75",0.115953899036838,0.00403959599999992,30,0.158666418843011,0.921149967563582,0.995281469672971
124,"ipsl-cm6a-lr ssp585","0.75",0.44982164925974,0.0126418033350789,30,0.368432176953922,0.960319855696478,0.999373063995803
127,"gfdl-esm4 ssp126","0.75",0.911201823397649,0.364967207122435,30,0.193953358169289,0.840835234544382,1
127,"gfdl-esm4 ssp585","0.75",0.976736231331245,0.67916056400202,30,0.483762347299957,0.99955252619602,0.999985476894702
127,"ipsl-cm6a-lr ssp126","0.75",0.649778637644067,0.0443365574655152,30,0.291626086584989,0.970168841765751,1
127,"ipsl-cm6a-lr ssp585","0.75",0.939350048115463,0.372371075282174,30,0.79427929067761,0.998262301472029,1
128,"gfdl-esm4 ssp126","0.75",0.2030070681722,0.00991719000000002,30,0.146409488834584,0.96095604772058,0.978981621603673
128,"gfdl-esm4 ssp585","0.75",0.149151416484942,0.00363599999999997,30,0.34966966188953,1,0.991580924807168
128,"ipsl-cm6a-lr ssp126","0.75",0.0740252350288301,0,30,0.418504180834536,0.927563806428511,0.99813335107389
128,"ipsl-cm6a-lr ssp585","0.75",0.237013407062896,0.0107358903715655,30,0.341982220923541,0.990551316183759,0.995552863096312
130,"gfdl-esm4 ssp126","0.75",0.897328615150695,0.300898130542437,30,0.201019676087267,0.973971499969573,1
130,"gfdl-esm4 ssp585","0.75",0.459697139525691,0.00787954224481513,30,0.309332733469271,0.973131776585334,0.998226014285534
130,"ipsl-cm6a-lr ssp126","0.75",0.644045293812158,0.0710040971663218,30,0.56664534931128,0.984773032929107,1
130,"ipsl-cm6a-lr ssp585","0.75",0.880441238247634,0.359878625987552,30,0.444654719179166,0.936426027303505,1
132,"gfdl-esm4 ssp126","0.75",0.638712104204195,0.0799920000000001,30,0.079874380854,0.885051054123123,0.999670540203457
132,"gfdl-esm4 ssp585","0.75",0.329701961512189,0.0155651871878447,30,0.440620711436614,0.999885503488064,0.999760843116018
132,"ipsl-cm6a-lr ssp126","0.75",0.379266452248483,0.00513713169822183,30,0.622608402013785,0.906098235834427,1
132,"ipsl-cm6a-lr ssp585","0.75",0.875211762952522,0.284595873262866,30,0.471814888776051,0.99999924681188,1
135,"gfdl-esm4 ssp126","0.75",0.79074048273706,0.168248068733475,30,0.479454400081632,0.926134353583185,0.999982780828832
135,"gfdl-esm4 ssp585","0.75",0.734160619573749,0.078432396569221,30,0.55091317329201,0.981280691207873,0.999980315598215
135,"ipsl-cm6a-lr ssp126","0.75",0.378892683742365,0.033191530302536,30,0.176985202625654,0.95057393739208,0.999854548080021
135,"ipsl-cm6a-lr ssp585","0.75",0.781193231339498,0.195260057635499,30,0.442754414145618,0.921525778343657,0.999978183267037
136,"gfdl-esm4 ssp126","0.75",0.0969837788776642,0.00100989899999993,30,0.260060619940198,0.996177522453451,1
136,"gfdl-esm4 ssp585","0.75",0.105426409935794,0.00348867773369976,30,0.791544458203482,0.987058037663195,1
136,"ipsl-cm6a-lr ssp126","0.75",0.0747387879999999,0.00403959599999992,30,0.119371816445034,0.941237301638969,0.940050991138016
136,"ipsl-cm6a-lr ssp585","0.75",0.251566249157264,0.00302969699999966,30,0.700628838795353,0.99763336933043,1
137,"gfdl-esm4 ssp126","0.75",0.727817214479454,0,30,0.102684523143783,0.890257664729769,1
137,"gfdl-esm4 ssp585","0.75",0.34529803432529,0.00751011553347458,30,0.201236142063258,0.997989800941342,1
137,"ipsl-cm6a-lr ssp126","0.75",0.430433330540903,0.0501458089123338,30,0.23013420992762,0.907492955207236,0.995450185118708
137,"ipsl-cm6a-lr ssp585","0.75",0.756648188663347,0.205964625664394,30,0.523124520077793,0.999997070463133,0.999370817004893
140,"gfdl-esm4 ssp126","0.75",0.150188954419605,0,30,0.179011499292697,0.957923902320889,0.997548192794309
140,"gfdl-esm4 ssp585","0.75",0.353406389025034,0.0109079999999998,30,0.654628346444947,0.994317054637752,0.999338691680075
140,"ipsl-cm6a-lr ssp126","0.75",0.44969855921016,0.0131164482481172,30,0.201682806131737,0.974495972593969,0.99976882521658
140,"ipsl-cm6a-lr ssp585","0.75",0.531617517939183,0.0500082224000002,30,0.128621942768563,0.976055055798944,0.999897294257414
141,"gfdl-esm4 ssp126","0.75",0.0641345500904499,0.00252474749999987,30,0.399944258574206,0.953835711261278,1
141,"gfdl-esm4 ssp585","0.75",0.416969402206533,0.048951654949,30,0.271040698609843,0.940016396072675,0.998387374211271
141,"ipsl-cm6a-lr ssp126","0.75",0.297129928888609,0.0121187880000001,30,0.118138436491691,0.885515763190954,1
141,"ipsl-cm6a-lr ssp585","0.75",0.598459505779813,0.0100907190180899,30,0.58147326073316,0.965944532626212,1
145,"gfdl-esm4 ssp126","0.75",0.721337366305941,-2.22044604925031e-16,30,0.18684592937326,0.889149402611346,1
145,"gfdl-esm4 ssp585","0.75",0.329606379126262,0.00504133995204559,30,0.240752499874656,0.997472958495454,0.997651234213505
145,"ipsl-cm6a-lr ssp126","0.75",0.70513541752596,0.120230813299523,30,0.50929917548243,0.96840695815516,1
145,"ipsl-cm6a-lr ssp585","0.75",0.938738958940424,0.337425601092874,30,0.308459651248354,0.999996374779695,1
146,"gfdl-esm4 ssp126","0.75",0.334953773451413,0.0173519010000002,30,0.304605451676862,0.810799752482181,0.998706906818082
146,"gfdl-esm4 ssp585","0.75",0.168572886002211,0.00367199276399988,30,0.33584804593247,0.983363774722465,0.992477175372054
146,"ipsl-cm6a-lr ssp126","0.75",0.264760807241412,0.00302969699999989,30,0.16699211788988,0.969209911218875,0.989843076308084
146,"ipsl-cm6a-lr ssp585","0.75",0.485670660672076,0.0891666697887299,30,0.39399813024894,0.938933055629189,1
147,"gfdl-esm4 ssp126","0.75",0.480571395064536,0.0706935038062498,30,0.234200469429,0.973111938048435,1
147,"gfdl-esm4 ssp585","0.75",0.572408337790033,0.046771978091584,30,0.372869027529017,0.996231974265488,1
147,"ipsl-cm6a-lr ssp126","0.75",0.20229534207081,0.0120861513283133,30,0.0314291320102671,0.843510142235921,1
147,"ipsl-cm6a-lr ssp585","0.75",0.699655157881941,0.122633010354917,30,0.264813047110789,0.945927887670853,1
149,"gfdl-esm4 ssp126","0.75",0.267524106272868,0,30,0.53970310338582,0.984258099759066,0.981045015614828
149,"gfdl-esm4 ssp585","0.75",0.177476433446857,0.00423731000884375,30,0.416860642541198,0.963814290930626,0.98726603516399
149,"ipsl-cm6a-lr ssp126","0.75",0.0584837539028275,0.00100989899999993,30,0.225463608925586,0.950069355694126,0.952618399410573
149,"ipsl-cm6a-lr ssp585","0.75",0.333683761226232,0.00201979799999963,30,0.53668320657087,0.971781840563443,1
151,"gfdl-esm4 ssp126","0.75",0.324981780295091,0.0100826716641568,30,0.0937355491090257,0.696742265904012,0.991743715443804
151,"gfdl-esm4 ssp585","0.75",0.98339247698361,0.621778341043724,30,0.088962273916949,0.943112019330676,1
151,"ipsl-cm6a-lr ssp126","0.75",0.986084356928965,0.679174062874002,30,0.2146747478788,0.595977778098475,1
151,"ipsl-cm6a-lr ssp585","0.75",0.728238189252593,0.11011635538956,30,0.581744043536248,0.998869620978523,1
152,"gfdl-esm4 ssp126","0.75",0.401461647403645,0.00666599999999973,30,0.582287899101545,0.988193574819299,0.998059009598958
152,"gfdl-esm4 ssp585","0.75",0.362793680442998,0.00201979799999996,30,0.433530893331055,0.963814290930626,1
152,"ipsl-cm6a-lr ssp126","0.75",0.132675234095284,0.0010098989999997,30,0.32433489137931,0.950069355694126,1
152,"ipsl-cm6a-lr ssp585","0.75",0.555605028867256,0.0745929182894397,30,0.394196080020304,0.971781840563443,1
188,"gfdl-esm4 ssp126","0.75",0.179502424359962,0,30,0.0608164454996247,0.968147787959546,1
188,"gfdl-esm4 ssp585","0.75",0.394028078070699,0.00165256199999997,30,0.0988928308086512,0.965391088084418,1
188,"ipsl-cm6a-lr ssp126","0.75",0.249903492790902,0.00403959599999992,30,0.402774502465907,0.952209234255885,1
188,"ipsl-cm6a-lr ssp585","0.75",0.517930896065992,0.0300603957877449,30,0.525971955380368,0.980796346589569,1
579,"gfdl-esm4 ssp126","0.75",0.215359064196485,0.0216501983999999,30,0.387129380866275,0.986012798394195,0.99532561658453
579,"gfdl-esm4 ssp585","0.75",0.786446256673753,0.132197614879749,30,0.304243880331371,0.934032465463455,0.999983232260074
579,"ipsl-cm6a-lr ssp126","0.75",0.494752572045448,0.0345487676417953,30,0.117524176295637,0.982290881569945,0.999699631302101
579,"ipsl-cm6a-lr ssp585","0.75",0.613086981824668,0.121228072469774,30,0.211417266008783,0.986711325289576,1
582,"gfdl-esm4 ssp126","0.75",0.1675,0,30,0.0775,0.763804,1
582,"gfdl-esm4 ssp585","0.75",0,0,30,0,0.68,1
582,"ipsl-cm6a-lr ssp126","0.75",0,0,30,0,0.6666466671667,1
582,"ipsl-cm6a-lr ssp585","0.75",0.1720184,0,30,0,0.4168,1
583,"gfdl-esm4 ssp126","0.75",0.298455325093027,0.0141886719822191,30,0.276771495187031,0.989758856429169,0.981538167054393
583,"gfdl-esm4 ssp585","0.75",0.576372642886588,0.126714049146,30,0.270122034190974,0.999013095667339,0.995805644730037
583,"ipsl-cm6a-lr ssp126","0.75",0.975862151160872,0.664046677713416,30,0.207908662157393,0.981599825355396,1
583,"ipsl-cm6a-lr ssp585","0.75",0.186971133839884,0.00806287366415648,30,0.527833294866122,0.995316672120592,0.989813187161341
620,"gfdl-esm4 ssp126","0.75",0.737681622169624,0.213221463895517,30,0.111149804492601,0.704915401236857,1
620,"gfdl-esm4 ssp585","0.75",0.432203473758515,0.00264277882114194,30,0.262372939034746,0.933111750879612,1
620,"ipsl-cm6a-lr ssp126","0.75",0.276411871108503,0.00165256199999986,30,0.331130954100501,0.97305282583187,0.992081717135467
620,"ipsl-cm6a-lr ssp585","0.75",0.186351025772862,0.00756551518209336,30,0.105340343122459,0.976304990198106,1
640,"gfdl-esm4 ssp126","0.75",0.504428203900775,0,30,0.49030267533424,0.998880129309806,0.999244627028894
640,"gfdl-esm4 ssp585","0.75",0.794834259269024,0.174658202619325,30,0.438146899302959,0.99148638369383,0.999920918292308
640,"ipsl-cm6a-lr ssp126","0.75",0.374138360711655,0.012905766043416,30,0.33684272012835,0.93944146154595,1
640,"ipsl-cm6a-lr ssp585","0.75",0.395106013451581,0.029632592,30,0.293242301417638,0.98960187690734,0.997282623638097
755,"gfdl-esm4 ssp126","0.75",0.583170917364592,0.0786484735768352,30,0.133932789009893,0.844845574648455,0.996489830036393
755,"gfdl-esm4 ssp585","0.75",0.771820735452913,0.144817678708489,30,0.434944678354659,0.995176678684503,1
755,"ipsl-cm6a-lr ssp126","0.75",0.675467423501169,0.0662494479008728,30,0.415518714503799,0.905402269729119,1
755,"ipsl-cm6a-lr ssp585","0.75",0.62568733052793,0.114429640819174,30,0.5016997209472,0.99583289521035,0.999855883645315
762,"gfdl-esm4 ssp126","0.75",0.643307486132401,0.124307581776587,30,0.193534690842775,0.943577279403021,0.999055525721451
762,"gfdl-esm4 ssp585","0.75",0.521160402182348,0.0455627513111215,30,0.22115081609035,0.914489430526495,1
762,"ipsl-cm6a-lr ssp126","0.75",0.338213076743896,0.0273255510104036,30,0.288725777387111,0.958193160511872,0.999399644369037
762,"ipsl-cm6a-lr ssp585","0.75",0.349998872007055,0.0214967394401981,30,0.198615464552138,0.996022718995891,1
764,"gfdl-esm4 ssp126","0.75",0.409633801852877,0.0405348340362118,30,0.105117141829252,0.790331720886063,0.99161412798108
764,"gfdl-esm4 ssp585","0.75",0.95802916305812,0.609653389730104,30,0.120620988172872,0.971554587465821,0.999984357634218
764,"ipsl-cm6a-lr ssp126","0.75",0.938965506182446,0.410978314609473,30,0.0858595959999999,0.616902177697584,0.999999271061714
764,"ipsl-cm6a-lr ssp585","0.75",0.541550239052839,0.045327423919479,30,0.312192590659135,0.999441775578822,0.995985221211156
838,"gfdl-esm4 ssp126","0.75",0.683547204531084,0.186660710575094,30,0,0.987448098228569,0.998265806275862
838,"gfdl-esm4 ssp585","0.75",0.0636251318001824,1.11022302462516e-16,30,0.515048171821524,0.978230995493176,0.9922120414931
838,"ipsl-cm6a-lr ssp126","0.75",0.110802794043995,0.00596745646739993,30,0.138015992279924,0.901876908931756,1
838,"ipsl-cm6a-lr ssp585","0.75",0.653732689041782,0.109498808182848,30,0.152956357344865,0.904276114863079,0.999457194429384
857,"gfdl-esm4 ssp126","0.75",0.121795484687489,0.00495768599999991,30,0.122079687514039,0.981350397858926,0.994229156277197
857,"gfdl-esm4 ssp585","0.75",0.761192113988186,0.132197614879749,30,0.163143353547436,0.934032465463455,0.999417786808131
857,"ipsl-cm6a-lr ssp126","0.75",0.151640259085616,0.00889879731715482,30,0.166151984858067,0.976386661485365,0.978887504939492
857,"ipsl-cm6a-lr ssp585","0.75",0.167090233454957,0.00991511493480002,30,0.291023363783944,0.990772491918258,0.95621177815906
863,"gfdl-esm4 ssp126","0.75",0.522221817713955,0.133060935,30,0.644007572366704,0.898290289218012,1
863,"gfdl-esm4 ssp585","0.75",0.632488893983946,0.0624913504811758,30,0.0200990101,0.977052116723116,1
863,"ipsl-cm6a-lr ssp126","0.75",0.718752006043064,0.0755101160767335,30,0.128440905137221,0.978419807754017,1
863,"ipsl-cm6a-lr ssp585","0.75",0.834250309867356,0.124721792136665,30,0.018179091,0.972079048211049,1
869,"gfdl-esm4 ssp126","0.75",0.73568593352141,0.18839236177411,30,0.108866909388056,0.756701928150363,0.999931461248212
869,"gfdl-esm4 ssp585","0.75",0.384312353628889,0.0974835013416,30,0.24039869169125,1,0.968967243811637
869,"ipsl-cm6a-lr ssp126","0.75",0.545885728917982,0.0506286105439541,30,0.265354152556732,0.816824813710574,0.999380792762439
869,"ipsl-cm6a-lr ssp585","0.75",0.92402339494194,0.416710765861961,30,0.336475061904548,0.999999659922032,0.999957140725404
878,"gfdl-esm4 ssp126","0.75",0.289375333187516,0.0100826716641568,30,0.211932429923231,0.696742265904012,1
878,"gfdl-esm4 ssp585","0.75",0.953736930177968,0.546371875289235,30,0.144742248666738,0.924149359107568,1
878,"ipsl-cm6a-lr ssp126","0.75",0.932751403370536,0.3437166916812,30,0.208344421047445,0.775540965935722,1
878,"ipsl-cm6a-lr ssp585","0.75",0.725902983972366,0.0849069952243253,30,0.863719773578937,0.998643490913864,1
889,"gfdl-esm4 ssp126","0.75",0.71058990507492,0.145953290931203,30,0.337254339152741,0.932297917370572,0.998895930582388
889,"gfdl-esm4 ssp585","0.75",0.698527929977625,0.102650286512643,30,0.632252796358379,0.99924332643661,1
889,"ipsl-cm6a-lr ssp126","0.75",0.710611906347805,0.1921105856,30,0.516074255368922,0.991577191797948,1
889,"ipsl-cm6a-lr ssp585","0.75",0.354372917130447,0.00545399999999985,30,0.447591623796459,0.961225587544965,0.999833628898969
901,"gfdl-esm4 ssp126","0.75",0.422886121583724,0.000917998190999914,30,0.508434073422827,0.99709044521165,1
901,"gfdl-esm4 ssp585","0.75",0.382808082094247,0.00661115699999992,30,0.176811708615638,0.912042456562463,0.993449720208622
901,"ipsl-cm6a-lr ssp126","0.75",0.559943564305998,0.0462160621495558,30,0.0641527398951544,0.883880664008326,0.999954519176734
901,"ipsl-cm6a-lr ssp585","0.75",0.396874521254483,0.0211528046165289,30,0.385785841454561,0.954007570668171,1
909,"gfdl-esm4 ssp126","0.75",0.121795484687489,0.00495768599999991,30,0.109834955079152,0.981456634504839,0.963932226732484
909,"gfdl-esm4 ssp585","0.75",0.768931686346557,0.132197614879749,30,0.538811362069657,0.941361458550465,1
909,"ipsl-cm6a-lr ssp126","0.75",0.256570372818604,0.0282380438889801,30,0.135173692769725,0.971662860296849,0.990049883742699
909,"ipsl-cm6a-lr ssp585","0.75",0.225162177376266,0.013515063576897,30,0.309979552749001,0.98720957293887,1
910,"gfdl-esm4 ssp126","0.75",0.121795484687489,0.00495768599999991,30,0.0870401022193172,0.981642027367038,0.988458312554395
910,"gfdl-esm4 ssp585","0.75",0.974704159358838,0.656408556562987,30,0.161948347352724,0.934032465463455,1
910,"ipsl-cm6a-lr ssp126","0.75",0.339919978123806,0.00889879731715482,30,0.427358233711813,0.985242991612235,1
910,"ipsl-cm6a-lr ssp585","0.75",0.391443594382089,0.0261148838242365,30,0.061176327999599,0.986711325289576,0.995156791808431
922,"gfdl-esm4 ssp126","0.75",0.141752682297965,0.00495768599999991,30,0.198501741205037,0.981456634504839,1
922,"gfdl-esm4 ssp585","0.75",0.756770196154271,0.132197614879749,30,0.106624953575197,0.941361458550465,0.998665774777552
922,"ipsl-cm6a-lr ssp126","0.75",0.104839942068245,0.000826280999999929,30,0.117524176295637,0.971662860296849,0.96890464288165
922,"ipsl-cm6a-lr ssp585","0.75",0.182232533010746,0.00991511493480002,30,0.830765615307934,0.98720957293887,1
948,"gfdl-esm4 ssp126","0.75",0.634151263835916,0.149950167732437,30,0.265650802252918,0.978679615606835,0.998270377931377
948,"gfdl-esm4 ssp585","0.75",0.717223857096549,0.111046404295873,30,0.661340869333237,0.998981025425353,0.999891793578911
948,"ipsl-cm6a-lr ssp126","0.75",0.0927226974327047,0,30,0.13068996004744,0.900604517117051,1
948,"ipsl-cm6a-lr ssp585","0.75",0.270033265009751,0.0174469542164082,30,0.275754723720181,0.909165266906464,0.994959982684383
966,"gfdl-esm4 ssp126","0.75",0.381182853773493,0.03245959008,30,0.0608164454996247,0.97611084096966,0.998127005997846
966,"gfdl-esm4 ssp585","0.75",0.318290109203171,0.00165256199999997,30,0.210383225435092,0.965391088084418,0.976114649764806
966,"ipsl-cm6a-lr ssp126","0.75",0.115953899036838,0.00403959599999992,30,0.228514162536766,0.940266919012193,1
966,"ipsl-cm6a-lr ssp585","0.75",0.417635459694228,0.0210300614205258,30,0.308428208665856,0.951987985637826,1
983,"gfdl-esm4 ssp126","0.75",0.138933604611916,0.00403959599999992,30,0.300014304324699,0.978101833949818,1
983,"gfdl-esm4 ssp585","0.75",0.606533097279318,0.0777799999999997,30,0.461935251591716,0.992247928415342,1
983,"ipsl-cm6a-lr ssp126","0.75",0.45925833653182,0.00847536411295957,30,0.207117864294351,0.897787151941348,1
983,"ipsl-cm6a-lr ssp585","0.75",0.315088155376371,0.0294480133922663,30,0.602328806221063,0.921309825428443,1
1009,"gfdl-esm4 ssp126","0.75",0.613431890411707,0.0040395959999997,30,0.251922223835435,0.978550494995342,1
1009,"gfdl-esm4 ssp585","0.75",0.533723333187372,1.11022302462516e-16,30,0.474255442417628,0.990934681751266,0.999797001932013
1009,"ipsl-cm6a-lr ssp126","0.75",0.43219280039983,0.005409111235265,30,0.148489695756907,0.93296836506672,1
1009,"ipsl-cm6a-lr ssp585","0.75",0.540626644872511,0.081645412845567,30,0.176933681929375,0.939177925462829,1
1026,"gfdl-esm4 ssp126","0.75",0.88931027039642,0.260184167418059,30,0.535960335306636,0.950756235722123,1
1026,"gfdl-esm4 ssp585","0.75",0.473681152062249,0.00385347461893293,30,0.433792255948362,0.985960518405904,0.998887555056819
1026,"ipsl-cm6a-lr ssp126","0.75",0.524448567972899,0.0419798192920859,30,0.18818391951523,0.971400386737471,1
1026,"ipsl-cm6a-lr ssp585","0.75",0.63032577882449,0.0830677496384149,30,0.239057804850114,0.905827167099073,0.999699025560254
1087,"gfdl-esm4 ssp126","0.75",0.765663246578564,0.170238603869057,30,0.167474728535233,0.822214119775272,0.999851998893391
1087,"gfdl-esm4 ssp585","0.75",0.960092886190031,0.71989747328816,30,0.613552884788821,0.992894134727976,1
1087,"ipsl-cm6a-lr ssp126","0.75",0.477141634258852,0.0198025184228399,30,0.289826241559217,0.924096545465524,1
1087,"ipsl-cm6a-lr ssp585","0.75",0.30378590630095,0.0121187879999999,30,0.203382116081633,0.941837436206566,0.998247693938754
1096,"gfdl-esm4 ssp126","0.75",0.832635909147782,0.384198469195699,30,0.50518198511183,0.94554126317029,0.999614992659623
1096,"gfdl-esm4 ssp585","0.75",0.802129865634484,0.156533080606511,30,0.677139791416218,0.999971360445634,1
1096,"ipsl-cm6a-lr ssp126","0.75",0.345685294409838,0.00386809425937151,30,0.48205445581775,0.975685220504311,1
1096,"ipsl-cm6a-lr ssp585","0.75",0.707547154685827,0.122126393725705,30,0.452224294882548,0.996835642548426,0.999934523528904
1097,"gfdl-esm4 ssp126","0.75",0.344014613339595,0.0211526143999777,30,0.214441684464138,0.888949202926236,0.997650784611665
1097,"gfdl-esm4 ssp585","0.75",0.365842804538121,0.0137762203599996,30,0.535449722427058,0.985476064872206,1
1097,"ipsl-cm6a-lr ssp126","0.75",0.461403393934444,0,30,0.268488353449149,0.936482482866685,1
1097,"ipsl-cm6a-lr ssp585","0.75",0.610769594677788,0.0315403321161026,30,0.442428539307747,0.983410766593381,0.999790746408978
1098,"gfdl-esm4 ssp126","0.75",0.123572743846936,0,30,0.0978107445507167,0.696742265904012,0.969896164623606
1098,"gfdl-esm4 ssp585","0.75",0.882970391941869,0.251918799845003,30,0.359965234338156,0.980293422609407,1
1098,"ipsl-cm6a-lr ssp126","0.75",0.883203225532228,0.246115929770637,30,0.244725303570467,0.751179891444152,0.99999907480278
1098,"ipsl-cm6a-lr ssp585","0.75",0.864109030972298,0.24869746905513,30,0.396866300388054,0.99647658871664,1
1101,"gfdl-esm4 ssp126","0.75",0.28612520285864,0.0176382246848401,30,0.468672197159564,0.985843982801467,0.987307720760608
1101,"gfdl-esm4 ssp585","0.75",0.880796736009624,0.272879764508717,30,0.698373158238541,0.9918988723985,1
1101,"ipsl-cm6a-lr ssp126","0.75",0.627639400942176,0.113126464,30,0.247688658414723,0.893644822519659,1
1101,"ipsl-cm6a-lr ssp585","0.75",0.696781139839265,0.112143656791997,30,0.600463598712147,0.964050665494392,1
1111,"gfdl-esm4 ssp126","0.75",0.0444999999999999,0,30,0.200682502912,0.776845798336,0.98809844257792
1111,"gfdl-esm4 ssp585","0.75",0.1457092,0.00399999999999978,30,0.157592776660457,0.90962254832608,0.978743223366294
1111,"ipsl-cm6a-lr ssp126","0.75",0.136,0,30,0.1355518,0.6771625065163,1
1111,"ipsl-cm6a-lr ssp585","0.75",0.390198504226816,0.0356839359999999,30,0.21013597490479,0.860539781446929,1
1115,"gfdl-esm4 ssp126","0.75",0.497008515624092,0,30,0.459715417417662,0.876606700051466,1
1115,"gfdl-esm4 ssp585","0.75",0.264137356027846,0.0167479817907081,30,0.355691990691866,0.957594872184327,1
1115,"ipsl-cm6a-lr ssp126","0.75",0.202500412477763,0.00100989899999993,30,0.214882780574228,0.939663838701144,1
1115,"ipsl-cm6a-lr ssp585","0.75",0.214507901298949,0.00977620743216134,30,0.437325639233659,0.972288230482118,1
1144,"gfdl-esm4 ssp126","0.75",0.1194112,-4.44089209850063e-16,30,0.17922519856,0.874475761564,0.961915016249344
1144,"gfdl-esm4 ssp585","0.75",0.0591039999999997,0,30,0.13099044329184,0.90962254832608,0.946858058415735
1144,"ipsl-cm6a-lr ssp126","0.75",0.0591999999999998,0,30,0.0946841468967999,0.820644043770578,1
1144,"ipsl-cm6a-lr ssp585","0.75",0.353303123942234,0.0133359999999995,30,0.211734939458468,0.883787799879726,1
1145,"gfdl-esm4 ssp126","0.75",0.116432,0,30,0.2104765117696,0.776845798336,0.993906402599895
1145,"gfdl-esm4 ssp585","0.75",0.0198999999999998,0,30,0.113255554379428,0.90962254832608,1
1145,"ipsl-cm6a-lr ssp126","0.75",0.0560031999999999,0,30,0.124037349976,0.6771625065163,0.98979714907705
1145,"ipsl-cm6a-lr ssp585","0.75",0.31222937096704,-2.22044604925031e-16,30,0.439916113918438,0.860539781446929,1
1170,"gfdl-esm4 ssp126","0.75",0.675592151222125,0.144509352682111,30,0.180779399370319,0.986903503445921,0.993312005658588
1170,"gfdl-esm4 ssp585","0.75",0.356516093573167,0.0323167679999998,30,0.322343503315222,0.97970320896681,1
1170,"ipsl-cm6a-lr ssp126","0.75",0.281381393566935,0.0282771719999999,30,0.223563621846548,0.954585976911791,0.975962797246581
1170,"ipsl-cm6a-lr ssp585","0.75",0.983177392088633,0.55605212631111,30,0.571989186999047,0.988401838458034,1
1173,"gfdl-esm4 ssp126","0.75",0.204106069375441,0.00201979799999996,30,0.24263030884629,0.882180627490639,0.993933942378182
1173,"gfdl-esm4 ssp585","0.75",0.15198604406976,0,30,0.161331241002614,0.923196478399486,1
1173,"ipsl-cm6a-lr ssp126","0.75",0.158543506609603,0.00727199999999983,30,0.237360646276509,0.836949130374427,1
1173,"ipsl-cm6a-lr ssp585","0.75",0.272996219705095,0,30,0.204075697544123,0.864812883284398,1
