"regions","climates","spans","at_least_half_shocks","at_least_half_bis_shocks","time_window"
4,"gfdl-esm4 ssp126","shock_0.25",0.211698424183895,0.211698424183895,30
4,"gfdl-esm4 ssp585","shock_0.25",0.444669388727686,0.444669388727686,30
4,"ipsl-cm6a-lr ssp126","shock_0.25",0.0681307067644245,0.0681307067644245,30
4,"ipsl-cm6a-lr ssp585","shock_0.25",0.49322650569211,0.49322650569211,30
6,"gfdl-esm4 ssp126","shock_0.25",0.146931712105621,0.146931712105621,30
6,"gfdl-esm4 ssp585","shock_0.25",0.373399197890963,0.373399197890963,30
6,"ipsl-cm6a-lr ssp126","shock_0.25",0.0904549752801858,0.0904549752801858,30
6,"ipsl-cm6a-lr ssp585","shock_0.25",0.886777472467205,0.886777472467205,30
7,"gfdl-esm4 ssp126","shock_0.25",0.00908999999999993,0.384874251208171,30
7,"gfdl-esm4 ssp585","shock_0.25",0.0711513212129319,0.539127415497277,30
7,"ipsl-cm6a-lr ssp126","shock_0.25",0.00302969699999989,0.0752375948847023,30
7,"ipsl-cm6a-lr ssp585","shock_0.25",0.00165256200000008,0.166566658430861,30
9,"gfdl-esm4 ssp126","shock_0.25",0.00413140499999998,0.247319213200005,30
9,"gfdl-esm4 ssp585","shock_0.25",0.0119044617854693,0.265714854661643,30
9,"ipsl-cm6a-lr ssp126","shock_0.25",0,0.121486236566327,30
9,"ipsl-cm6a-lr ssp585","shock_0.25",0.036121797943203,0.329830107398468,30
16,"gfdl-esm4 ssp126","shock_0.25",0.0127357056011614,0.0127357056011614,30
16,"gfdl-esm4 ssp585","shock_0.25",0.304482563838846,0.304482563838846,30
16,"ipsl-cm6a-lr ssp126","shock_0.25",0.4512876073669,0.4512876073669,30
16,"ipsl-cm6a-lr ssp585","shock_0.25",0.0864852011953366,0.0864852011953366,30
17,"gfdl-esm4 ssp126","shock_0.25",0.255109409533977,0.629156563746138,30
17,"gfdl-esm4 ssp585","shock_0.25",0.016196194223868,0.182045726510059,30
17,"ipsl-cm6a-lr ssp126","shock_0.25",0.044131223140415,0.283256322354219,30
17,"ipsl-cm6a-lr ssp585","shock_0.25",0.0473051321456953,0.357694590209643,30
27,"gfdl-esm4 ssp126","shock_0.25",0.420037174443492,0.420037174443492,30
27,"gfdl-esm4 ssp585","shock_0.25",0.704021434115559,0.704021434115559,30
27,"ipsl-cm6a-lr ssp126","shock_0.25",0.00692910656913592,0.00692910656913592,30
27,"ipsl-cm6a-lr ssp585","shock_0.25",0.0270195714190106,0.0270195714190106,30
36,"gfdl-esm4 ssp126","shock_0.25",0.00637265177844348,0.00637265177844348,30
36,"gfdl-esm4 ssp585","shock_0.25",0.152280384659663,0.152280384659663,30
36,"ipsl-cm6a-lr ssp126","shock_0.25",0.0896414068639538,0.0896414068639538,30
36,"ipsl-cm6a-lr ssp585","shock_0.25",0.074526712953629,0.074526712953629,30
46,"gfdl-esm4 ssp126","shock_0.25",0.0188906076815083,0.0188906076815083,30
46,"gfdl-esm4 ssp585","shock_0.25",0.0282407424480852,0.0282407424480852,30
46,"ipsl-cm6a-lr ssp126","shock_0.25",0.0824140888397411,0.0824140888397411,30
46,"ipsl-cm6a-lr ssp585","shock_0.25",0.190560334082697,0.190560334082697,30
52,"gfdl-esm4 ssp126","shock_0.25",0.0998825768742562,0.0998825768742562,30
52,"gfdl-esm4 ssp585","shock_0.25",0.453157287998339,0.453157287998339,30
52,"ipsl-cm6a-lr ssp126","shock_0.25",0.0538440050708159,0.0538440050708159,30
52,"ipsl-cm6a-lr ssp585","shock_0.25",0.86028510393804,0.86028510393804,30
94,"gfdl-esm4 ssp126","shock_0.25",0.535741718052552,0.535741718052552,30
94,"gfdl-esm4 ssp585","shock_0.25",0.125419766335167,0.125419766335167,30
94,"ipsl-cm6a-lr ssp126","shock_0.25",0.0279522548769254,0.0279522548769254,30
94,"ipsl-cm6a-lr ssp585","shock_0.25",0.0687427687065102,0.0687427687065102,30
95,"gfdl-esm4 ssp126","shock_0.25",0.0289568198398599,0.0289568198398599,30
95,"gfdl-esm4 ssp585","shock_0.25",0.0806757534290804,0.0806757534290804,30
95,"ipsl-cm6a-lr ssp126","shock_0.25",0.0793484251569478,0.0793484251569478,30
95,"ipsl-cm6a-lr ssp585","shock_0.25",0.0312699485300858,0.0312699485300858,30
97,"gfdl-esm4 ssp126","shock_0.25",0.0118952484653514,0.0118952484653514,30
97,"gfdl-esm4 ssp585","shock_0.25",0.0223405841234094,0.0223405841234094,30
97,"ipsl-cm6a-lr ssp126","shock_0.25",0.153902507923513,0.153902507923513,30
97,"ipsl-cm6a-lr ssp585","shock_0.25",0.0625150811008315,0.0625150811008315,30
98,"gfdl-esm4 ssp126","shock_0.25",0.216,0.856098058453697,30
98,"gfdl-esm4 ssp585","shock_0.25",0.0199999999999999,0.6164213136625,30
98,"ipsl-cm6a-lr ssp126","shock_0.25",0,0.866914292737253,30
98,"ipsl-cm6a-lr ssp585","shock_0.25",0.1413456,0.931861248410446,30
99,"gfdl-esm4 ssp126","shock_0.25",0.00826280999999995,0.00826280999999995,30
99,"gfdl-esm4 ssp585","shock_0.25",0.0434255278846429,0.0434255278846429,30
99,"ipsl-cm6a-lr ssp126","shock_0.25",0.0209038172288539,0.0209038172288539,30
99,"ipsl-cm6a-lr ssp585","shock_0.25",0.0880116309239563,0.0880116309239563,30
120,"gfdl-esm4 ssp126","shock_0.25",0.226343876410011,0.226343876410011,30
120,"gfdl-esm4 ssp585","shock_0.25",0.388265830611726,0.388265830611726,30
120,"ipsl-cm6a-lr ssp126","shock_0.25",0.0965071663053152,0.0965071663053152,30
120,"ipsl-cm6a-lr ssp585","shock_0.25",0.88999905865098,0.88999905865098,30
121,"gfdl-esm4 ssp126","shock_0.25",0.0277930940831349,0.0277930940831349,30
121,"gfdl-esm4 ssp585","shock_0.25",0.386682734634537,0.386682734634537,30
121,"ipsl-cm6a-lr ssp126","shock_0.25",0.075612928497133,0.075612928497133,30
121,"ipsl-cm6a-lr ssp585","shock_0.25",0.0439817587877059,0.0439817587877059,30
123,"gfdl-esm4 ssp126","shock_0.25",0.0334669615632094,0.0334669615632094,30
123,"gfdl-esm4 ssp585","shock_0.25",0.407805641165644,0.407805641165644,30
123,"ipsl-cm6a-lr ssp126","shock_0.25",0.0728915305801746,0.0728915305801746,30
123,"ipsl-cm6a-lr ssp585","shock_0.25",0.826776426282851,0.826776426282851,30
124,"gfdl-esm4 ssp126","shock_0.25",0.1482743937142,0.1482743937142,30
124,"gfdl-esm4 ssp585","shock_0.25",0.0614100987853173,0.0614100987853173,30
124,"ipsl-cm6a-lr ssp126","shock_0.25",0.0142964749757221,0.0142964749757221,30
124,"ipsl-cm6a-lr ssp585","shock_0.25",0.134460112236335,0.134460112236335,30
127,"gfdl-esm4 ssp126","shock_0.25",0.432948279138869,0.432948279138869,30
127,"gfdl-esm4 ssp585","shock_0.25",0.913698929098831,0.913698929098831,30
127,"ipsl-cm6a-lr ssp126","shock_0.25",0.245659002351551,0.245659002351551,30
127,"ipsl-cm6a-lr ssp585","shock_0.25",0.72663242177526,0.72663242177526,30
128,"gfdl-esm4 ssp126","shock_0.25",0.0343239216089819,0.0343239216089819,30
128,"gfdl-esm4 ssp585","shock_0.25",0.0724139526045142,0.0724139526045142,30
128,"ipsl-cm6a-lr ssp126","shock_0.25",0.122006876824455,0.122006876824455,30
128,"ipsl-cm6a-lr ssp585","shock_0.25",0.0642280747471479,0.0642280747471479,30
130,"gfdl-esm4 ssp126","shock_0.25",0.221979042135868,0.221979042135868,30
130,"gfdl-esm4 ssp585","shock_0.25",0.0530908042134308,0.0530908042134308,30
130,"ipsl-cm6a-lr ssp126","shock_0.25",0.319481387952476,0.319481387952476,30
130,"ipsl-cm6a-lr ssp585","shock_0.25",0.24560010182505,0.24560010182505,30
132,"gfdl-esm4 ssp126","shock_0.25",0.0302458344598382,0.0302458344598382,30
132,"gfdl-esm4 ssp585","shock_0.25",0.21028988318588,0.21028988318588,30
132,"ipsl-cm6a-lr ssp126","shock_0.25",0.083946881291558,0.083946881291558,30
132,"ipsl-cm6a-lr ssp585","shock_0.25",0.853836753579012,0.853836753579012,30
135,"gfdl-esm4 ssp126","shock_0.25",0.247593489918174,0.247593489918174,30
135,"gfdl-esm4 ssp585","shock_0.25",0.247268838351611,0.247268838351611,30
135,"ipsl-cm6a-lr ssp126","shock_0.25",0.161318613306032,0.161318613306032,30
135,"ipsl-cm6a-lr ssp585","shock_0.25",0.182577813006176,0.182577813006176,30
136,"gfdl-esm4 ssp126","shock_0.25",0.180796482605654,0.180796482605654,30
136,"gfdl-esm4 ssp585","shock_0.25",0.37175645000506,0.37175645000506,30
136,"ipsl-cm6a-lr ssp126","shock_0.25",0.0158251513064001,0.0158251513064001,30
136,"ipsl-cm6a-lr ssp585","shock_0.25",0.198444607858868,0.198444607858868,30
137,"gfdl-esm4 ssp126","shock_0.25",0.0209267316042854,0.0209267316042854,30
137,"gfdl-esm4 ssp585","shock_0.25",0.109861095362255,0.109861095362255,30
137,"ipsl-cm6a-lr ssp126","shock_0.25",0.122062679710759,0.122062679710759,30
137,"ipsl-cm6a-lr ssp585","shock_0.25",0.710669020512121,0.710669020512121,30
140,"gfdl-esm4 ssp126","shock_0.25",0.0378687838772785,0.0378687838772785,30
140,"gfdl-esm4 ssp585","shock_0.25",0.162576845578653,0.162576845578653,30
140,"ipsl-cm6a-lr ssp126","shock_0.25",0.0287162291418974,0.0287162291418974,30
140,"ipsl-cm6a-lr ssp585","shock_0.25",0.128171549003852,0.128171549003852,30
141,"gfdl-esm4 ssp126","shock_0.25",0.0188583120197583,0.269561291303253,30
141,"gfdl-esm4 ssp585","shock_0.25",0.0419360310174053,0.257393716343272,30
141,"ipsl-cm6a-lr ssp126","shock_0.25",0.0438601019910214,0.258678244261984,30
141,"ipsl-cm6a-lr ssp585","shock_0.25",0.0420365326582715,0.41271517827687,30
145,"gfdl-esm4 ssp126","shock_0.25",0.0182079062457069,0.0182079062457069,30
145,"gfdl-esm4 ssp585","shock_0.25",0.109861095362255,0.109861095362255,30
145,"ipsl-cm6a-lr ssp126","shock_0.25",0.103282498414057,0.103282498414057,30
145,"ipsl-cm6a-lr ssp585","shock_0.25",0.758408826661537,0.758408826661537,30
146,"gfdl-esm4 ssp126","shock_0.25",0.0350622544443709,0.0350622544443709,30
146,"gfdl-esm4 ssp585","shock_0.25",0.0450041478794666,0.0450041478794666,30
146,"ipsl-cm6a-lr ssp126","shock_0.25",0.135176976911593,0.135176976911593,30
146,"ipsl-cm6a-lr ssp585","shock_0.25",0.155376803671684,0.155376803671684,30
147,"gfdl-esm4 ssp126","shock_0.25",0.0503453069619713,0.0503453069619713,30
147,"gfdl-esm4 ssp585","shock_0.25",0.107181466801282,0.107181466801282,30
147,"ipsl-cm6a-lr ssp126","shock_0.25",0.00550798914599993,0.00550798914599993,30
147,"ipsl-cm6a-lr ssp585","shock_0.25",0.210518898469783,0.210518898469783,30
149,"gfdl-esm4 ssp126","shock_0.25",0.14348258608398,0.14348258608398,30
149,"gfdl-esm4 ssp585","shock_0.25",0.0607428259844952,0.0607428259844952,30
149,"ipsl-cm6a-lr ssp126","shock_0.25",0.018792021010306,0.018792021010306,30
149,"ipsl-cm6a-lr ssp585","shock_0.25",0.249572810275971,0.249572810275971,30
151,"gfdl-esm4 ssp126","shock_0.25",0.0282840844653426,0.0282840844653426,30
151,"gfdl-esm4 ssp585","shock_0.25",0.467674932677531,0.467674932677531,30
151,"ipsl-cm6a-lr ssp126","shock_0.25",0.806038317477417,0.806038317477417,30
151,"ipsl-cm6a-lr ssp585","shock_0.25",0.345207830090091,0.345207830090091,30
152,"gfdl-esm4 ssp126","shock_0.25",0.174569804125801,0.174569804125801,30
152,"gfdl-esm4 ssp585","shock_0.25",0.043306626082696,0.043306626082696,30
152,"ipsl-cm6a-lr ssp126","shock_0.25",0.0286041008002025,0.0286041008002025,30
152,"ipsl-cm6a-lr ssp585","shock_0.25",0.235380905097439,0.235380905097439,30
188,"gfdl-esm4 ssp126","shock_0.25",0.0141783745619204,0.0141783745619204,30
188,"gfdl-esm4 ssp585","shock_0.25",0.0361490902975622,0.0361490902975622,30
188,"ipsl-cm6a-lr ssp126","shock_0.25",0.0654912143735519,0.0654912143735519,30
188,"ipsl-cm6a-lr ssp585","shock_0.25",0.20975096285631,0.20975096285631,30
579,"gfdl-esm4 ssp126","shock_0.25",0.0946652390653612,0.0946652390653612,30
579,"gfdl-esm4 ssp585","shock_0.25",0.0282505055313239,0.0282505055313239,30
579,"ipsl-cm6a-lr ssp126","shock_0.25",0.111652409386947,0.111652409386947,30
579,"ipsl-cm6a-lr ssp585","shock_0.25",0.115720544435705,0.115720544435705,30
582,"gfdl-esm4 ssp126","shock_0.25",0.306111,0.883215992061719,30
582,"gfdl-esm4 ssp585","shock_0.25",0,0.758797973388672,30
582,"ipsl-cm6a-lr ssp126","shock_0.25",0.2959744,0.986828849439314,30
582,"ipsl-cm6a-lr ssp585","shock_0.25",0.1168,0.93714048015625,30
583,"gfdl-esm4 ssp126","shock_0.25",0.0650007310691038,0.0650007310691038,30
583,"gfdl-esm4 ssp585","shock_0.25",0.200970427984071,0.200970427984071,30
583,"ipsl-cm6a-lr ssp126","shock_0.25",0.490166616842799,0.490166616842799,30
583,"ipsl-cm6a-lr ssp585","shock_0.25",0.0237237900046818,0.0237237900046818,30
620,"gfdl-esm4 ssp126","shock_0.25",0.310210886803217,0.310210886803217,30
620,"gfdl-esm4 ssp585","shock_0.25",0.0507715529916339,0.0507715529916339,30
620,"ipsl-cm6a-lr ssp126","shock_0.25",0.0682027269112435,0.0682027269112435,30
620,"ipsl-cm6a-lr ssp585","shock_0.25",0.0409222895781959,0.0409222895781959,30
640,"gfdl-esm4 ssp126","shock_0.25",0.207304971363093,0.207304971363093,30
640,"gfdl-esm4 ssp585","shock_0.25",0.171692611133653,0.171692611133653,30
640,"ipsl-cm6a-lr ssp126","shock_0.25",0.0257652062079716,0.0257652062079716,30
640,"ipsl-cm6a-lr ssp585","shock_0.25",0.127024021507943,0.127024021507943,30
755,"gfdl-esm4 ssp126","shock_0.25",0.0742580355461239,0.0742580355461239,30
755,"gfdl-esm4 ssp585","shock_0.25",0.192731540981145,0.192731540981145,30
755,"ipsl-cm6a-lr ssp126","shock_0.25",0.127161343576069,0.127161343576069,30
755,"ipsl-cm6a-lr ssp585","shock_0.25",0.189397840609315,0.189397840609315,30
762,"gfdl-esm4 ssp126","shock_0.25",0.195048657053637,0.195048657053637,30
762,"gfdl-esm4 ssp585","shock_0.25",0.00856623603618001,0.00856623603618001,30
762,"ipsl-cm6a-lr ssp126","shock_0.25",0.0434660668489304,0.0434660668489304,30
762,"ipsl-cm6a-lr ssp585","shock_0.25",0.0703936203946164,0.0703936203946164,30
764,"gfdl-esm4 ssp126","shock_0.25",0.0417669855003878,0.0417669855003878,30
764,"gfdl-esm4 ssp585","shock_0.25",0.49887626100246,0.49887626100246,30
764,"ipsl-cm6a-lr ssp126","shock_0.25",0.710061499800992,0.710061499800992,30
764,"ipsl-cm6a-lr ssp585","shock_0.25",0.214130761152707,0.214130761152707,30
838,"gfdl-esm4 ssp126","shock_0.25",0.178745278266711,0.178745278266711,30
838,"gfdl-esm4 ssp585","shock_0.25",0.160619619307584,0.160619619307584,30
838,"ipsl-cm6a-lr ssp126","shock_0.25",0.0207087806146496,0.0207087806146496,30
838,"ipsl-cm6a-lr ssp585","shock_0.25",0.156392082413889,0.156392082413889,30
857,"gfdl-esm4 ssp126","shock_0.25",0.0396878112760145,0.0396878112760145,30
857,"gfdl-esm4 ssp585","shock_0.25",0.0229117604341452,0.0229117604341452,30
857,"ipsl-cm6a-lr ssp126","shock_0.25",0.11045023917535,0.11045023917535,30
857,"ipsl-cm6a-lr ssp585","shock_0.25",0.131344412830262,0.131344412830262,30
863,"gfdl-esm4 ssp126","shock_0.25",0.204564335047349,0.204564335047349,30
863,"gfdl-esm4 ssp585","shock_0.25",0.13429041954124,0.13429041954124,30
863,"ipsl-cm6a-lr ssp126","shock_0.25",0.201962268933349,0.201962268933349,30
863,"ipsl-cm6a-lr ssp585","shock_0.25",0.204536550725192,0.204536550725192,30
869,"gfdl-esm4 ssp126","shock_0.25",0.146257902925071,0.146257902925071,30
869,"gfdl-esm4 ssp585","shock_0.25",0.382576647947991,0.382576647947991,30
869,"ipsl-cm6a-lr ssp126","shock_0.25",0.0632278385455497,0.0632278385455497,30
869,"ipsl-cm6a-lr ssp585","shock_0.25",0.848655155606739,0.848655155606739,30
878,"gfdl-esm4 ssp126","shock_0.25",0.0374390210226901,0.0374390210226901,30
878,"gfdl-esm4 ssp585","shock_0.25",0.445804032301888,0.445804032301888,30
878,"ipsl-cm6a-lr ssp126","shock_0.25",0.845506684859695,0.845506684859695,30
878,"ipsl-cm6a-lr ssp585","shock_0.25",0.435362632793393,0.435362632793393,30
889,"gfdl-esm4 ssp126","shock_0.25",0.210768680927882,0.210768680927882,30
889,"gfdl-esm4 ssp585","shock_0.25",0.207401275324985,0.207401275324985,30
889,"ipsl-cm6a-lr ssp126","shock_0.25",0.195621842087074,0.195621842087074,30
889,"ipsl-cm6a-lr ssp585","shock_0.25",0.0920566217712784,0.0920566217712784,30
901,"gfdl-esm4 ssp126","shock_0.25",0.0429555173110054,0.0429555173110054,30
901,"gfdl-esm4 ssp585","shock_0.25",0.0474754552297727,0.0474754552297727,30
901,"ipsl-cm6a-lr ssp126","shock_0.25",0.137192982639089,0.137192982639089,30
901,"ipsl-cm6a-lr ssp585","shock_0.25",0.0327490834007217,0.0327490834007217,30
909,"gfdl-esm4 ssp126","shock_0.25",0.067686469741546,0.067686469741546,30
909,"gfdl-esm4 ssp585","shock_0.25",0.0507556661893351,0.0507556661893351,30
909,"ipsl-cm6a-lr ssp126","shock_0.25",0.12616049241213,0.12616049241213,30
909,"ipsl-cm6a-lr ssp585","shock_0.25",0.0788156915095342,0.0788156915095342,30
910,"gfdl-esm4 ssp126","shock_0.25",0.0257950438936362,0.0257950438936362,30
910,"gfdl-esm4 ssp585","shock_0.25",0.213730331626962,0.213730331626962,30
910,"ipsl-cm6a-lr ssp126","shock_0.25",0.18716693162013,0.18716693162013,30
910,"ipsl-cm6a-lr ssp585","shock_0.25",0.110413046089002,0.110413046089002,30
922,"gfdl-esm4 ssp126","shock_0.25",0.0238233642771565,0.0238233642771565,30
922,"gfdl-esm4 ssp585","shock_0.25",0.0148394074966166,0.0148394074966166,30
922,"ipsl-cm6a-lr ssp126","shock_0.25",0.096031813526352,0.096031813526352,30
922,"ipsl-cm6a-lr ssp585","shock_0.25",0.172608677854827,0.172608677854827,30
948,"gfdl-esm4 ssp126","shock_0.25",0.162694131051567,0.162694131051567,30
948,"gfdl-esm4 ssp585","shock_0.25",0.191877125441555,0.191877125441555,30
948,"ipsl-cm6a-lr ssp126","shock_0.25",0.0175296330868316,0.0175296330868316,30
948,"ipsl-cm6a-lr ssp585","shock_0.25",0.070788186952709,0.070788186952709,30
966,"gfdl-esm4 ssp126","shock_0.25",0.122706201989022,0.122706201989022,30
966,"gfdl-esm4 ssp585","shock_0.25",0.0434495308214941,0.0434495308214941,30
966,"ipsl-cm6a-lr ssp126","shock_0.25",0.0442251541749489,0.0442251541749489,30
966,"ipsl-cm6a-lr ssp585","shock_0.25",0.138942608929532,0.138942608929532,30
983,"gfdl-esm4 ssp126","shock_0.25",0.038442524874929,0.038442524874929,30
983,"gfdl-esm4 ssp585","shock_0.25",0.264087773763923,0.264087773763923,30
983,"ipsl-cm6a-lr ssp126","shock_0.25",0.0114039381598546,0.0114039381598546,30
983,"ipsl-cm6a-lr ssp585","shock_0.25",0.0621277636677816,0.0621277636677816,30
1009,"gfdl-esm4 ssp126","shock_0.25",0.0277446602322839,0.0277446602322839,30
1009,"gfdl-esm4 ssp585","shock_0.25",0.159133665476947,0.159133665476947,30
1009,"ipsl-cm6a-lr ssp126","shock_0.25",0.0314317331403334,0.0314317331403334,30
1009,"ipsl-cm6a-lr ssp585","shock_0.25",0.0882033786201116,0.0882033786201116,30
1026,"gfdl-esm4 ssp126","shock_0.25",0.327780028223976,0.327780028223976,30
1026,"gfdl-esm4 ssp585","shock_0.25",0.112038709897248,0.112038709897248,30
1026,"ipsl-cm6a-lr ssp126","shock_0.25",0.170675913810918,0.170675913810918,30
1026,"ipsl-cm6a-lr ssp585","shock_0.25",0.0686971396421977,0.0686971396421977,30
1087,"gfdl-esm4 ssp126","shock_0.25",0.356566710600155,0.356566710600155,30
1087,"gfdl-esm4 ssp585","shock_0.25",0.72756454831003,0.72756454831003,30
1087,"ipsl-cm6a-lr ssp126","shock_0.25",0.0509637559685693,0.0509637559685693,30
1087,"ipsl-cm6a-lr ssp585","shock_0.25",0.0634486620650557,0.0634486620650557,30
1096,"gfdl-esm4 ssp126","shock_0.25",0.566162510740392,0.566162510740392,30
1096,"gfdl-esm4 ssp585","shock_0.25",0.54607818243828,0.54607818243828,30
1096,"ipsl-cm6a-lr ssp126","shock_0.25",0.0292586060753925,0.0292586060753925,30
1096,"ipsl-cm6a-lr ssp585","shock_0.25",0.209634160640693,0.209634160640693,30
1097,"gfdl-esm4 ssp126","shock_0.25",0.0201510371573653,0.0201510371573653,30
1097,"gfdl-esm4 ssp585","shock_0.25",0.118655890884722,0.118655890884722,30
1097,"ipsl-cm6a-lr ssp126","shock_0.25",0.0418179912553872,0.0418179912553872,30
1097,"ipsl-cm6a-lr ssp585","shock_0.25",0.0984782925506511,0.0984782925506511,30
1098,"gfdl-esm4 ssp126","shock_0.25",0.00856623603617968,0.00856623603617968,30
1098,"gfdl-esm4 ssp585","shock_0.25",0.277944002664275,0.277944002664275,30
1098,"ipsl-cm6a-lr ssp126","shock_0.25",0.456875439023964,0.456875439023964,30
1098,"ipsl-cm6a-lr ssp585","shock_0.25",0.431424536495582,0.431424536495582,30
1101,"gfdl-esm4 ssp126","shock_0.25",0.156828061755644,0.156828061755644,30
1101,"gfdl-esm4 ssp585","shock_0.25",0.355425903951735,0.355425903951735,30
1101,"ipsl-cm6a-lr ssp126","shock_0.25",0.162129065745787,0.162129065745787,30
1101,"ipsl-cm6a-lr ssp585","shock_0.25",0.325851644264189,0.325851644264189,30
1111,"gfdl-esm4 ssp126","shock_0.25",0.0149499999999995,0.195476164434549,30
1111,"gfdl-esm4 ssp585","shock_0.25",0.00349749999999938,0.121623797541533,30
1111,"ipsl-cm6a-lr ssp126","shock_0.25",0.0199999999999997,0.1725069092375,30
1111,"ipsl-cm6a-lr ssp585","shock_0.25",0.028093939483724,0.312077904559451,30
1115,"gfdl-esm4 ssp126","shock_0.25",0.105869376918655,0.105869376918655,30
1115,"gfdl-esm4 ssp585","shock_0.25",0.0264384384401393,0.0264384384401393,30
1115,"ipsl-cm6a-lr ssp126","shock_0.25",0.0124671042952766,0.0124671042952766,30
1115,"ipsl-cm6a-lr ssp585","shock_0.25",0.116680386812038,0.116680386812038,30
1144,"gfdl-esm4 ssp126","shock_0.25",0.0806199999999992,0.335191759887064,30
1144,"gfdl-esm4 ssp585","shock_0.25",0.00349749999999982,0.0712384853730198,30
1144,"ipsl-cm6a-lr ssp126","shock_0.25",0.00666599999999928,0.123860341421644,30
1144,"ipsl-cm6a-lr ssp585","shock_0.25",0.0295276659189369,0.340438889905017,30
1145,"gfdl-esm4 ssp126","shock_0.25",0.0346509999999995,0.279441087453464,30
1145,"gfdl-esm4 ssp585","shock_0.25",0.00748350999999947,0.168345868942053,30
1145,"ipsl-cm6a-lr ssp126","shock_0.25",0.00599199999999922,0.104199018336629,30
1145,"ipsl-cm6a-lr ssp585","shock_0.25",0.11049869838093,0.449889656854997,30
1170,"gfdl-esm4 ssp126","shock_0.25",0.38190047567105,0.38190047567105,30
1170,"gfdl-esm4 ssp585","shock_0.25",0.0512221467178099,0.0512221467178099,30
1170,"ipsl-cm6a-lr ssp126","shock_0.25",0.0540009856943647,0.0540009856943647,30
1170,"ipsl-cm6a-lr ssp585","shock_0.25",0.742767565235007,0.742767565235007,30
1173,"gfdl-esm4 ssp126","shock_0.25",0.0145630632177548,0.26221054985888,30
1173,"gfdl-esm4 ssp585","shock_0.25",0.015314700927633,0.2843418153649,30
1173,"ipsl-cm6a-lr ssp126","shock_0.25",0.00340656157102237,0.179538952990882,30
1173,"ipsl-cm6a-lr ssp585","shock_0.25",0.0271155567746738,0.363464004580248,30
4,"gfdl-esm4 ssp126","shock_0.5",0.48352698953626,0.48352698953626,30
4,"gfdl-esm4 ssp585","shock_0.5",0.232649547240892,0.232649547240892,30
4,"ipsl-cm6a-lr ssp126","shock_0.5",0.0784578892292191,0.0784578892292191,30
4,"ipsl-cm6a-lr ssp585","shock_0.5",0.385442190825445,0.385442190825445,30
6,"gfdl-esm4 ssp126","shock_0.5",0.176202416727104,0.176202416727104,30
6,"gfdl-esm4 ssp585","shock_0.5",0.271810484037062,0.271810484037062,30
6,"ipsl-cm6a-lr ssp126","shock_0.5",0.276934479397939,0.276934479397939,30
6,"ipsl-cm6a-lr ssp585","shock_0.5",0.923645530834493,0.923645530834493,30
7,"gfdl-esm4 ssp126","shock_0.5",0.0393143727647138,0.360743918822691,30
7,"gfdl-esm4 ssp585","shock_0.5",0.0992129504696114,0.459135137811713,30
7,"ipsl-cm6a-lr ssp126","shock_0.5",0.00990786185679904,0.152019721222603,30
7,"ipsl-cm6a-lr ssp585","shock_0.5",0.017858479784271,0.127863865127841,30
9,"gfdl-esm4 ssp126","shock_0.5",0.00504561056868325,0.273255919843438,30
9,"gfdl-esm4 ssp585","shock_0.5",0.0335284063885503,0.250315554888344,30
9,"ipsl-cm6a-lr ssp126","shock_0.5",0,0.108030990231069,30
9,"ipsl-cm6a-lr ssp585","shock_0.5",0.0581112751887419,0.336623676141251,30
16,"gfdl-esm4 ssp126","shock_0.5",0.0226618210744807,0.0226618210744807,30
16,"gfdl-esm4 ssp585","shock_0.5",0.290195666489683,0.290195666489683,30
16,"ipsl-cm6a-lr ssp126","shock_0.5",0.431049673890253,0.431049673890253,30
16,"ipsl-cm6a-lr ssp585","shock_0.5",0.0140663441761992,0.0140663441761992,30
17,"gfdl-esm4 ssp126","shock_0.5",0.0571022638741072,0.36224845166468,30
17,"gfdl-esm4 ssp585","shock_0.5",0.0120190267707035,0.162470277613912,30
17,"ipsl-cm6a-lr ssp126","shock_0.5",0.0678148343317828,0.37659617996758,30
17,"ipsl-cm6a-lr ssp585","shock_0.5",0.028734303268,0.335405462305519,30
27,"gfdl-esm4 ssp126","shock_0.5",0.315209971731093,0.315209971731093,30
27,"gfdl-esm4 ssp585","shock_0.5",0.678289409687383,0.678289409687383,30
27,"ipsl-cm6a-lr ssp126","shock_0.5",0.00504949500000007,0.00504949500000007,30
27,"ipsl-cm6a-lr ssp585","shock_0.5",0.033040365890819,0.033040365890819,30
36,"gfdl-esm4 ssp126","shock_0.5",0.00183599638199994,0.00183599638199994,30
36,"gfdl-esm4 ssp585","shock_0.5",0.0760194988855982,0.0760194988855982,30
36,"ipsl-cm6a-lr ssp126","shock_0.5",0.183082352677359,0.183082352677359,30
36,"ipsl-cm6a-lr ssp585","shock_0.5",0.0743217395177885,0.0743217395177885,30
46,"gfdl-esm4 ssp126","shock_0.5",0.0125982401002449,0.0125982401002449,30
46,"gfdl-esm4 ssp585","shock_0.5",0.0271547986449868,0.0271547986449868,30
46,"ipsl-cm6a-lr ssp126","shock_0.5",0.119591816233157,0.119591816233157,30
46,"ipsl-cm6a-lr ssp585","shock_0.5",0.313362861425441,0.313362861425441,30
52,"gfdl-esm4 ssp126","shock_0.5",0.18053764289051,0.18053764289051,30
52,"gfdl-esm4 ssp585","shock_0.5",0.680102904129074,0.680102904129074,30
52,"ipsl-cm6a-lr ssp126","shock_0.5",0.0773047406549983,0.0773047406549983,30
52,"ipsl-cm6a-lr ssp585","shock_0.5",0.927198748034547,0.927198748034547,30
94,"gfdl-esm4 ssp126","shock_0.5",0.278004666830998,0.278004666830998,30
94,"gfdl-esm4 ssp585","shock_0.5",0.0432974918040364,0.0432974918040364,30
94,"ipsl-cm6a-lr ssp126","shock_0.5",0.0408148058564378,0.0408148058564378,30
94,"ipsl-cm6a-lr ssp585","shock_0.5",0.0695254661555164,0.0695254661555164,30
95,"gfdl-esm4 ssp126","shock_0.5",0.0151623500826634,0.0151623500826634,30
95,"gfdl-esm4 ssp585","shock_0.5",0.0136893270405006,0.0136893270405006,30
95,"ipsl-cm6a-lr ssp126","shock_0.5",0.159015815887062,0.159015815887062,30
95,"ipsl-cm6a-lr ssp585","shock_0.5",0.0333266524742922,0.0333266524742922,30
97,"gfdl-esm4 ssp126","shock_0.5",0.0547762316706413,0.0547762316706413,30
97,"gfdl-esm4 ssp585","shock_0.5",0.0335747008711422,0.0335747008711422,30
97,"ipsl-cm6a-lr ssp126","shock_0.5",0.114041635511585,0.114041635511585,30
97,"ipsl-cm6a-lr ssp585","shock_0.5",0.0669194802031041,0.0669194802031041,30
98,"gfdl-esm4 ssp126","shock_0.5",0.12,0.73149491956375,30
98,"gfdl-esm4 ssp585","shock_0.5",0.0879999999999997,0.821042795546875,30
98,"ipsl-cm6a-lr ssp126","shock_0.5",0.0333399999999998,0.840750065065,30
98,"ipsl-cm6a-lr ssp585","shock_0.5",0.1040128,0.81523423438559,30
99,"gfdl-esm4 ssp126","shock_0.5",0.0338160758748053,0.0338160758748053,30
99,"gfdl-esm4 ssp585","shock_0.5",0.0710204850081135,0.0710204850081135,30
99,"ipsl-cm6a-lr ssp126","shock_0.5",0.0154011998189411,0.0154011998189411,30
99,"ipsl-cm6a-lr ssp585","shock_0.5",0.0492671141579228,0.0492671141579228,30
120,"gfdl-esm4 ssp126","shock_0.5",0.202539214576129,0.202539214576129,30
120,"gfdl-esm4 ssp585","shock_0.5",0.333658146169816,0.333658146169816,30
120,"ipsl-cm6a-lr ssp126","shock_0.5",0.116095789744013,0.116095789744013,30
120,"ipsl-cm6a-lr ssp585","shock_0.5",0.930100886833678,0.930100886833678,30
121,"gfdl-esm4 ssp126","shock_0.5",0.0139775757705491,0.0139775757705491,30
121,"gfdl-esm4 ssp585","shock_0.5",0.114416867617796,0.114416867617796,30
121,"ipsl-cm6a-lr ssp126","shock_0.5",0.0450119439646186,0.0450119439646186,30
121,"ipsl-cm6a-lr ssp585","shock_0.5",0.0697018717255986,0.0697018717255986,30
123,"gfdl-esm4 ssp126","shock_0.5",0.091225772987087,0.091225772987087,30
123,"gfdl-esm4 ssp585","shock_0.5",0.279900833911037,0.279900833911037,30
123,"ipsl-cm6a-lr ssp126","shock_0.5",0.205068450873747,0.205068450873747,30
123,"ipsl-cm6a-lr ssp585","shock_0.5",0.859167234364468,0.859167234364468,30
124,"gfdl-esm4 ssp126","shock_0.5",0.0288370009210386,0.0288370009210386,30
124,"gfdl-esm4 ssp585","shock_0.5",0.0411888625857751,0.0411888625857751,30
124,"ipsl-cm6a-lr ssp126","shock_0.5",0.00536230382424452,0.00536230382424452,30
124,"ipsl-cm6a-lr ssp585","shock_0.5",0.114981668164069,0.114981668164069,30
127,"gfdl-esm4 ssp126","shock_0.5",0.515069227370658,0.515069227370658,30
127,"gfdl-esm4 ssp585","shock_0.5",0.845115192191459,0.845115192191459,30
127,"ipsl-cm6a-lr ssp126","shock_0.5",0.149765834337465,0.149765834337465,30
127,"ipsl-cm6a-lr ssp585","shock_0.5",0.628567995890149,0.628567995890149,30
128,"gfdl-esm4 ssp126","shock_0.5",0.0571275819431999,0.0571275819431999,30
128,"gfdl-esm4 ssp585","shock_0.5",0.0727307438913263,0.0727307438913263,30
128,"ipsl-cm6a-lr ssp126","shock_0.5",0.0513588489134976,0.0513588489134976,30
128,"ipsl-cm6a-lr ssp585","shock_0.5",0.0330613750560323,0.0330613750560323,30
130,"gfdl-esm4 ssp126","shock_0.5",0.401142720410772,0.401142720410772,30
130,"gfdl-esm4 ssp585","shock_0.5",0.0804115779017295,0.0804115779017295,30
130,"ipsl-cm6a-lr ssp126","shock_0.5",0.237655591446435,0.237655591446435,30
130,"ipsl-cm6a-lr ssp585","shock_0.5",0.218669593727246,0.218669593727246,30
132,"gfdl-esm4 ssp126","shock_0.5",0.0269292521814813,0.0269292521814813,30
132,"gfdl-esm4 ssp585","shock_0.5",0.176953574559447,0.176953574559447,30
132,"ipsl-cm6a-lr ssp126","shock_0.5",0.163006768285801,0.163006768285801,30
132,"ipsl-cm6a-lr ssp585","shock_0.5",0.845285464444525,0.845285464444525,30
135,"gfdl-esm4 ssp126","shock_0.5",0.268744522053258,0.268744522053258,30
135,"gfdl-esm4 ssp585","shock_0.5",0.26106895629411,0.26106895629411,30
135,"ipsl-cm6a-lr ssp126","shock_0.5",0.119993687047733,0.119993687047733,30
135,"ipsl-cm6a-lr ssp585","shock_0.5",0.200702006299234,0.200702006299234,30
136,"gfdl-esm4 ssp126","shock_0.5",0.100740610050419,0.100740610050419,30
136,"gfdl-esm4 ssp585","shock_0.5",0.245425672704177,0.245425672704177,30
136,"ipsl-cm6a-lr ssp126","shock_0.5",0.0115964931484892,0.0115964931484892,30
136,"ipsl-cm6a-lr ssp585","shock_0.5",0.198735410180036,0.198735410180036,30
137,"gfdl-esm4 ssp126","shock_0.5",0.038900766047922,0.038900766047922,30
137,"gfdl-esm4 ssp585","shock_0.5",0.099711673531662,0.099711673531662,30
137,"ipsl-cm6a-lr ssp126","shock_0.5",0.108688059447182,0.108688059447182,30
137,"ipsl-cm6a-lr ssp585","shock_0.5",0.732393888774463,0.732393888774463,30
140,"gfdl-esm4 ssp126","shock_0.5",0.023594859706062,0.023594859706062,30
140,"gfdl-esm4 ssp585","shock_0.5",0.184136981019612,0.184136981019612,30
140,"ipsl-cm6a-lr ssp126","shock_0.5",0.0126839135639366,0.0126839135639366,30
140,"ipsl-cm6a-lr ssp585","shock_0.5",0.120712723935495,0.120712723935495,30
141,"gfdl-esm4 ssp126","shock_0.5",0.024819544282594,0.267998539891054,30
141,"gfdl-esm4 ssp585","shock_0.5",0.215873017813322,0.52065235745252,30
141,"ipsl-cm6a-lr ssp126","shock_0.5",0.0414337565314604,0.27549147815178,30
141,"ipsl-cm6a-lr ssp585","shock_0.5",0.155992686097174,0.609079611958682,30
145,"gfdl-esm4 ssp126","shock_0.5",0.182049655992105,0.182049655992105,30
145,"gfdl-esm4 ssp585","shock_0.5",0.0637044466885983,0.0637044466885983,30
145,"ipsl-cm6a-lr ssp126","shock_0.5",0.239470947363391,0.239470947363391,30
145,"ipsl-cm6a-lr ssp585","shock_0.5",0.756342582426823,0.756342582426823,30
146,"gfdl-esm4 ssp126","shock_0.5",0.0259959625493258,0.0259959625493258,30
146,"gfdl-esm4 ssp585","shock_0.5",0.0207257808206703,0.0207257808206703,30
146,"ipsl-cm6a-lr ssp126","shock_0.5",0.122200063478979,0.122200063478979,30
146,"ipsl-cm6a-lr ssp585","shock_0.5",0.121264205281224,0.121264205281224,30
147,"gfdl-esm4 ssp126","shock_0.5",0.108051293811381,0.108051293811381,30
147,"gfdl-esm4 ssp585","shock_0.5",0.0909838806992249,0.0909838806992249,30
147,"ipsl-cm6a-lr ssp126","shock_0.5",0.0289822589961681,0.0289822589961681,30
147,"ipsl-cm6a-lr ssp585","shock_0.5",0.179403646155174,0.179403646155174,30
149,"gfdl-esm4 ssp126","shock_0.5",0.130804567201027,0.130804567201027,30
149,"gfdl-esm4 ssp585","shock_0.5",0.0275137733700962,0.0275137733700962,30
149,"ipsl-cm6a-lr ssp126","shock_0.5",0.00504337562405877,0.00504337562405877,30
149,"ipsl-cm6a-lr ssp585","shock_0.5",0.101848635992411,0.101848635992411,30
151,"gfdl-esm4 ssp126","shock_0.5",0.0160728938822605,0.0160728938822605,30
151,"gfdl-esm4 ssp585","shock_0.5",0.543327168232754,0.543327168232754,30
151,"ipsl-cm6a-lr ssp126","shock_0.5",0.678001839166249,0.678001839166249,30
151,"ipsl-cm6a-lr ssp585","shock_0.5",0.409115206129006,0.409115206129006,30
152,"gfdl-esm4 ssp126","shock_0.5",0.14851026820582,0.14851026820582,30
152,"gfdl-esm4 ssp585","shock_0.5",0.0411814414908981,0.0411814414908981,30
152,"ipsl-cm6a-lr ssp126","shock_0.5",0.0149929418678177,0.0149929418678177,30
152,"ipsl-cm6a-lr ssp585","shock_0.5",0.14541611512134,0.14541611512134,30
188,"gfdl-esm4 ssp126","shock_0.5",0.0108543326893309,0.0108543326893309,30
188,"gfdl-esm4 ssp585","shock_0.5",0.000826280999999929,0.000826280999999929,30
188,"ipsl-cm6a-lr ssp126","shock_0.5",0.0735267350444105,0.0735267350444105,30
188,"ipsl-cm6a-lr ssp585","shock_0.5",0.246885300109525,0.246885300109525,30
579,"gfdl-esm4 ssp126","shock_0.5",0.0827209762517748,0.0827209762517748,30
579,"gfdl-esm4 ssp585","shock_0.5",0.119855396334021,0.119855396334021,30
579,"ipsl-cm6a-lr ssp126","shock_0.5",0.0582280249256854,0.0582280249256854,30
579,"ipsl-cm6a-lr ssp585","shock_0.5",0.170392434787774,0.170392434787774,30
582,"gfdl-esm4 ssp126","shock_0.5",0.313795,0.916362573080078,30
582,"gfdl-esm4 ssp585","shock_0.5",0,0.800056214782715,30
582,"ipsl-cm6a-lr ssp126","shock_0.5",0.13336,0.96151949899801,30
582,"ipsl-cm6a-lr ssp585","shock_0.5",0.2026912,0.963152372545191,30
583,"gfdl-esm4 ssp126","shock_0.5",0.080390660835535,0.080390660835535,30
583,"gfdl-esm4 ssp585","shock_0.5",0.147733555334829,0.147733555334829,30
583,"ipsl-cm6a-lr ssp126","shock_0.5",0.713204473144325,0.713204473144325,30
583,"ipsl-cm6a-lr ssp585","shock_0.5",0.0435124668758777,0.0435124668758777,30
620,"gfdl-esm4 ssp126","shock_0.5",0.293967366441942,0.293967366441942,30
620,"gfdl-esm4 ssp585","shock_0.5",0.0330277355796785,0.0330277355796785,30
620,"ipsl-cm6a-lr ssp126","shock_0.5",0.0709885159170279,0.0709885159170279,30
620,"ipsl-cm6a-lr ssp585","shock_0.5",0.0534601351227934,0.0534601351227934,30
640,"gfdl-esm4 ssp126","shock_0.5",0.253208089050946,0.253208089050946,30
640,"gfdl-esm4 ssp585","shock_0.5",0.225054941110261,0.225054941110261,30
640,"ipsl-cm6a-lr ssp126","shock_0.5",0.0496753675508724,0.0496753675508724,30
640,"ipsl-cm6a-lr ssp585","shock_0.5",0.102065176418889,0.102065176418889,30
755,"gfdl-esm4 ssp126","shock_0.5",0.0832435305918081,0.0832435305918081,30
755,"gfdl-esm4 ssp585","shock_0.5",0.228635344451014,0.228635344451014,30
755,"ipsl-cm6a-lr ssp126","shock_0.5",0.0955996497846519,0.0955996497846519,30
755,"ipsl-cm6a-lr ssp585","shock_0.5",0.200497878774464,0.200497878774464,30
762,"gfdl-esm4 ssp126","shock_0.5",0.195809008423478,0.195809008423478,30
762,"gfdl-esm4 ssp585","shock_0.5",0.0356734202471436,0.0356734202471436,30
762,"ipsl-cm6a-lr ssp126","shock_0.5",0.0467483204923603,0.0467483204923603,30
762,"ipsl-cm6a-lr ssp585","shock_0.5",0.034588973321017,0.034588973321017,30
764,"gfdl-esm4 ssp126","shock_0.5",0.0756933646248393,0.0756933646248393,30
764,"gfdl-esm4 ssp585","shock_0.5",0.577037790340617,0.577037790340617,30
764,"ipsl-cm6a-lr ssp126","shock_0.5",0.456855241733461,0.456855241733461,30
764,"ipsl-cm6a-lr ssp585","shock_0.5",0.197272928016013,0.197272928016013,30
838,"gfdl-esm4 ssp126","shock_0.5",0.18538867754143,0.18538867754143,30
838,"gfdl-esm4 ssp585","shock_0.5",0.128863740588018,0.128863740588018,30
838,"ipsl-cm6a-lr ssp126","shock_0.5",0.0158969495470824,0.0158969495470824,30
838,"ipsl-cm6a-lr ssp585","shock_0.5",0.116512970866706,0.116512970866706,30
857,"gfdl-esm4 ssp126","shock_0.5",0.0280670246949754,0.0280670246949754,30
857,"gfdl-esm4 ssp585","shock_0.5",0.121455499223486,0.121455499223486,30
857,"ipsl-cm6a-lr ssp126","shock_0.5",0.0412211710561161,0.0412211710561161,30
857,"ipsl-cm6a-lr ssp585","shock_0.5",0.079843207730757,0.079843207730757,30
863,"gfdl-esm4 ssp126","shock_0.5",0.348282385677964,0.348282385677964,30
863,"gfdl-esm4 ssp585","shock_0.5",0.122369595227597,0.122369595227597,30
863,"ipsl-cm6a-lr ssp126","shock_0.5",0.198053621417916,0.198053621417916,30
863,"ipsl-cm6a-lr ssp585","shock_0.5",0.0823435902910287,0.0823435902910287,30
869,"gfdl-esm4 ssp126","shock_0.5",0.161445799914946,0.161445799914946,30
869,"gfdl-esm4 ssp585","shock_0.5",0.294537495675841,0.294537495675841,30
869,"ipsl-cm6a-lr ssp126","shock_0.5",0.0907651629289453,0.0907651629289453,30
869,"ipsl-cm6a-lr ssp585","shock_0.5",0.917300489560735,0.917300489560735,30
878,"gfdl-esm4 ssp126","shock_0.5",0.0160728938822605,0.0160728938822605,30
878,"gfdl-esm4 ssp585","shock_0.5",0.498182887763244,0.498182887763244,30
878,"ipsl-cm6a-lr ssp126","shock_0.5",0.360576381029617,0.360576381029617,30
878,"ipsl-cm6a-lr ssp585","shock_0.5",0.596974699175402,0.596974699175402,30
889,"gfdl-esm4 ssp126","shock_0.5",0.253244668210057,0.253244668210057,30
889,"gfdl-esm4 ssp585","shock_0.5",0.194171274536982,0.194171274536982,30
889,"ipsl-cm6a-lr ssp126","shock_0.5",0.431212629428522,0.431212629428522,30
889,"ipsl-cm6a-lr ssp585","shock_0.5",0.0386983972505484,0.0386983972505484,30
901,"gfdl-esm4 ssp126","shock_0.5",0.0972850387458455,0.0972850387458455,30
901,"gfdl-esm4 ssp585","shock_0.5",0.0424841654083775,0.0424841654083775,30
901,"ipsl-cm6a-lr ssp126","shock_0.5",0.033156819991159,0.033156819991159,30
901,"ipsl-cm6a-lr ssp585","shock_0.5",0.0420683564347131,0.0420683564347131,30
909,"gfdl-esm4 ssp126","shock_0.5",0.0270282646577406,0.0270282646577406,30
909,"gfdl-esm4 ssp585","shock_0.5",0.162569861608986,0.162569861608986,30
909,"ipsl-cm6a-lr ssp126","shock_0.5",0.057631360478661,0.057631360478661,30
909,"ipsl-cm6a-lr ssp585","shock_0.5",0.0495335622670039,0.0495335622670039,30
910,"gfdl-esm4 ssp126","shock_0.5",0.0260999433082696,0.0260999433082696,30
910,"gfdl-esm4 ssp585","shock_0.5",0.604088808435472,0.604088808435472,30
910,"ipsl-cm6a-lr ssp126","shock_0.5",0.0683865133901811,0.0683865133901811,30
910,"ipsl-cm6a-lr ssp585","shock_0.5",0.0435170369471998,0.0435170369471998,30
922,"gfdl-esm4 ssp126","shock_0.5",0.0292393429263058,0.0292393429263058,30
922,"gfdl-esm4 ssp585","shock_0.5",0.113959076616726,0.113959076616726,30
922,"ipsl-cm6a-lr ssp126","shock_0.5",0.0328102867903111,0.0328102867903111,30
922,"ipsl-cm6a-lr ssp585","shock_0.5",0.214384884292151,0.214384884292151,30
948,"gfdl-esm4 ssp126","shock_0.5",0.104528190612512,0.104528190612512,30
948,"gfdl-esm4 ssp585","shock_0.5",0.227963617800641,0.227963617800641,30
948,"ipsl-cm6a-lr ssp126","shock_0.5",0.0139046490651239,0.0139046490651239,30
948,"ipsl-cm6a-lr ssp585","shock_0.5",0.0697020030947422,0.0697020030947422,30
966,"gfdl-esm4 ssp126","shock_0.5",0.0438770752366512,0.0438770752366512,30
966,"gfdl-esm4 ssp585","shock_0.5",0.0109169263964438,0.0109169263964438,30
966,"ipsl-cm6a-lr ssp126","shock_0.5",0.0294699105777696,0.0294699105777696,30
966,"ipsl-cm6a-lr ssp585","shock_0.5",0.198130351882263,0.198130351882263,30
983,"gfdl-esm4 ssp126","shock_0.5",0.0284701455729934,0.0284701455729934,30
983,"gfdl-esm4 ssp585","shock_0.5",0.223333234254353,0.223333234254353,30
983,"ipsl-cm6a-lr ssp126","shock_0.5",0.0141532147895327,0.0141532147895327,30
983,"ipsl-cm6a-lr ssp585","shock_0.5",0.0183141751326599,0.0183141751326599,30
1009,"gfdl-esm4 ssp126","shock_0.5",0.025701471468102,0.025701471468102,30
1009,"gfdl-esm4 ssp585","shock_0.5",0.0961909407444269,0.0961909407444269,30
1009,"ipsl-cm6a-lr ssp126","shock_0.5",0.0367560557922741,0.0367560557922741,30
1009,"ipsl-cm6a-lr ssp585","shock_0.5",0.05337166260147,0.05337166260147,30
1026,"gfdl-esm4 ssp126","shock_0.5",0.269738806744028,0.269738806744028,30
1026,"gfdl-esm4 ssp585","shock_0.5",0.11035249251383,0.11035249251383,30
1026,"ipsl-cm6a-lr ssp126","shock_0.5",0.136702737384282,0.136702737384282,30
1026,"ipsl-cm6a-lr ssp585","shock_0.5",0.0756802584652517,0.0756802584652517,30
1087,"gfdl-esm4 ssp126","shock_0.5",0.324646744054039,0.324646744054039,30
1087,"gfdl-esm4 ssp585","shock_0.5",0.739198483880883,0.739198483880883,30
1087,"ipsl-cm6a-lr ssp126","shock_0.5",0.0211555095829199,0.0211555095829199,30
1087,"ipsl-cm6a-lr ssp585","shock_0.5",0.0401599064979196,0.0401599064979196,30
1096,"gfdl-esm4 ssp126","shock_0.5",0.536407136074699,0.536407136074699,30
1096,"gfdl-esm4 ssp585","shock_0.5",0.497919411400334,0.497919411400334,30
1096,"ipsl-cm6a-lr ssp126","shock_0.5",0.0662424971679568,0.0662424971679568,30
1096,"ipsl-cm6a-lr ssp585","shock_0.5",0.227359921524764,0.227359921524764,30
1097,"gfdl-esm4 ssp126","shock_0.5",0.0348398641517227,0.0348398641517227,30
1097,"gfdl-esm4 ssp585","shock_0.5",0.0838369381183339,0.0838369381183339,30
1097,"ipsl-cm6a-lr ssp126","shock_0.5",0.0242556674536349,0.0242556674536349,30
1097,"ipsl-cm6a-lr ssp585","shock_0.5",0.10499111199265,0.10499111199265,30
1098,"gfdl-esm4 ssp126","shock_0.5",0,0,30
1098,"gfdl-esm4 ssp585","shock_0.5",0.240511636216042,0.240511636216042,30
1098,"ipsl-cm6a-lr ssp126","shock_0.5",0.308774595899235,0.308774595899235,30
1098,"ipsl-cm6a-lr ssp585","shock_0.5",0.450583656787353,0.450583656787353,30
1101,"gfdl-esm4 ssp126","shock_0.5",0.105284327209564,0.105284327209564,30
1101,"gfdl-esm4 ssp585","shock_0.5",0.330077717594524,0.330077717594524,30
1101,"ipsl-cm6a-lr ssp126","shock_0.5",0.132585167683319,0.132585167683319,30
1101,"ipsl-cm6a-lr ssp585","shock_0.5",0.286204242692358,0.286204242692358,30
1111,"gfdl-esm4 ssp126","shock_0.5",-4.44089209850063e-16,0.121157064756999,30
1111,"gfdl-esm4 ssp585","shock_0.5",0.00897999999999943,0.173856657562578,30
1111,"ipsl-cm6a-lr ssp126","shock_0.5",0,0.1311859,30
1111,"ipsl-cm6a-lr ssp585","shock_0.5",0.0640825083655119,0.358813812138868,30
1115,"gfdl-esm4 ssp126","shock_0.5",0.0609286056470317,0.0609286056470317,30
1115,"gfdl-esm4 ssp585","shock_0.5",0.0305423777411037,0.0305423777411037,30
1115,"ipsl-cm6a-lr ssp126","shock_0.5",0.00544941100884366,0.00544941100884366,30
1115,"ipsl-cm6a-lr ssp585","shock_0.5",0.0708842515257678,0.0708842515257678,30
1144,"gfdl-esm4 ssp126","shock_0.5",0.0239999999999994,0.201976765606999,30
1144,"gfdl-esm4 ssp585","shock_0.5",0.00698999999999972,0.118033413854441,30
1144,"ipsl-cm6a-lr ssp126","shock_0.5",-2.22044604925031e-16,0.0931120050396103,30
1144,"ipsl-cm6a-lr ssp585","shock_0.5",0.0516113995762733,0.421957497393658,30
1145,"gfdl-esm4 ssp126","shock_0.5",-4.44089209850063e-16,0.190518909076494,30
1145,"gfdl-esm4 ssp585","shock_0.5",0.00698999999999972,0.15366842743608,30
1145,"ipsl-cm6a-lr ssp126","shock_0.5",0,0.0522702120758497,30
1145,"ipsl-cm6a-lr ssp585","shock_0.5",0.105990066001589,0.442533367236302,30
1170,"gfdl-esm4 ssp126","shock_0.5",0.28530544546117,0.28530544546117,30
1170,"gfdl-esm4 ssp585","shock_0.5",0.103897876853585,0.103897876853585,30
1170,"ipsl-cm6a-lr ssp126","shock_0.5",0.0380905911227434,0.0380905911227434,30
1170,"ipsl-cm6a-lr ssp585","shock_0.5",0.714316449158335,0.714316449158335,30
1173,"gfdl-esm4 ssp126","shock_0.5",0.019375324327464,0.26862952816593,30
1173,"gfdl-esm4 ssp585","shock_0.5",0.0280259240040459,0.298772097029886,30
1173,"ipsl-cm6a-lr ssp126","shock_0.5",0.00303060599999982,0.180159092759706,30
1173,"ipsl-cm6a-lr ssp585","shock_0.5",0.0460456441904477,0.290282232357828,30
4,"gfdl-esm4 ssp126","shock_0.75",0.64244338602496,0.64244338602496,30
4,"gfdl-esm4 ssp585","shock_0.75",0.282276818923978,0.282276818923978,30
4,"ipsl-cm6a-lr ssp126","shock_0.75",0.046329633258991,0.046329633258991,30
4,"ipsl-cm6a-lr ssp585","shock_0.75",0.281920018468987,0.281920018468987,30
6,"gfdl-esm4 ssp126","shock_0.75",0.237998048450903,0.237998048450903,30
6,"gfdl-esm4 ssp585","shock_0.75",0.277455037804247,0.277455037804247,30
6,"ipsl-cm6a-lr ssp126","shock_0.75",0.261617380500248,0.261617380500248,30
6,"ipsl-cm6a-lr ssp585","shock_0.75",0.92124534770836,0.92124534770836,30
7,"gfdl-esm4 ssp126","shock_0.75",0.0447312464514211,0.364225531348857,30
7,"gfdl-esm4 ssp585","shock_0.75",0.0489923182317313,0.367915900989777,30
7,"ipsl-cm6a-lr ssp126","shock_0.75",0.00908909099999966,0.153252103868649,30
7,"ipsl-cm6a-lr ssp585","shock_0.75",0.0375925784521329,0.197029098206356,30
9,"gfdl-esm4 ssp126","shock_0.75",0.00504561056868347,0.315564921790361,30
9,"gfdl-esm4 ssp585","shock_0.75",0.0335284063885503,0.256510055018257,30
9,"ipsl-cm6a-lr ssp126","shock_0.75",0,0.071657447298605,30
9,"ipsl-cm6a-lr ssp585","shock_0.75",0.0471270008360938,0.363060821890849,30
16,"gfdl-esm4 ssp126","shock_0.75",0.0451584876630744,0.0451584876630744,30
16,"gfdl-esm4 ssp585","shock_0.75",0.28882525401435,0.28882525401435,30
16,"ipsl-cm6a-lr ssp126","shock_0.75",0.550971563456115,0.550971563456115,30
16,"ipsl-cm6a-lr ssp585","shock_0.75",0.0310126416594199,0.0310126416594199,30
17,"gfdl-esm4 ssp126","shock_0.75",0.0390672010737674,0.343651973412496,30
17,"gfdl-esm4 ssp585","shock_0.75",0.00897598231199948,0.136168189446526,30
17,"ipsl-cm6a-lr ssp126","shock_0.75",0.0345629904962699,0.217405031106558,30
17,"ipsl-cm6a-lr ssp585","shock_0.75",0.0262758957701561,0.332648382074996,30
27,"gfdl-esm4 ssp126","shock_0.75",0.280411385200639,0.280411385200639,30
27,"gfdl-esm4 ssp585","shock_0.75",0.663889318245674,0.663889318245674,30
27,"ipsl-cm6a-lr ssp126","shock_0.75",0.00250839158758698,0.00250839158758698,30
27,"ipsl-cm6a-lr ssp585","shock_0.75",0.0243520483330394,0.0243520483330394,30
36,"gfdl-esm4 ssp126","shock_0.75",0,0,30
36,"gfdl-esm4 ssp585","shock_0.75",0.0962456015520479,0.0962456015520479,30
36,"ipsl-cm6a-lr ssp126","shock_0.75",0.132731970247567,0.132731970247567,30
36,"ipsl-cm6a-lr ssp585","shock_0.75",0.108207267053495,0.108207267053495,30
46,"gfdl-esm4 ssp126","shock_0.75",0.0135046731296228,0.0135046731296228,30
46,"gfdl-esm4 ssp585","shock_0.75",0.0799444798517538,0.0799444798517538,30
46,"ipsl-cm6a-lr ssp126","shock_0.75",0.0590682965425932,0.0590682965425932,30
46,"ipsl-cm6a-lr ssp585","shock_0.75",0.250117261163223,0.250117261163223,30
52,"gfdl-esm4 ssp126","shock_0.75",0.355273743792823,0.355273743792823,30
52,"gfdl-esm4 ssp585","shock_0.75",0.669191250802183,0.669191250802183,30
52,"ipsl-cm6a-lr ssp126","shock_0.75",0.0674149459116478,0.0674149459116478,30
52,"ipsl-cm6a-lr ssp585","shock_0.75",0.897839388954871,0.897839388954871,30
94,"gfdl-esm4 ssp126","shock_0.75",0.23545980531326,0.23545980531326,30
94,"gfdl-esm4 ssp585","shock_0.75",0.0333188996776466,0.0333188996776466,30
94,"ipsl-cm6a-lr ssp126","shock_0.75",0.0320855251531753,0.0320855251531753,30
94,"ipsl-cm6a-lr ssp585","shock_0.75",0.0753997060886161,0.0753997060886161,30
95,"gfdl-esm4 ssp126","shock_0.75",0.0287425519434721,0.0287425519434721,30
95,"gfdl-esm4 ssp585","shock_0.75",0.026150612355706,0.026150612355706,30
95,"ipsl-cm6a-lr ssp126","shock_0.75",0.0364778108832912,0.0364778108832912,30
95,"ipsl-cm6a-lr ssp585","shock_0.75",0.0313502155603511,0.0313502155603511,30
97,"gfdl-esm4 ssp126","shock_0.75",0.0312884982902192,0.0312884982902192,30
97,"gfdl-esm4 ssp585","shock_0.75",0.0317197701983803,0.0317197701983803,30
97,"ipsl-cm6a-lr ssp126","shock_0.75",0.132874658668709,0.132874658668709,30
97,"ipsl-cm6a-lr ssp585","shock_0.75",0.0579358724109594,0.0579358724109594,30
98,"gfdl-esm4 ssp126","shock_0.75",0.0399999999999998,0.64901296675,30
98,"gfdl-esm4 ssp585","shock_0.75",0.1792,0.86957552125,30
98,"ipsl-cm6a-lr ssp126","shock_0.75",0.110014,0.8383274255548,30
98,"ipsl-cm6a-lr ssp585","shock_0.75",0.1040128,0.80240687110781,30
99,"gfdl-esm4 ssp126","shock_0.75",0.0291034893535709,0.0291034893535709,30
99,"gfdl-esm4 ssp585","shock_0.75",0.0298644798412174,0.0298644798412174,30
99,"ipsl-cm6a-lr ssp126","shock_0.75",0.0154011998189411,0.0154011998189411,30
99,"ipsl-cm6a-lr ssp585","shock_0.75",0.0464084905316426,0.0464084905316426,30
120,"gfdl-esm4 ssp126","shock_0.75",0.242787132545275,0.242787132545275,30
120,"gfdl-esm4 ssp585","shock_0.75",0.317726045408461,0.317726045408461,30
120,"ipsl-cm6a-lr ssp126","shock_0.75",0.07559574175148,0.07559574175148,30
120,"ipsl-cm6a-lr ssp585","shock_0.75",0.909450343636708,0.909450343636708,30
121,"gfdl-esm4 ssp126","shock_0.75",0.0227080492231828,0.0227080492231828,30
121,"gfdl-esm4 ssp585","shock_0.75",0.0441189578155667,0.0441189578155667,30
121,"ipsl-cm6a-lr ssp126","shock_0.75",0.0846567347205043,0.0846567347205043,30
121,"ipsl-cm6a-lr ssp585","shock_0.75",0.0966974898512943,0.0966974898512943,30
123,"gfdl-esm4 ssp126","shock_0.75",0.00550798914599993,0.00550798914599993,30
123,"gfdl-esm4 ssp585","shock_0.75",0.237598068634936,0.237598068634936,30
123,"ipsl-cm6a-lr ssp126","shock_0.75",0.237729359097717,0.237729359097717,30
123,"ipsl-cm6a-lr ssp585","shock_0.75",0.871783240351793,0.871783240351793,30
124,"gfdl-esm4 ssp126","shock_0.75",0.0214250368456793,0.0214250368456793,30
124,"gfdl-esm4 ssp585","shock_0.75",0.0419817651715505,0.0419817651715505,30
124,"ipsl-cm6a-lr ssp126","shock_0.75",0.00705506150152846,0.00705506150152846,30
124,"ipsl-cm6a-lr ssp585","shock_0.75",0.11072991439032,0.11072991439032,30
127,"gfdl-esm4 ssp126","shock_0.75",0.402218939186276,0.402218939186276,30
127,"gfdl-esm4 ssp585","shock_0.75",0.804072504861439,0.804072504861439,30
127,"ipsl-cm6a-lr ssp126","shock_0.75",0.0781488385784994,0.0781488385784994,30
127,"ipsl-cm6a-lr ssp585","shock_0.75",0.568178898413879,0.568178898413879,30
128,"gfdl-esm4 ssp126","shock_0.75",0.0099171899999998,0.0099171899999998,30
128,"gfdl-esm4 ssp585","shock_0.75",0.10252741063407,0.10252741063407,30
128,"ipsl-cm6a-lr ssp126","shock_0.75",0.0262084189924702,0.0262084189924702,30
128,"ipsl-cm6a-lr ssp585","shock_0.75",0.0792078952352921,0.0792078952352921,30
130,"gfdl-esm4 ssp126","shock_0.75",0.325520459958215,0.325520459958215,30
130,"gfdl-esm4 ssp585","shock_0.75",0.040660518602018,0.040660518602018,30
130,"ipsl-cm6a-lr ssp126","shock_0.75",0.263225949314963,0.263225949314963,30
130,"ipsl-cm6a-lr ssp585","shock_0.75",0.362041198131962,0.362041198131962,30
132,"gfdl-esm4 ssp126","shock_0.75",0.0850593940782332,0.0850593940782332,30
132,"gfdl-esm4 ssp585","shock_0.75",0.1893288483521,0.1893288483521,30
132,"ipsl-cm6a-lr ssp126","shock_0.75",0.149574744595695,0.149574744595695,30
132,"ipsl-cm6a-lr ssp585","shock_0.75",0.871300714445493,0.871300714445493,30
135,"gfdl-esm4 ssp126","shock_0.75",0.20612254765619,0.20612254765619,30
135,"gfdl-esm4 ssp585","shock_0.75",0.242947451953307,0.242947451953307,30
135,"ipsl-cm6a-lr ssp126","shock_0.75",0.117689761841704,0.117689761841704,30
135,"ipsl-cm6a-lr ssp585","shock_0.75",0.245357874517924,0.245357874517924,30
136,"gfdl-esm4 ssp126","shock_0.75",0.117257057072782,0.117257057072782,30
136,"gfdl-esm4 ssp585","shock_0.75",0.222417918442294,0.222417918442294,30
136,"ipsl-cm6a-lr ssp126","shock_0.75",0.0188069028929624,0.0188069028929624,30
136,"ipsl-cm6a-lr ssp585","shock_0.75",0.0987322023209826,0.0987322023209826,30
137,"gfdl-esm4 ssp126","shock_0.75",0.00715144885244079,0.00715144885244079,30
137,"gfdl-esm4 ssp585","shock_0.75",0.0496710209946719,0.0496710209946719,30
137,"ipsl-cm6a-lr ssp126","shock_0.75",0.0850493369582469,0.0850493369582469,30
137,"ipsl-cm6a-lr ssp585","shock_0.75",0.79931663258255,0.79931663258255,30
140,"gfdl-esm4 ssp126","shock_0.75",0.0224719156508745,0.0224719156508745,30
140,"gfdl-esm4 ssp585","shock_0.75",0.167603622387474,0.167603622387474,30
140,"ipsl-cm6a-lr ssp126","shock_0.75",0.0184989111393717,0.0184989111393717,30
140,"ipsl-cm6a-lr ssp585","shock_0.75",0.086426659403832,0.086426659403832,30
141,"gfdl-esm4 ssp126","shock_0.75",0.0228458903662641,0.27764936930505,30
141,"gfdl-esm4 ssp585","shock_0.75",0.0907152938733011,0.396339290804171,30
141,"ipsl-cm6a-lr ssp126","shock_0.75",0.0359306612172929,0.264743761238869,30
141,"ipsl-cm6a-lr ssp585","shock_0.75",0.20742362095046,0.628178049645928,30
145,"gfdl-esm4 ssp126","shock_0.75",0.00715144885244057,0.00715144885244057,30
145,"gfdl-esm4 ssp585","shock_0.75",0.0416122284278941,0.0416122284278941,30
145,"ipsl-cm6a-lr ssp126","shock_0.75",0.185890869216213,0.185890869216213,30
145,"ipsl-cm6a-lr ssp585","shock_0.75",0.771607664072413,0.771607664072413,30
146,"gfdl-esm4 ssp126","shock_0.75",0.0268007635793944,0.0268007635793944,30
146,"gfdl-esm4 ssp585","shock_0.75",0.0245053255342269,0.0245053255342269,30
146,"ipsl-cm6a-lr ssp126","shock_0.75",0.0790077526895514,0.0790077526895514,30
146,"ipsl-cm6a-lr ssp585","shock_0.75",0.113475661896312,0.113475661896312,30
147,"gfdl-esm4 ssp126","shock_0.75",0.0894614958049408,0.0894614958049408,30
147,"gfdl-esm4 ssp585","shock_0.75",0.100039430445009,0.100039430445009,30
147,"ipsl-cm6a-lr ssp126","shock_0.75",0.0183393683858433,0.0183393683858433,30
147,"ipsl-cm6a-lr ssp585","shock_0.75",0.139757115291061,0.139757115291061,30
149,"gfdl-esm4 ssp126","shock_0.75",0.150031380980799,0.150031380980799,30
149,"gfdl-esm4 ssp585","shock_0.75",0.0485505424187844,0.0485505424187844,30
149,"ipsl-cm6a-lr ssp126","shock_0.75",0.00705705424811731,0.00705705424811731,30
149,"ipsl-cm6a-lr ssp585","shock_0.75",0.0719653011198423,0.0719653011198423,30
151,"gfdl-esm4 ssp126","shock_0.75",0.016080970783971,0.016080970783971,30
151,"gfdl-esm4 ssp585","shock_0.75",0.624070135094674,0.624070135094674,30
151,"ipsl-cm6a-lr ssp126","shock_0.75",0.697377272715016,0.697377272715016,30
151,"ipsl-cm6a-lr ssp585","shock_0.75",0.439243520503294,0.439243520503294,30
152,"gfdl-esm4 ssp126","shock_0.75",0.157232214155057,0.157232214155057,30
152,"gfdl-esm4 ssp585","shock_0.75",0.0456629033088417,0.0456629033088417,30
152,"ipsl-cm6a-lr ssp126","shock_0.75",0.016986483705636,0.016986483705636,30
152,"ipsl-cm6a-lr ssp585","shock_0.75",0.143856811992454,0.143856811992454,30
188,"gfdl-esm4 ssp126","shock_0.75",0.0033051239999996,0.0033051239999996,30
188,"gfdl-esm4 ssp585","shock_0.75",0.00165256200000008,0.00165256200000008,30
188,"ipsl-cm6a-lr ssp126","shock_0.75",0.0596577136111491,0.0596577136111491,30
188,"ipsl-cm6a-lr ssp585","shock_0.75",0.135746980637068,0.135746980637068,30
579,"gfdl-esm4 ssp126","shock_0.75",0.0830578106650494,0.0830578106650494,30
579,"gfdl-esm4 ssp585","shock_0.75",0.155563038259362,0.155563038259362,30
579,"ipsl-cm6a-lr ssp126","shock_0.75",0.0607446849709767,0.0607446849709767,30
579,"ipsl-cm6a-lr ssp585","shock_0.75",0.17287819108925,0.17287819108925,30
582,"gfdl-esm4 ssp126","shock_0.75",0.3115,0.887430145585937,30
582,"gfdl-esm4 ssp585","shock_0.75",0,0.7532790625,30
582,"ipsl-cm6a-lr ssp126","shock_0.75",0,0.956760548816026,30
582,"ipsl-cm6a-lr ssp585","shock_0.75",0.1720184,0.956020343617521,30
583,"gfdl-esm4 ssp126","shock_0.75",0.114085899994861,0.114085899994861,30
583,"gfdl-esm4 ssp585","shock_0.75",0.160599643631425,0.160599643631425,30
583,"ipsl-cm6a-lr ssp126","shock_0.75",0.706234657145792,0.706234657145792,30
583,"ipsl-cm6a-lr ssp585","shock_0.75",0.0704978746113777,0.0704978746113777,30
620,"gfdl-esm4 ssp126","shock_0.75",0.218585147769987,0.218585147769987,30
620,"gfdl-esm4 ssp585","shock_0.75",0.0298737240647454,0.0298737240647454,30
620,"ipsl-cm6a-lr ssp126","shock_0.75",0.167118184990954,0.167118184990954,30
620,"ipsl-cm6a-lr ssp585","shock_0.75",0.0787310865366893,0.0787310865366893,30
640,"gfdl-esm4 ssp126","shock_0.75",0.230584984095564,0.230584984095564,30
640,"gfdl-esm4 ssp585","shock_0.75",0.253918727943264,0.253918727943264,30
640,"ipsl-cm6a-lr ssp126","shock_0.75",0.0328125858734932,0.0328125858734932,30
640,"ipsl-cm6a-lr ssp585","shock_0.75",0.0963736579455433,0.0963736579455433,30
755,"gfdl-esm4 ssp126","shock_0.75",0.0860847167819976,0.0860847167819976,30
755,"gfdl-esm4 ssp585","shock_0.75",0.17644646028906,0.17644646028906,30
755,"ipsl-cm6a-lr ssp126","shock_0.75",0.0990857174137699,0.0990857174137699,30
755,"ipsl-cm6a-lr ssp585","shock_0.75",0.227311088209245,0.227311088209245,30
762,"gfdl-esm4 ssp126","shock_0.75",0.158116637474986,0.158116637474986,30
762,"gfdl-esm4 ssp585","shock_0.75",0.0634966731977588,0.0634966731977588,30
762,"ipsl-cm6a-lr ssp126","shock_0.75",0.0514459462415433,0.0514459462415433,30
762,"ipsl-cm6a-lr ssp585","shock_0.75",0.0384947402043961,0.0384947402043961,30
764,"gfdl-esm4 ssp126","shock_0.75",0.0591807139406719,0.0591807139406719,30
764,"gfdl-esm4 ssp585","shock_0.75",0.612018653638294,0.612018653638294,30
764,"ipsl-cm6a-lr ssp126","shock_0.75",0.421686966814633,0.421686966814633,30
764,"ipsl-cm6a-lr ssp585","shock_0.75",0.246696875534906,0.246696875534906,30
838,"gfdl-esm4 ssp126","shock_0.75",0.195696910080605,0.195696910080605,30
838,"gfdl-esm4 ssp585","shock_0.75",0.151306395724921,0.151306395724921,30
838,"ipsl-cm6a-lr ssp126","shock_0.75",0.018344863242317,0.018344863242317,30
838,"ipsl-cm6a-lr ssp585","shock_0.75",0.122344934828327,0.122344934828327,30
857,"gfdl-esm4 ssp126","shock_0.75",0.0236587192910303,0.0236587192910303,30
857,"gfdl-esm4 ssp585","shock_0.75",0.137734177650861,0.137734177650861,30
857,"ipsl-cm6a-lr ssp126","shock_0.75",0.0420435818936901,0.0420435818936901,30
857,"ipsl-cm6a-lr ssp585","shock_0.75",0.0798707174530039,0.0798707174530039,30
863,"gfdl-esm4 ssp126","shock_0.75",0.334766624164827,0.334766624164827,30
863,"gfdl-esm4 ssp585","shock_0.75",0.139955908924482,0.139955908924482,30
863,"ipsl-cm6a-lr ssp126","shock_0.75",0.226471206715615,0.226471206715615,30
863,"ipsl-cm6a-lr ssp585","shock_0.75",0.14672758888571,0.14672758888571,30
869,"gfdl-esm4 ssp126","shock_0.75",0.231649312708444,0.231649312708444,30
869,"gfdl-esm4 ssp585","shock_0.75",0.284023624372446,0.284023624372446,30
869,"ipsl-cm6a-lr ssp126","shock_0.75",0.0776540376760791,0.0776540376760791,30
869,"ipsl-cm6a-lr ssp585","shock_0.75",0.893601131173958,0.893601131173958,30
878,"gfdl-esm4 ssp126","shock_0.75",0.016080970783971,0.016080970783971,30
878,"gfdl-esm4 ssp585","shock_0.75",0.553219080692087,0.553219080692087,30
878,"ipsl-cm6a-lr ssp126","shock_0.75",0.371967699226396,0.371967699226396,30
878,"ipsl-cm6a-lr ssp585","shock_0.75",0.563047924460422,0.563047924460422,30
889,"gfdl-esm4 ssp126","shock_0.75",0.239842957591393,0.239842957591393,30
889,"gfdl-esm4 ssp585","shock_0.75",0.229855102534312,0.229855102534312,30
889,"ipsl-cm6a-lr ssp126","shock_0.75",0.427520776946202,0.427520776946202,30
889,"ipsl-cm6a-lr ssp585","shock_0.75",0.0258105761247689,0.0258105761247689,30
901,"gfdl-esm4 ssp126","shock_0.75",0.270753591663411,0.270753591663411,30
901,"gfdl-esm4 ssp585","shock_0.75",0.0142188597983135,0.0142188597983135,30
901,"ipsl-cm6a-lr ssp126","shock_0.75",0.0462160621495553,0.0462160621495553,30
901,"ipsl-cm6a-lr ssp585","shock_0.75",0.062054560215707,0.062054560215707,30
909,"gfdl-esm4 ssp126","shock_0.75",0.0172814322968129,0.0172814322968129,30
909,"gfdl-esm4 ssp585","shock_0.75",0.188218474626287,0.188218474626287,30
909,"ipsl-cm6a-lr ssp126","shock_0.75",0.0546051922365449,0.0546051922365449,30
909,"ipsl-cm6a-lr ssp585","shock_0.75",0.0438005184584273,0.0438005184584273,30
910,"gfdl-esm4 ssp126","shock_0.75",0.0197027134987559,0.0197027134987559,30
910,"gfdl-esm4 ssp585","shock_0.75",0.657977734497082,0.657977734497082,30
910,"ipsl-cm6a-lr ssp126","shock_0.75",0.0829204906246975,0.0829204906246975,30
910,"ipsl-cm6a-lr ssp585","shock_0.75",0.0463829504855543,0.0463829504855543,30
922,"gfdl-esm4 ssp126","shock_0.75",0.0378886487516998,0.0378886487516998,30
922,"gfdl-esm4 ssp585","shock_0.75",0.134587537938807,0.134587537938807,30
922,"ipsl-cm6a-lr ssp126","shock_0.75",0.0279372020524096,0.0279372020524096,30
922,"ipsl-cm6a-lr ssp585","shock_0.75",0.277272291155863,0.277272291155863,30
948,"gfdl-esm4 ssp126","shock_0.75",0.199612270139815,0.199612270139815,30
948,"gfdl-esm4 ssp585","shock_0.75",0.219489026102396,0.219489026102396,30
948,"ipsl-cm6a-lr ssp126","shock_0.75",0.00440293429076144,0.00440293429076144,30
948,"ipsl-cm6a-lr ssp585","shock_0.75",0.0598144798261002,0.0598144798261002,30
966,"gfdl-esm4 ssp126","shock_0.75",0.035657431109796,0.035657431109796,30
966,"gfdl-esm4 ssp585","shock_0.75",0.0117348627928877,0.0117348627928877,30
966,"ipsl-cm6a-lr ssp126","shock_0.75",0.00705506150152868,0.00705506150152868,30
966,"ipsl-cm6a-lr ssp585","shock_0.75",0.101955128320116,0.101955128320116,30
983,"gfdl-esm4 ssp126","shock_0.75",0.017532028157519,0.017532028157519,30
983,"gfdl-esm4 ssp585","shock_0.75",0.113345152532936,0.113345152532936,30
983,"ipsl-cm6a-lr ssp126","shock_0.75",0.0219412692735325,0.0219412692735325,30
983,"ipsl-cm6a-lr ssp585","shock_0.75",0.0892413692974015,0.0892413692974015,30
1009,"gfdl-esm4 ssp126","shock_0.75",0.0296372439067654,0.0296372439067654,30
1009,"gfdl-esm4 ssp585","shock_0.75",0.0580052692987949,0.0580052692987949,30
1009,"ipsl-cm6a-lr ssp126","shock_0.75",0.0455836071622853,0.0455836071622853,30
1009,"ipsl-cm6a-lr ssp585","shock_0.75",0.0862807626980593,0.0862807626980593,30
1026,"gfdl-esm4 ssp126","shock_0.75",0.29663095665138,0.29663095665138,30
1026,"gfdl-esm4 ssp585","shock_0.75",0.114265191978983,0.114265191978983,30
1026,"ipsl-cm6a-lr ssp126","shock_0.75",0.127181830613409,0.127181830613409,30
1026,"ipsl-cm6a-lr ssp585","shock_0.75",0.0892423774017511,0.0892423774017511,30
1087,"gfdl-esm4 ssp126","shock_0.75",0.18029578388593,0.18029578388593,30
1087,"gfdl-esm4 ssp585","shock_0.75",0.728000758093818,0.728000758093818,30
1087,"ipsl-cm6a-lr ssp126","shock_0.75",0.0261590995448319,0.0261590995448319,30
1087,"ipsl-cm6a-lr ssp585","shock_0.75",0.029581417555686,0.029581417555686,30
1096,"gfdl-esm4 ssp126","shock_0.75",0.540685918649535,0.540685918649535,30
1096,"gfdl-esm4 ssp585","shock_0.75",0.540486263924851,0.540486263924851,30
1096,"ipsl-cm6a-lr ssp126","shock_0.75",0.0740291402182824,0.0740291402182824,30
1096,"ipsl-cm6a-lr ssp585","shock_0.75",0.229182481927078,0.229182481927078,30
1097,"gfdl-esm4 ssp126","shock_0.75",0.0345482716929073,0.0345482716929073,30
1097,"gfdl-esm4 ssp585","shock_0.75",0.0675296668278039,0.0675296668278039,30
1097,"ipsl-cm6a-lr ssp126","shock_0.75",0.0311857792201843,0.0311857792201843,30
1097,"ipsl-cm6a-lr ssp585","shock_0.75",0.120366552222223,0.120366552222223,30
1098,"gfdl-esm4 ssp126","shock_0.75",0,0,30
1098,"gfdl-esm4 ssp585","shock_0.75",0.279320831523547,0.279320831523547,30
1098,"ipsl-cm6a-lr ssp126","shock_0.75",0.284675777162037,0.284675777162037,30
1098,"ipsl-cm6a-lr ssp585","shock_0.75",0.342438046132184,0.342438046132184,30
1101,"gfdl-esm4 ssp126","shock_0.75",0.11186290723602,0.11186290723602,30
1101,"gfdl-esm4 ssp585","shock_0.75",0.415419888349133,0.415419888349133,30
1101,"ipsl-cm6a-lr ssp126","shock_0.75",0.123647737131847,0.123647737131847,30
1101,"ipsl-cm6a-lr ssp585","shock_0.75",0.209264497654075,0.209264497654075,30
1111,"gfdl-esm4 ssp126","shock_0.75",-4.44089209850063e-16,0.116740768599999,30
1111,"gfdl-esm4 ssp585","shock_0.75",0.00897999999999943,0.182138744048971,30
1111,"ipsl-cm6a-lr ssp126","shock_0.75",0,0.1311859,30
1111,"ipsl-cm6a-lr ssp585","shock_0.75",0.0562261189832983,0.322088215937513,30
1115,"gfdl-esm4 ssp126","shock_0.75",0.0823027217915717,0.0823027217915717,30
1115,"gfdl-esm4 ssp585","shock_0.75",0.0491727820154579,0.0491727820154579,30
1115,"ipsl-cm6a-lr ssp126","shock_0.75",0.0118887473907543,0.0118887473907543,30
1115,"ipsl-cm6a-lr ssp585","shock_0.75",0.0677736683653395,0.0677736683653395,30
1144,"gfdl-esm4 ssp126","shock_0.75",0.00799999999999912,0.153175211895249,30
1144,"gfdl-esm4 ssp585","shock_0.75",0.00499999999999989,0.127680263963633,30
1144,"ipsl-cm6a-lr ssp126","shock_0.75",-2.22044604925031e-16,0.0854895605265996,30
1144,"ipsl-cm6a-lr ssp585","shock_0.75",0.0215433934615815,0.30086706591393,30
1145,"gfdl-esm4 ssp126","shock_0.75",-4.44089209850063e-16,0.159886304979399,30
1145,"gfdl-esm4 ssp585","shock_0.75",0.00499999999999989,0.100886687243489,30
1145,"ipsl-cm6a-lr ssp126","shock_0.75",-2.22044604925031e-16,0.080702105713574,30
1145,"ipsl-cm6a-lr ssp585","shock_0.75",0.0754820168447355,0.3808470345338,30
1170,"gfdl-esm4 ssp126","shock_0.75",0.276717961522985,0.276717961522985,30
1170,"gfdl-esm4 ssp585","shock_0.75",0.138231774220226,0.138231774220226,30
1170,"ipsl-cm6a-lr ssp126","shock_0.75",0.0400554341154159,0.0400554341154159,30
1170,"ipsl-cm6a-lr ssp585","shock_0.75",0.652228011169174,0.652228011169174,30
1173,"gfdl-esm4 ssp126","shock_0.75",0.0125819629640788,0.255697854774223,30
1173,"gfdl-esm4 ssp585","shock_0.75",0.0110904274110443,0.204296352818024,30
1173,"ipsl-cm6a-lr ssp126","shock_0.75",0.0102805674331674,0.188275720396949,30
1173,"ipsl-cm6a-lr ssp585","shock_0.75",0.0127026868562493,0.244688997138247,30
