"regions","climates","at_least_two_shocks_down","at_least_three_shocks_down","time_window","at_least_one_shock_up_down","at_least_one_shock_up","at_least_one_shock_down"
4,"gfdl-esm4 ssp126",0.929082018575359,0.576610205931251,30,0.0870487142508674,0.892459709883129,0.999957604714298
4,"gfdl-esm4 ssp585",0.404710547685511,0.0198307439999998,30,0.307523753822247,0.999861822945603,1
4,"ipsl-cm6a-lr ssp126",0.335185855663884,0.0258138642526921,30,0.160354094126705,0.832671498278831,0.993404843394481
4,"ipsl-cm6a-lr ssp585",0.595455063385198,0.04268983668507,30,0.702337275421241,0.99748699682781,1
6,"gfdl-esm4 ssp126",0.720729246493926,0.147511522166922,30,0.126269923655438,0.763387700512935,1
6,"gfdl-esm4 ssp585",0.363735023471371,0.0747467832105724,30,0.231369215940823,0.999749194502113,0.981825908503276
6,"ipsl-cm6a-lr ssp126",0.772855619557234,0.191559879991256,30,0.327366436084096,0.911275317155235,1
6,"ipsl-cm6a-lr ssp585",0.978524434193589,0.467586221550178,30,0.548572366147557,0.999996631547043,1
7,"gfdl-esm4 ssp126",0.503593933768558,0.0347092560000001,30,0.0656602909947959,0.905297791323623,0.998858280257785
7,"gfdl-esm4 ssp585",0.475419903317761,0.0445909060664932,30,0.123901568133171,0.966063762732627,1
7,"ipsl-cm6a-lr ssp126",0.265591135571857,0.00826198371899967,30,0.00826280999999995,0.7585047244179,1
7,"ipsl-cm6a-lr ssp585",0.140961247507975,0.0055079891459997,30,0.246794694545727,0.650101193315327,0.997706582769226
9,"gfdl-esm4 ssp126",0.161378894136327,0,30,0.461702778064135,0.927703403969975,1
9,"gfdl-esm4 ssp585",0.212709319158958,0.00454499999999958,30,0.248112293253019,0.949713636469263,1
9,"ipsl-cm6a-lr ssp126",0.111029692284,0,30,0.0164573459709038,0.611228299734739,1
9,"ipsl-cm6a-lr ssp585",0.485090521679297,0.00991537200000003,30,0.206224775348599,0.767681740489323,1
16,"gfdl-esm4 ssp126",0.290352439131217,0.00751089428999985,30,0.154860604906597,0.964296359140303,1
16,"gfdl-esm4 ssp585",0.756001409570632,0.240822340290233,30,0.343738951522157,0.983142079467884,1
16,"ipsl-cm6a-lr ssp126",0.854909919677058,0.376823979880203,30,0.227797455351744,0.990360251192374,0.999475639707718
16,"ipsl-cm6a-lr ssp585",0.161945376030525,0.00150217885799997,30,0.224528299157889,0.969209033211514,0.964881263762494
17,"gfdl-esm4 ssp126",0.200393595,0,30,0.305126424457055,0.98337210188694,1
17,"gfdl-esm4 ssp585",0.0683565745679999,0.00300435771599994,30,0.0878261620179192,0.951137602323003,0.777318213684617
17,"ipsl-cm6a-lr ssp126",0.171341880064588,0.00075108942900004,30,0.215571361879075,0.834667591978357,0.936270508601914
17,"ipsl-cm6a-lr ssp585",0.0848642886692335,0.00075108942900004,30,0.265059922172141,0.981390288855776,1
27,"gfdl-esm4 ssp126",0.822583386799199,0.246830205644571,30,0.269629048807831,0.891102146814822,0.999931349017122
27,"gfdl-esm4 ssp585",0.899729106076281,0.545345176777483,30,0.27541991738067,0.993563045916015,0.999972996817789
27,"ipsl-cm6a-lr ssp126",0.0473640831697878,0.00075108942900004,30,0.0436433228781609,0.738661637616875,0.992491284070179
27,"ipsl-cm6a-lr ssp585",0.274126463724156,0.00901307314799993,30,0.113567245244928,0.917861767483165,0.994561053385042
36,"gfdl-esm4 ssp126",0.325411341983475,0,30,0.0472424526609904,0.736631876921907,0.983708155339377
36,"gfdl-esm4 ssp585",0.42288331177163,0.0320620394327312,30,0.29771226894845,0.942519541396893,1
36,"ipsl-cm6a-lr ssp126",0.306891253810089,0.00495768599999991,30,0.309792318692004,0.987356145820518,0.997531952822773
36,"ipsl-cm6a-lr ssp585",0.440016033000333,0.0248771071346485,30,0.489507720352839,0.951539862337628,1
46,"gfdl-esm4 ssp126",0.111839090374981,-2.22044604925031e-16,30,0.0898052011575329,0.946539212519227,0.960578861193691
46,"gfdl-esm4 ssp585",0.322305012715503,0.0264409920000002,30,0.31314828338706,0.991826199735826,0.992337770902116
46,"ipsl-cm6a-lr ssp126",0.658648211827201,0.0255303975582155,30,0.0705749474598335,0.98057312480479,1
46,"ipsl-cm6a-lr ssp585",0.792548259050722,0.0734183933747684,30,0.307549490559145,0.967943731679493,1
52,"gfdl-esm4 ssp126",0.733837493943911,0.253347842864,30,0.142559527601178,0.713194344715079,0.999863542216874
52,"gfdl-esm4 ssp585",0.261336793244671,0.0340918909858654,30,0.955332496235854,0.999662194926321,1
52,"ipsl-cm6a-lr ssp126",0.483797702041528,0.0482467484925455,30,0.153066827235955,0.913244591263235,0.99946356792467
52,"ipsl-cm6a-lr ssp585",0.853987818411676,0.233129858387267,30,0.66433227910477,0.999996967799429,1
94,"gfdl-esm4 ssp126",0.702472020579518,0.189932329254868,30,0.04545,0.985505953415962,0.99893374113436
94,"gfdl-esm4 ssp585",0.0601155395144036,1.11022302462516e-16,30,0.1224525318858,0.947321253113815,1
94,"ipsl-cm6a-lr ssp126",0.190078354112992,0.00484798182842339,30,0.216756105432427,0.945683357685577,0.992228822470288
94,"ipsl-cm6a-lr ssp585",0.540172172185547,0.0530527978720622,30,0.423987029742588,0.847903484917864,1
95,"gfdl-esm4 ssp126",0.131411905594907,0.0069435423470664,30,0.294557648036875,0.928169636531989,1
95,"gfdl-esm4 ssp585",0.0957959447902754,0,30,0.328571370699274,0.972860297260392,1
95,"ipsl-cm6a-lr ssp126",0.131184012287,0,30,0.24913898838248,0.935886681360014,0.91116574358498
95,"ipsl-cm6a-lr ssp585",0.187636128363027,0.00825634236569617,30,0.211271095995972,0.989294738927551,0.968328636881063
97,"gfdl-esm4 ssp126",0.247144698545035,0.00974723851708914,30,0.109850100639665,0.899039866362737,0.994230525078042
97,"gfdl-esm4 ssp585",0.339550415919447,0.0201669142897003,30,0.186536990751099,0.940308403612016,1
97,"ipsl-cm6a-lr ssp126",0.201630995852353,0.0135196097219998,30,0.224332722792266,0.982301186808306,0.988943772039641
97,"ipsl-cm6a-lr ssp585",0.104837819497309,0,30,0.521340220101047,0.897168175579924,1
98,"gfdl-esm4 ssp126",0,0,30,0.0443223742283999,0.49193677107363,0.78361220123456
98,"gfdl-esm4 ssp585",0.0363600000000001,1.11022302462516e-16,30,0.1,0.6234336775,0.976630117733333
98,"ipsl-cm6a-lr ssp126",0.06668,0,30,0.045451818,0.24244697,1
98,"ipsl-cm6a-lr ssp585",0.06668,0,30,0.03636,0.487733648094408,0.941822254498908
99,"gfdl-esm4 ssp126",0.137138050338147,0.00300435771599994,30,0.275046289567241,0.987630165901542,0.97323348203163
99,"gfdl-esm4 ssp585",0.0782234592168578,0.0022532682869999,30,0.260556587749841,0.960499638065053,0.985981453478463
99,"ipsl-cm6a-lr ssp126",0.10909801345307,0,30,0.0386934520324765,0.971197239077469,0.896299674312118
99,"ipsl-cm6a-lr ssp585",0.47764961934573,0.0132204959999999,30,0.400325706145128,0.989737601690357,1
120,"gfdl-esm4 ssp126",0.676050841049065,0.141829411712216,30,0.2334921572833,0.652972097697994,0.999891906698363
120,"gfdl-esm4 ssp585",0.321691624946307,0.0440528666464117,30,0.44610513593881,0.999858921907439,0.995812689319155
120,"ipsl-cm6a-lr ssp126",0.512199055065328,0.0479031289922002,30,0.204484417203339,0.787052243262296,0.998756825238794
120,"ipsl-cm6a-lr ssp585",0.886107028450091,0.28149584989529,30,0.55400141530737,0.999996526414118,0.999988095136516
121,"gfdl-esm4 ssp126",0.21039969373282,0.00749510866993619,30,0.179885729725158,0.969021013994241,1
121,"gfdl-esm4 ssp585",0.43064141374894,-4.44089209850063e-16,30,0.402605415630883,0.990954289339438,1
121,"ipsl-cm6a-lr ssp126",0.325148275586811,0.00075108942900004,30,0.448427147300882,0.924710384824245,1
121,"ipsl-cm6a-lr ssp585",0.417271523888078,0.0257868080669817,30,0.485466498478146,0.937267309474418,1
123,"gfdl-esm4 ssp126",0.481571186557992,0,30,0.214961604671826,0.90513820452061,1
123,"gfdl-esm4 ssp585",0.590711333912109,0.100290663636068,30,0.396741020562991,0.999643244345907,1
123,"ipsl-cm6a-lr ssp126",0.703805642422398,0.169757894475994,30,0.0834258293870195,0.85803660360137,1
123,"ipsl-cm6a-lr ssp585",0.928372211996551,0.374527997007427,30,0.498514061440154,0.999987159223693,1
124,"gfdl-esm4 ssp126",0.356344313198348,0.0165256199999997,30,0.0544504925464027,0.970596860916966,1
124,"gfdl-esm4 ssp585",0.340419827184528,0.00150217885799997,30,0.490076972233656,0.939170900502002,1
124,"ipsl-cm6a-lr ssp126",0.0988315609106424,0.00300435771599994,30,0.144613958231489,0.899617331922465,0.993966300250176
124,"ipsl-cm6a-lr ssp585",0.409295266452189,0.0104285902904089,30,0.360841146625857,0.956877551150178,0.998933732112378
127,"gfdl-esm4 ssp126",0.881443500541129,0.312757968104531,30,0.185342233824178,0.820108832756616,1
127,"gfdl-esm4 ssp585",0.962345666258148,0.611122257191302,30,0.462591435283912,0.999008711560337,0.999961011418481
127,"ipsl-cm6a-lr ssp126",0.622391767541346,0.0401854876580489,30,0.264809355939056,0.965598129621676,1
127,"ipsl-cm6a-lr ssp585",0.905022157541284,0.304360904842495,30,0.760722577763776,0.996769654035271,1
128,"gfdl-esm4 ssp126",0.2030070681722,0.00991719000000002,30,0.131989026935651,0.953890262928507,0.978503984925075
128,"gfdl-esm4 ssp585",0.136506687908091,0.00330512399999983,30,0.319874880637422,0.999886267773332,0.989127796197403
128,"ipsl-cm6a-lr ssp126",0.063440734587634,-2.22044604925031e-16,30,0.370193580849488,0.900440967317105,0.997465261581538
128,"ipsl-cm6a-lr ssp585",0.218093671921969,0.00933714872617386,30,0.308069191918835,0.985007704727728,0.993735216147571
130,"gfdl-esm4 ssp126",0.861611750599339,0.263945174742817,30,0.190962929997394,0.96700730085386,1
130,"gfdl-esm4 ssp585",0.438068550873508,0.00637424051381486,30,0.29208824354638,0.965576478333847,0.997610576543094
130,"ipsl-cm6a-lr ssp126",0.609353152315053,0.0636381613106883,30,0.53905520489604,0.982399092268041,1
130,"ipsl-cm6a-lr ssp585",0.849575681611456,0.311274736830876,30,0.415471991269971,0.908968194133808,1
132,"gfdl-esm4 ssp126",0.56386731979893,0.059499504,30,0.069858753426,0.872240289980377,0.999199345591919
132,"gfdl-esm4 ssp585",0.302537137371303,0.0117873763573095,30,0.418769860503665,0.999653151651616,0.999701578654994
132,"ipsl-cm6a-lr ssp126",0.310596979426562,0.00450371589734821,30,0.584190963473891,0.891565498574552,1
132,"ipsl-cm6a-lr ssp585",0.843788098413627,0.246804627063666,30,0.466704592664006,0.999991245080899,1
135,"gfdl-esm4 ssp126",0.737618385128259,0.141357827956444,30,0.467962420287241,0.909488369120699,0.999965893187175
135,"gfdl-esm4 ssp585",0.708910767173969,0.0622654295023374,30,0.527805411537175,0.972240813689746,0.999972504803887
135,"ipsl-cm6a-lr ssp126",0.353114016254488,0.0298655137793273,30,0.160575921822471,0.944137686068072,0.99979900584703
135,"ipsl-cm6a-lr ssp585",0.73678427793801,0.16087185413906,30,0.39906900245303,0.892260440710152,0.99995690796532
136,"gfdl-esm4 ssp126",0.0797879303883866,0.000751089428999818,30,0.242746314802932,0.994960808152271,1
136,"gfdl-esm4 ssp585",0.0990903845012451,0.00279953562871149,30,0.766380954244643,0.981268347653646,1
136,"ipsl-cm6a-lr ssp126",0.0600937645679999,0.00300435771599983,30,0.111084070757638,0.923954805638379,0.934036789755377
136,"ipsl-cm6a-lr ssp585",0.22513827620685,0.0022532682869999,30,0.681764863480854,0.995690507789485,1
137,"gfdl-esm4 ssp126",0.61273752990408,-2.22044604925031e-16,30,0.0915182560912551,0.87802716393747,1
137,"gfdl-esm4 ssp585",0.326877496499523,0.00579323231419082,30,0.185140175239445,0.99497480480019,1
137,"ipsl-cm6a-lr ssp126",0.380571630056268,0.0380121885866095,30,0.202310688338966,0.891369129173241,0.993174025557229
137,"ipsl-cm6a-lr ssp585",0.701260336591957,0.167252161852543,30,0.51074071412324,0.99997185981945,0.998822719544016
140,"gfdl-esm4 ssp126",0.144132621048946,0,30,0.1744751345568,0.946539212519227,0.996366947847611
140,"gfdl-esm4 ssp585",0.336266142991185,0.00991537199999981,30,0.63622879884945,0.991826199735826,0.999246772230762
140,"ipsl-cm6a-lr ssp126",0.427457146081241,0.0106590140979059,30,0.192392022167346,0.967623169799663,0.999676357687085
140,"ipsl-cm6a-lr ssp585",0.483875456928952,0.0396752893168,30,0.121651032522685,0.967943731679493,0.999795030820646
141,"gfdl-esm4 ssp126",0.0574345332709518,0.00206570249999993,30,0.354393888736796,0.94108796312718,1
141,"gfdl-esm4 ssp585",0.390349131546186,0.0416645946830614,30,0.262963780175806,0.921450617502906,0.997918940626226
141,"ipsl-cm6a-lr ssp126",0.268013599382977,0.0110159782919999,30,0.110207052494995,0.8672235877653,1
141,"ipsl-cm6a-lr ssp585",0.54236336964785,0.00900769331975493,30,0.5391329231154,0.951829269677851,1
145,"gfdl-esm4 ssp126",0.606003947616651,-4.44089209850063e-16,30,0.176726973730948,0.876795388858582,1
145,"gfdl-esm4 ssp585",0.310616309100395,0.0037509357572213,30,0.225821677006375,0.993858231239538,0.997085844809218
145,"ipsl-cm6a-lr ssp126",0.649957510087432,0.0903737097687507,30,0.486950990594183,0.962900342829461,1
145,"ipsl-cm6a-lr ssp585",0.921516014706173,0.303967626172858,30,0.302729527836876,0.999965951062517,1
146,"gfdl-esm4 ssp126",0.304693535228355,0.0157753568519996,30,0.2787934135408,0.788799470278844,0.997738185543912
146,"gfdl-esm4 ssp585",0.147653943679366,0.00300435771599994,30,0.309432876071944,0.97631085817922,0.991295389691443
146,"ipsl-cm6a-lr ssp126",0.247783919569879,0.0022532682869999,30,0.143235634885058,0.962831319283098,0.986860461964248
146,"ipsl-cm6a-lr ssp585",0.422248317339528,0.0696173037997546,30,0.352271168802398,0.914506907602701,1
147,"gfdl-esm4 ssp126",0.471392829403597,0.06347387356875,30,0.234200469429,0.960077192920708,1
147,"gfdl-esm4 ssp585",0.494231514112081,0.0349223386326454,30,0.350542419054128,0.994559841488294,1
147,"ipsl-cm6a-lr ssp126",0.184775056856283,0.00959474616641631,30,0.0306885286360217,0.814476255564821,1
147,"ipsl-cm6a-lr ssp585",0.644457415067664,0.0950055179150023,30,0.230256399102096,0.932412937724725,1
149,"gfdl-esm4 ssp126",0.237381289275966,0,30,0.470838226893676,0.978270234207106,0.969652754339313
149,"gfdl-esm4 ssp585",0.153354625954954,0.00315225841430178,30,0.371212807318647,0.950615032867217,0.98115875604254
149,"ipsl-cm6a-lr ssp126",0.0473640831697878,0.00075108942900004,30,0.188349248868324,0.93454579953768,0.941233996038708
149,"ipsl-cm6a-lr ssp585",0.303532156033749,0.00150217885800008,30,0.511062767363931,0.957954203888629,1
151,"gfdl-esm4 ssp126",0.292815858348453,0.00750186812471432,30,0.0845639501957824,0.652972097697994,0.989140901764446
151,"gfdl-esm4 ssp585",0.973919044728725,0.556438824477638,30,0.0741874272435874,0.917552789831672,1
151,"ipsl-cm6a-lr ssp126",0.97440369137544,0.596837646662652,30,0.206383283846743,0.568817573229042,1
151,"ipsl-cm6a-lr ssp585",0.653986156434447,0.0895091320256545,30,0.55417450502339,0.997551576246063,1
152,"gfdl-esm4 ssp126",0.362867992093376,0.00495768600000024,30,0.514658448425232,0.98370267565533,0.996892442044346
152,"gfdl-esm4 ssp585",0.31536851572446,0.00150217885799975,30,0.39059129022117,0.950615032867217,1
152,"ipsl-cm6a-lr ssp126",0.115695193092088,0.000751089429000151,30,0.292350701295688,0.93454579953768,1
152,"ipsl-cm6a-lr ssp585",0.521440101376634,0.0675053611100827,30,0.345226688868147,0.957954203888629,1
188,"gfdl-esm4 ssp126",0.169321794396764,0,30,0.0544504925464027,0.964359475012818,1
188,"gfdl-esm4 ssp585",0.35335137703116,0.00150217885799997,30,0.0923259929935337,0.949727011499115,1
188,"ipsl-cm6a-lr ssp126",0.235375510585314,0.00300435771599994,30,0.381334983970533,0.93915836903769,1
188,"ipsl-cm6a-lr ssp585",0.471464326253718,0.0245825867418673,30,0.516634026158562,0.979130404476691,1
579,"gfdl-esm4 ssp126",0.201820827305377,0.0199807966296,30,0.371202153044672,0.98268601814151,0.994880753093231
579,"gfdl-esm4 ssp585",0.741257941967374,0.117513123285105,30,0.301630080943671,0.923378838631196,0.999973639732584
579,"ipsl-cm6a-lr ssp126",0.481405412912812,0.0321640819342596,30,0.103180070438266,0.979429540522003,0.999634203386791
579,"ipsl-cm6a-lr ssp585",0.590140212891166,0.109711397560774,30,0.175419487568864,0.980217542232237,1
582,"gfdl-esm4 ssp126",0.1528778925,0,30,0.0702407025,0.745968385536815,1
582,"gfdl-esm4 ssp585",0,0,30,0,0.66527438,1
582,"ipsl-cm6a-lr ssp126",0,0,30,0,0.663276094579163,1
582,"ipsl-cm6a-lr ssp585",0.1654665456,0,30,0,0.385255787944808,1
583,"gfdl-esm4 ssp126",0.274589817880955,0.0119872265987759,30,0.252877987114525,0.987353305024058,0.979014865540159
583,"gfdl-esm4 ssp585",0.494174490923944,0.0986153400888299,30,0.254896436364315,0.998702001926129,0.992401012856965
583,"ipsl-cm6a-lr ssp126",0.92014812003938,0.497655020692316,30,0.202718558374214,0.977465267158517,0.999805832005549
583,"ipsl-cm6a-lr ssp585",0.153960315415672,0.00599968926671401,30,0.502176912143929,0.993989280146304,0.985371093412546
620,"gfdl-esm4 ssp126",0.675870281675045,0.162868856900453,30,0.105637483095583,0.685078477122879,1
620,"gfdl-esm4 ssp585",0.412765376586579,0.00240241020715104,30,0.249093970955275,0.920468993212852,1
620,"ipsl-cm6a-lr ssp126",0.266074865786511,0.00150217885800008,30,0.32224706293715,0.967790894646653,0.991605692848699
620,"ipsl-cm6a-lr ssp585",0.167545354381346,0.00632826765860983,30,0.090210032125251,0.971199034720231,1
640,"gfdl-esm4 ssp126",0.44243567566503,0,30,0.474073238036137,0.998190189020313,0.998344294841226
640,"gfdl-esm4 ssp585",0.757458276715938,0.155210043410374,30,0.42038400129633,0.988505005722392,0.999812792370672
640,"ipsl-cm6a-lr ssp126",0.361491578800489,0.0114026561958125,30,0.31331834651687,0.926986311215632,1
640,"ipsl-cm6a-lr ssp585",0.344083877565538,0.024244848,30,0.269771793222004,0.985108170915006,0.995813265018636
755,"gfdl-esm4 ssp126",0.560236983654199,0.0731610803950027,30,0.104094968876672,0.812597489019865,0.99548563986416
755,"gfdl-esm4 ssp585",0.728955334948968,0.130785064178341,30,0.373148672563498,0.990229222480367,1
755,"ipsl-cm6a-lr ssp126",0.645341135600925,0.0599804922695174,30,0.379475801855839,0.889117300261792,1
755,"ipsl-cm6a-lr ssp585",0.570959718978557,0.096663660415078,30,0.433333079045696,0.991908995326813,0.999724659296668
762,"gfdl-esm4 ssp126",0.618143994033984,0.114981100333614,30,0.19125072364497,0.935365557524475,0.998905062866204
762,"gfdl-esm4 ssp585",0.482098220964477,0.039212090006891,30,0.215803889324513,0.906131663855905,1
762,"ipsl-cm6a-lr ssp126",0.305476143452927,0.0208545382768518,30,0.256683187865035,0.951810055020255,0.999208852025287
762,"ipsl-cm6a-lr ssp585",0.318701233609781,0.0186911668434095,30,0.167875014679307,0.993405707200326,1
764,"gfdl-esm4 ssp126",0.376529642461468,0.0345289950306344,30,0.0954175953738335,0.741871755412911,0.989256858659631
764,"gfdl-esm4 ssp585",0.933066013209984,0.533878585758414,30,0.100416888055807,0.955027108033431,0.999946486617695
764,"ipsl-cm6a-lr ssp126",0.903568718365813,0.33480868713187,30,0.077378737716,0.572355406154152,0.999997776477586
764,"ipsl-cm6a-lr ssp585",0.473735048673462,0.0355563523761445,30,0.296566864203133,0.998866433646981,0.993034326914053
838,"gfdl-esm4 ssp126",0.642778264934507,0.155338211218562,30,0,0.985505953415962,0.997156643024959
838,"gfdl-esm4 ssp585",0.0601155395144036,1.11022302462516e-16,30,0.49579434788902,0.970368204876521,0.99107908786707
838,"ipsl-cm6a-lr ssp126",0.0963912748931496,0.00484798182842339,30,0.118097439514472,0.882672532495244,1
838,"ipsl-cm6a-lr ssp585",0.604585248511145,0.0891562975780434,30,0.13765746755126,0.873257973982056,0.999097589238728
857,"gfdl-esm4 ssp126",0.110156034037601,0.00450653657400002,30,0.113199972486918,0.976914690855346,0.993679942090408
857,"gfdl-esm4 ssp585",0.715702401601597,0.117513123285105,30,0.1534152871127,0.923378838631196,0.999084712936946
857,"ipsl-cm6a-lr ssp126",0.131768070074109,0.00675529177835721,30,0.151586357579056,0.972571349332039,0.974288668414686
857,"ipsl-cm6a-lr ssp585",0.148875660775036,0.00819378479884669,30,0.270294871535712,0.986263281109171,0.946575840726988
863,"gfdl-esm4 ssp126",0.477336154745983,0.108354358935,30,0.620629398111816,0.870200229744873,1
863,"gfdl-esm4 ssp585",0.563844439380021,0.0464998483583571,30,0.0164573459709038,0.969202069159117,1
863,"ipsl-cm6a-lr ssp126",0.642321507927707,0.056398267460908,30,0.12140963966578,0.974082066376466,1
863,"ipsl-cm6a-lr ssp585",0.775645926203005,0.0944143743261815,30,0.015774530571,0.958275280199751,1
869,"gfdl-esm4 ssp126",0.66488123968785,0.14040888409854,30,0.105952698734172,0.739729073273495,0.999831104216193
869,"gfdl-esm4 ssp585",0.350700106761966,0.0840105363638106,30,0.225486838459506,0.999749194502113,0.962137309381825
869,"ipsl-cm6a-lr ssp126",0.493535189098419,0.0431594138138331,30,0.23433221435677,0.787052243262296,0.99896396923338
869,"ipsl-cm6a-lr ssp585",0.892240510324974,0.346182939061653,30,0.323419544135166,0.999995831530203,0.999906984883087
878,"gfdl-esm4 ssp126",0.255512695263404,0.00750186812471432,30,0.185867159049075,0.652972097697994,1
878,"gfdl-esm4 ssp585",0.9297270088134,0.479001763559943,30,0.131596943270807,0.890070386442229,1
878,"ipsl-cm6a-lr ssp126",0.893718663250222,0.269200493257286,30,0.190932668281875,0.760451812370633,1
878,"ipsl-cm6a-lr ssp585",0.658412837234398,0.0673440812647876,30,0.831246651451902,0.997061773966234,1
889,"gfdl-esm4 ssp126",0.686935678590119,0.122875546018071,30,0.291195724488413,0.912227854481979,0.998583525064069
889,"gfdl-esm4 ssp585",0.645473589407014,0.0833986001162688,30,0.588547722449174,0.998178926944695,1
889,"ipsl-cm6a-lr ssp126",0.655535421502666,0.1564059054816,30,0.485378335438561,0.989697632570053,1
889,"ipsl-cm6a-lr ssp585",0.305179451915694,0.00495768600000024,30,0.377998651224741,0.936257069766742,0.999622479277734
901,"gfdl-esm4 ssp126",0.362940817134132,0.00075108942900004,30,0.490431961798867,0.990364730756384,1
901,"gfdl-esm4 ssp585",0.355332894036394,0.00600954171300006,30,0.163581232025875,0.895267490003875,0.991416870073787
901,"ipsl-cm6a-lr ssp126",0.517829714840895,0.0344188129378844,30,0.0633715150663745,0.864480047612125,0.999946814782737
901,"ipsl-cm6a-lr ssp585",0.365886581688959,0.0157424147011607,30,0.37839030210516,0.945808756290964,1
909,"gfdl-esm4 ssp126",0.110156034037601,0.00450653657400002,30,0.102798991776214,0.977199625010153,0.960499638065053
909,"gfdl-esm4 ssp585",0.724916259112176,0.117513123285105,30,0.499394173834471,0.93034370219962,1
909,"ipsl-cm6a-lr ssp126",0.246161114286029,0.0270472198933114,30,0.119484256757698,0.96708430257055,0.988151744475266
909,"ipsl-cm6a-lr ssp585",0.205612082031283,0.0114718273240572,30,0.282115671903594,0.980415323291336,1
910,"gfdl-esm4 ssp126",0.110156034037601,0.00450653657400002,30,0.081314761531249,0.977427578602487,0.987359884180817
910,"gfdl-esm4 ssp585",0.966721259414514,0.609928674319342,30,0.153770628717697,0.923378838631196,1
910,"ipsl-cm6a-lr ssp126",0.322140395957598,0.00675529177835721,30,0.40531105894812,0.982858636116985,1
910,"ipsl-cm6a-lr ssp585",0.357259489212184,0.0229449761622939,30,0.0485344420764219,0.980217542232237,0.994091006326801
922,"gfdl-esm4 ssp126",0.130377738164097,0.00450653657400002,30,0.187202585257591,0.977199625010153,1
922,"gfdl-esm4 ssp585",0.710438167486501,0.117513123285105,30,0.0977831875853117,0.93034370219962,0.997902488122286
922,"ipsl-cm6a-lr ssp126",0.0953863788595475,0.00075108942900004,30,0.103180070438266,0.96708430257055,0.962972720394023
922,"ipsl-cm6a-lr ssp585",0.164349101262146,0.00819378479884669,30,0.791346830005265,0.980415323291336,1
948,"gfdl-esm4 ssp126",0.599306353744333,0.131447838497102,30,0.222317172349748,0.970375181140131,0.997606704027245
948,"gfdl-esm4 ssp585",0.676849324806777,0.0997863775240866,30,0.632363045998869,0.99793005970243,0.99980391405442
948,"ipsl-cm6a-lr ssp126",0.0849556617765838,0,30,0.110935136324814,0.872303172462751,1
948,"ipsl-cm6a-lr ssp585",0.248289510275496,0.0147519122751271,30,0.242065380921779,0.887997799338451,0.993653624171064
966,"gfdl-esm4 ssp126",0.358580812311382,0.0295276391068924,30,0.0544504925464027,0.973269606259614,0.997804462117119
966,"gfdl-esm4 ssp585",0.288693627797998,0.00150217885799997,30,0.18796051417781,0.949727011499115,0.969759305248226
966,"ipsl-cm6a-lr ssp126",0.0988315609106424,0.00300435771599994,30,0.202436374703489,0.923954805638379,1
966,"ipsl-cm6a-lr ssp585",0.397826863722179,0.0199275502143376,30,0.30011597005824,0.947822880439324,1
983,"gfdl-esm4 ssp126",0.126182736607908,0.00300435771599983,30,0.285340098433508,0.975358023692611,1
983,"gfdl-esm4 ssp585",0.530287376326681,0.0578487599999995,30,0.427681199567153,0.988876670180216,1
983,"ipsl-cm6a-lr ssp126",0.401266311774523,0.00749851585661709,30,0.190547959212939,0.872209458183905,1
983,"ipsl-cm6a-lr ssp585",0.294657329370971,0.0254909718661966,30,0.562229644354432,0.897346506207379,1
1009,"gfdl-esm4 ssp126",0.607046483309738,0.00300435771599961,30,0.238214609826129,0.975862901353531,1
1009,"gfdl-esm4 ssp585",0.462438405587851,1.11022302462516e-16,30,0.444630978207123,0.986992312480506,0.9994247798744
1009,"ipsl-cm6a-lr ssp126",0.37102217732027,0.004501461050891,30,0.135599246574234,0.916194401098899,1
1009,"ipsl-cm6a-lr ssp585",0.518955353898868,0.0697560696248785,30,0.149082438863152,0.920655933412904,1
1026,"gfdl-esm4 ssp126",0.849313130044543,0.231931300586773,30,0.526372245379167,0.939658912747133,1
1026,"gfdl-esm4 ssp585",0.443557940511368,0.00300266531000892,30,0.419336196258068,0.979180610267309,0.998446135564009
1026,"ipsl-cm6a-lr ssp126",0.500120473127369,0.0378815507134164,30,0.172235852374626,0.96767615120232,1
1026,"ipsl-cm6a-lr ssp585",0.570053885101225,0.0657264924466874,30,0.211258577171196,0.870707357146469,0.99940552047744
1087,"gfdl-esm4 ssp126",0.735179088885149,0.155197641705715,30,0.147544537526865,0.808339352510167,0.999780283797564
1087,"gfdl-esm4 ssp585",0.923836727535693,0.611963977392027,30,0.58831010242315,0.987147749716919,1
1087,"ipsl-cm6a-lr ssp126",0.462192356651322,0.0180029744210206,30,0.284611778543349,0.923329077203009,1
1087,"ipsl-cm6a-lr ssp585",0.258041020513365,0.00901307314799971,30,0.193037537736025,0.919991695595001,0.997352500432695
1096,"gfdl-esm4 ssp126",0.801231847022923,0.334803398864394,30,0.471570823783523,0.933488407547759,0.99941373226663
1096,"gfdl-esm4 ssp585",0.748250909018732,0.124660851556073,30,0.634671181152944,0.999872389879989,1
1096,"ipsl-cm6a-lr ssp126",0.318756179149575,0.00302769617086995,30,0.446597109239731,0.971032556089301,1
1096,"ipsl-cm6a-lr ssp585",0.632638349203889,0.0923703436733828,30,0.40835966407757,0.993299023179824,0.999830153550906
1097,"gfdl-esm4 ssp126",0.318333605694862,0.0203911961108423,30,0.187971159514265,0.8603566533385,0.996896493788093
1097,"gfdl-esm4 ssp585",0.33021095177452,0.0115379159926108,30,0.491301219090181,0.980045973549177,1
1097,"ipsl-cm6a-lr ssp126",0.444751357024917,0,30,0.237782832664146,0.921933774010587,1
1097,"ipsl-cm6a-lr ssp585",0.579777896589,0.026351025702136,30,0.383124020447178,0.974822839887713,0.999597265193782
1098,"gfdl-esm4 ssp126",0.0967776682295648,0,30,0.0857415303038974,0.652972097697994,0.96040585769614
1098,"gfdl-esm4 ssp585",0.833029234694622,0.189218967538476,30,0.332265433058706,0.971439444524057,1
1098,"ipsl-cm6a-lr ssp126",0.828287304977881,0.189354597360817,30,0.229676876139852,0.734453076042254,0.999997238230624
1098,"ipsl-cm6a-lr ssp585",0.809224730867971,0.188481971553405,30,0.367258323337086,0.99236822011276,1
1101,"gfdl-esm4 ssp126",0.261918040468933,0.0148124280149535,30,0.422063869748702,0.97805380829934,0.98391176787235
1101,"gfdl-esm4 ssp585",0.850275887943554,0.240702325887425,30,0.667255187559759,0.988644869980289,1
1101,"ipsl-cm6a-lr ssp126",0.568416880207062,0.084146806296,30,0.235426123327011,0.879789330470396,1
1101,"ipsl-cm6a-lr ssp585",0.65477049011428,0.0944534347265105,30,0.543511178746696,0.950325782024956,1
1111,"gfdl-esm4 ssp126",0.0388750752854999,0,30,0.177807452737996,0.741871755412911,0.985743790005127
1111,"gfdl-esm4 ssp585",0.132087428729176,0.00330512400000005,30,0.139733621235818,0.891998649117154,0.973519402986392
1111,"ipsl-cm6a-lr ssp126",0.120946882284,-2.22044604925031e-16,30,0.120637568395601,0.646567647288852,1
1111,"ipsl-cm6a-lr ssp585",0.358771360588878,0.0311637353129963,30,0.187835745712393,0.837051656681518,1
1115,"gfdl-esm4 ssp126",0.437492537012428,0,30,0.393775298557833,0.842903635035833,1
1115,"gfdl-esm4 ssp585",0.219152674805732,0.0122820099358812,30,0.304389843661797,0.9453567222631,1
1115,"ipsl-cm6a-lr ssp126",0.171188573264332,0.000751089429000151,30,0.180347817084941,0.923801397117053,1
1115,"ipsl-cm6a-lr ssp585",0.18909310060166,0.00758944736098244,30,0.392566586994264,0.959856821544148,1
1144,"gfdl-esm4 ssp126",0.107497424988469,0,30,0.158510948083506,0.854802862419762,0.954380128016407
1144,"gfdl-esm4 ssp585",0.0522189568714018,1.11022302462516e-16,30,0.110919225265001,0.891998649117154,0.93379850746598
1144,"ipsl-cm6a-lr ssp126",0.0506303684567998,-2.22044604925031e-16,30,0.0828883566620385,0.803646729817883,1
1144,"ipsl-cm6a-lr ssp585",0.319427303415552,0.0110192834159998,30,0.188507562798638,0.864215145512709,1
1145,"gfdl-esm4 ssp126",0.104623239231311,0,30,0.187479854152514,0.741871755412911,0.992700820482625
1145,"gfdl-esm4 ssp585",0.0164573459709038,0,30,0.0944564434061241,0.891998649117154,1
1145,"ipsl-cm6a-lr ssp126",0.0477034435687426,-2.22044604925031e-16,30,0.109512385001407,0.646567647288852,0.98575089917064
1145,"ipsl-cm6a-lr ssp585",0.279363294134745,-2.22044604925031e-16,30,0.4150483113568,0.837051656681518,1
1170,"gfdl-esm4 ssp126",0.610112350469851,0.119803908270824,30,0.177098547722881,0.982659745740295,0.989292255718597
1170,"gfdl-esm4 ssp585",0.330476922763303,0.0264409919999997,30,0.297776426218757,0.96995616003632,1
1170,"ipsl-cm6a-lr ssp126",0.235176245126299,0.0210338091359999,30,0.221181627924682,0.946670740632025,0.967293514234977
1170,"ipsl-cm6a-lr ssp585",0.976777166963081,0.505508148756874,30,0.554549096065491,0.982971244027746,1
1173,"gfdl-esm4 ssp126",0.178608299962572,0.00150217885799997,30,0.208398112958066,0.856254514382625,0.990875468039459
1173,"gfdl-esm4 ssp585",0.135413763569054,-2.22044604925031e-16,30,0.14277529106114,0.911843941714449,1
1173,"ipsl-cm6a-lr ssp126",0.153357951004321,0.00661024799999999,30,0.21701390921037,0.823283823644426,1
1173,"ipsl-cm6a-lr ssp585",0.250699798748274,0,30,0.162359625710594,0.830981686964596,1
4,"gfdl-esm4 ssp126",0.124171872168577,0.00300435771599983,20,0.0658194615137677,0.82650513519276,0.943313433061696
4,"gfdl-esm4 ssp585",0.230933148548153,0.0198307439999998,20,0.186208353403981,0.997414274259905,1
4,"ipsl-cm6a-lr ssp126",0.119957335627907,0.00600871543199988,20,0.03030606,0.730041250589393,0.922395626212611
4,"ipsl-cm6a-lr ssp585",0.49064610718658,0.02478843,20,0.231944737606847,0.960975009877724,1
6,"gfdl-esm4 ssp126",0.285064682944908,0.00826280999999973,20,0,0.435492200663697,1
6,"gfdl-esm4 ssp585",0.363735023471371,0.0747467832105724,20,0.131808147640722,0.997542083412036,0.970137779215422
6,"ipsl-cm6a-lr ssp126",0.00826280999999995,0,20,0.186082187356853,0.858287519307992,1
6,"ipsl-cm6a-lr ssp585",0.886241396466014,0.27214737140776,20,0.404431424596687,0.931429497224313,1
7,"gfdl-esm4 ssp126",0.394841495212037,0.034709256,20,0.0433842975000001,0.779936940689542,0.991487090929062
7,"gfdl-esm4 ssp585",0.00826280999999995,0,20,0.116602220123631,0.895041950192012,0.993508445377467
7,"ipsl-cm6a-lr ssp126",0.265591135571857,0.00826198371899967,20,0,0.373910594102186,1
7,"ipsl-cm6a-lr ssp585",0.140961247507975,0.0055079891459997,20,0.246794694545727,0.576630911335656,0.996531371199624
9,"gfdl-esm4 ssp126",0.154391794197338,0,20,0.449185518983024,0.883363824473401,1
9,"gfdl-esm4 ssp585",0.206149886502651,0.00454499999999958,20,0.248112293253019,0.900023873336804,1
9,"ipsl-cm6a-lr ssp126",0.04131405,0,20,0.00826280999999995,0.430822121098297,1
9,"ipsl-cm6a-lr ssp585",0.485090521679297,0.00991537200000003,20,0.17353719,0.625867826858253,1
16,"gfdl-esm4 ssp126",0.188560631142,0,20,0.0998052718188701,0.873505234465584,1
16,"gfdl-esm4 ssp585",0.743421178623618,0.240822340290234,20,0.0761621759490538,0.897779423824348,1
16,"ipsl-cm6a-lr ssp126",0.023286251142,0.00075108942900004,20,0.00826280999999995,0.973605741421909,0.486805959623367
16,"ipsl-cm6a-lr ssp585",0.147922440845476,0.00150217885799997,20,0.21209953925293,0.919191627124141,0.948584714916921
17,"gfdl-esm4 ssp126",0.1818,0,20,0.28756352457381,0.940741448052333,1
17,"gfdl-esm4 ssp585",0.0683565745679999,0.00300435771599994,20,0.0802262462476769,0.810367419067042,0.755052484528233
17,"ipsl-cm6a-lr ssp126",0.158591999389091,0.00075108942900004,20,0.215571361879075,0.706590738249044,0.898210238349748
17,"ipsl-cm6a-lr ssp585",0.0772396955984211,0.00075108942900004,20,0.247537900754269,0.942770756045067,1
27,"gfdl-esm4 ssp126",0.821105213165596,0.246830205644571,20,0.247480642535149,0.82285664338162,0.999864877088186
27,"gfdl-esm4 ssp585",0.897021535307577,0.545345176777483,20,0.215139874919186,0.985922847032135,0.999547025783714
27,"ipsl-cm6a-lr ssp126",0.0473640831697878,0.00075108942900004,20,0.028928649573,0.683786905809924,0.954190484607134
27,"ipsl-cm6a-lr ssp585",0.156973377646613,1.11022302462516e-16,20,0.0801204238563447,0.878531809300954,0.967416718019673
36,"gfdl-esm4 ssp126",0.314076022990528,0,20,0.0239069986220526,0.533455297893603,0.951413803316468
36,"gfdl-esm4 ssp585",0.41807497586294,0.0320620394327312,20,0.268319237102406,0.897147673870219,1
36,"ipsl-cm6a-lr ssp126",0.230587116243475,0.00495768599999991,20,0.226754471058764,0.94951712898188,0.99116665645956
36,"ipsl-cm6a-lr ssp585",0.440016033000333,0.0248771071346485,20,0.468554386844305,0.857521960956216,1
46,"gfdl-esm4 ssp126",0.0738281126582883,0,20,0.0898052011575329,0.920940773502709,0.899236197806075
46,"gfdl-esm4 ssp585",0.0703144308958997,0,20,0.0926856447424561,0.80212169481533,0.884798559058298
46,"ipsl-cm6a-lr ssp126",0.613320304524327,0.0247979335949999,20,0.0410409538836156,0.96768039479874,1
46,"ipsl-cm6a-lr ssp585",0.72686235930467,0.0578487599999996,20,0.23833633436861,0.92113337233162,1
52,"gfdl-esm4 ssp126",0.144743688819327,0,20,0.01818,0.538119718583037,0.960914392887658
52,"gfdl-esm4 ssp585",0.261336793244671,0.0340918909858654,20,0.950166583230114,0.997086691148322,1
52,"ipsl-cm6a-lr ssp126",0.0151530299999999,0,20,0.10908,0.861432875369681,0.972404324686659
52,"ipsl-cm6a-lr ssp585",0.513440791134464,0.0283771179941805,20,0.387422295792186,0.943895614628933,1
94,"gfdl-esm4 ssp126",0.33533526118991,0.0431171603982,20,0,0.947606503451934,0.938415021631406
94,"gfdl-esm4 ssp585",0.0443223742284,1.11022302462516e-16,20,0.1224525318858,0.942053957885617,1
94,"ipsl-cm6a-lr ssp126",0.190078354112992,0.00484798182842339,20,0.216756105432427,0.894837955991055,0.989656873004865
94,"ipsl-cm6a-lr ssp585",0.40867385553454,0.032706940275234,20,0.419187889628893,0.565312849954346,1
95,"gfdl-esm4 ssp126",0.110703524527356,0.00619710750000002,20,0.221130925494239,0.830341019079009,1
95,"gfdl-esm4 ssp585",0.0806023282378496,0,20,0.295237551666246,0.951923245752288,1
95,"ipsl-cm6a-lr ssp126",0.1091,0,20,0.225279157798899,0.870941076334006,0.865644569105633
95,"ipsl-cm6a-lr ssp585",0.187636128363027,0.00825634236569617,20,0.198073514378874,0.962297218359304,0.957846680300932
97,"gfdl-esm4 ssp126",0.193856622025332,0.00974723851708914,20,0.0551988179318612,0.626753974434075,0.985252728677996
97,"gfdl-esm4 ssp585",0.200871985902725,0.0120032851543063,20,0.158910203803098,0.853143389611237,0.977701740150544
97,"ipsl-cm6a-lr ssp126",0.0489646502794563,-2.22044604925031e-16,20,0.0894770422346439,0.904996943113334,0.945244585352457
97,"ipsl-cm6a-lr ssp585",0.104837819497309,0,20,0.51247705292319,0.886886124276674,1
98,"gfdl-esm4 ssp126",0,0,20,0.0443223742283999,0.385255787944808,0.7619758016
98,"gfdl-esm4 ssp585",0.0363600000000001,1.11022302462516e-16,20,0,0.49791157,0.951312745277776
98,"ipsl-cm6a-lr ssp126",0.06668,0,20,0.045451818,0.0909,0.8545658176
98,"ipsl-cm6a-lr ssp585",0.06668,0,20,0,0.436512647777371,0.878796363539392
99,"gfdl-esm4 ssp126",0.0760545671800936,0.00300435771599994,20,0.160427548193849,0.970488145205413,0.640747236502377
99,"gfdl-esm4 ssp585",0.0262925921141999,0,20,0.0889667430304737,0.915183270388163,0.731259577060354
99,"ipsl-cm6a-lr ssp126",0.087853544764191,0,20,0.023286251142,0.894830214797587,0.779550665577136
99,"ipsl-cm6a-lr ssp585",0.30220518650621,-2.22044604925031e-16,20,0.306780889950782,0.97996667500907,1
120,"gfdl-esm4 ssp126",0.170687614951846,0.00165256199999975,20,0.104122314,0.435492200663697,0.993919804359253
120,"gfdl-esm4 ssp585",0.321691624946307,0.0440528666464117,20,0.243221647923323,0.998361363907578,0.985666134023403
120,"ipsl-cm6a-lr ssp126",0,0,20,0.0971005948156553,0.659876441396838,0.801303189871537
120,"ipsl-cm6a-lr ssp585",0.42758859514504,0.0217399065803591,20,0.26452323315849,0.94343147233726,0.994944091922045
121,"gfdl-esm4 ssp126",0.0827935973967894,0.00300210117467858,20,0.144543350953624,0.924414677529801,0.917053948759432
121,"gfdl-esm4 ssp585",0.262690020650076,-2.22044604925031e-16,20,0.17792074608114,0.939665550200356,1
121,"ipsl-cm6a-lr ssp126",0.0393603672214945,0.00075108942900004,20,0.341080415658881,0.805989065531527,1
121,"ipsl-cm6a-lr ssp585",0.331572170501031,0.025786808066982,20,0.477219887613393,0.845393401120286,1
123,"gfdl-esm4 ssp126",0.249625238429693,0,20,0.069858753426,0.693885055935422,1
123,"gfdl-esm4 ssp585",0.519191694701213,0.100290663636068,20,0.29877612969749,0.993846513945835,1
123,"ipsl-cm6a-lr ssp126",0.00826280999999995,0,20,0.02778889,0.750581669349896,1
123,"ipsl-cm6a-lr ssp585",0.827590860550772,0.280227421728,20,0.359951709139785,0.904173507090264,1
124,"gfdl-esm4 ssp126",0.322467698103524,0.0165256199999999,20,0.00826280999999995,0.935582802495485,1
124,"gfdl-esm4 ssp585",0.24792975,0,20,0.485828470578638,0.918221290229291,1
124,"ipsl-cm6a-lr ssp126",0.0988315609106424,0.00300435771599994,20,0.118089216453956,0.75012998535982,0.955386026130879
124,"ipsl-cm6a-lr ssp585",0.314145553615974,0,20,0.360841146625857,0.95256578060739,0.982366216372816
127,"gfdl-esm4 ssp126",0.588839193236653,0.00826280999999995,20,0.0876488569755831,0.575864211315074,1
127,"gfdl-esm4 ssp585",0.962345666258148,0.611122257191302,20,0.352853836734507,0.992116349824044,0.9999262886873
127,"ipsl-cm6a-lr ssp126",0.488192105361002,0.0387415054704937,20,0.164609793433509,0.885064267283254,0.989092832957122
127,"ipsl-cm6a-lr ssp585",0.896552064342874,0.301211790217631,20,0.754640500997928,0.991329590306854,1
128,"gfdl-esm4 ssp126",0.2030070681722,0.00991719000000002,20,0.115916386848557,0.870354821925874,0.967487927443879
128,"gfdl-esm4 ssp585",0.120517699688427,0.00330512399999983,20,0.206512458007056,0.943663152154213,0.977892830079991
128,"ipsl-cm6a-lr ssp126",0.0165256199999999,0,20,0.359655205017799,0.821854620726475,0.993002305740703
128,"ipsl-cm6a-lr ssp585",0.16422337890007,0.00605202742727251,20,0.102131341103186,0.82043401767453,0.939685720757332
130,"gfdl-esm4 ssp126",0.861611750599339,0.263945174742817,20,0.0821939487814588,0.67075792614795,1
130,"gfdl-esm4 ssp585",0.366587190764892,0.00150217885799975,20,0.230939593138128,0.93891155622144,0.989696530558891
130,"ipsl-cm6a-lr ssp126",0.316792133973434,0.0265920630532486,20,0.531309808900198,0.97423154174343,1
130,"ipsl-cm6a-lr ssp585",0.849575681611456,0.311274736830876,20,0.175875807912477,0.780110539217363,1
132,"gfdl-esm4 ssp126",0.228096850036078,1.11022302462516e-16,20,0.069858753426,0.690793672873865,0.984009638411887
132,"gfdl-esm4 ssp585",0.180661560471034,0.0117873763573095,20,0.312634893043658,0.99326967751143,0.995971100388771
132,"ipsl-cm6a-lr ssp126",0.00826280999999995,0,20,0.513108113148,0.67075792614795,1
132,"ipsl-cm6a-lr ssp585",0.600129337113496,0.131943598774708,20,0.17392571176888,0.920147783458317,1
135,"gfdl-esm4 ssp126",0.737618385128259,0.141357827956444,20,0.222068822785424,0.664074471325443,0.999749885873759
135,"gfdl-esm4 ssp585",0.678783584476313,0.0584486335539214,20,0.482770936167789,0.959359400971502,0.999715797457096
135,"ipsl-cm6a-lr ssp126",0.173202535929114,0.00750186812471421,20,0.139419256769664,0.925649490694189,0.997922619360219
135,"ipsl-cm6a-lr ssp585",0.699592986879325,0.16087185413906,20,0.308787931620762,0.826493037889721,0.999654275780024
136,"gfdl-esm4 ssp126",0.0797879303883866,0.000751089428999818,20,0.242746314802932,0.993902699810861,1
136,"gfdl-esm4 ssp585",0.0990903845012451,0.00279953562871149,20,0.756637310678867,0.954939204997357,1
136,"ipsl-cm6a-lr ssp126",0.0600937645679999,0.00300435771599983,20,0.111084070757638,0.831616358342172,0.927441194318971
136,"ipsl-cm6a-lr ssp585",0.118526846470399,0.00225326828700001,20,0.620898312386824,0.982862402183202,1
137,"gfdl-esm4 ssp126",0.264070983269682,-2.22044604925031e-16,20,0.0915182560912551,0.789175396007223,1
137,"gfdl-esm4 ssp585",0.130189402629206,0.00579323231419082,20,0.102040767972709,0.985040746323635,1
137,"ipsl-cm6a-lr ssp126",0.0164573459709038,0,20,0.0883974518094549,0.770963938840983,0.771911479426378
137,"ipsl-cm6a-lr ssp585",0.113997139702012,0,20,0.0472424526609904,0.917860854993304,0.869646829673003
140,"gfdl-esm4 ssp126",0.107503722482033,1.11022302462516e-16,20,0.1744751345568,0.920940773502709,0.98839200998726
140,"gfdl-esm4 ssp585",0.300868876614564,0.00991537200000003,20,0.247007572040538,0.80212169481533,0.992922023468542
140,"ipsl-cm6a-lr ssp126",0.272562508296,0,20,0.140889988796486,0.922429844710766,0.995297181496304
140,"ipsl-cm6a-lr ssp585",0.409091591222892,0.0396752893167999,20,0.0869451379015043,0.92113337233162,0.995523340828467
141,"gfdl-esm4 ssp126",0.00826280999999995,0,20,0.195321262284,0.622089553744641,1
141,"gfdl-esm4 ssp585",0.358775833369158,0.0400782645000001,20,0.225460836068916,0.791777532715667,0.992959960833256
141,"ipsl-cm6a-lr ssp126",0.00826280999999995,0,20,0.00826280999999995,0.568817573229042,1
141,"ipsl-cm6a-lr ssp585",0.441657272038203,0.000751089428999818,20,0.466798865884951,0.922424435964655,1
145,"gfdl-esm4 ssp126",0.264070983269682,-2.22044604925031e-16,20,0.0915182560912551,0.716061770336499,1
145,"gfdl-esm4 ssp585",0.175156848793053,0.0037509357572213,20,0.158902425032987,0.983378810172105,0.95082105003679
145,"ipsl-cm6a-lr ssp126",0.0164573459709038,0,20,0.270623871627093,0.934818870258755,0.89735605998427
145,"ipsl-cm6a-lr ssp585",0.729063578632653,0.19608805287,20,0.0164573459709038,0.909647844014195,1
146,"gfdl-esm4 ssp126",0.304693535228355,0.0157753568519996,20,0.122547033120784,0.580104636163839,0.986620675840733
146,"gfdl-esm4 ssp585",0.131871365096827,0.00300435771599994,20,0.239057645982029,0.956648835590619,0.967875368895144
146,"ipsl-cm6a-lr ssp126",0.194541087944938,0.0022532682869999,20,0.143235634885058,0.932539350350817,0.962682919483007
146,"ipsl-cm6a-lr ssp585",0.422248317339528,0.0696173037997546,20,0.352271168802398,0.87483457011341,1
147,"gfdl-esm4 ssp126",0.471392829403597,0.06347387356875,20,0.064043595,0.794216787885557,0.99875279749201
147,"gfdl-esm4 ssp585",0.467849145710069,0.0349223386326454,20,0.322747323177084,0.986615817177784,1
147,"ipsl-cm6a-lr ssp126",0.184775056856283,0.00959474616641631,20,0.015774530571,0.67075792614795,1
147,"ipsl-cm6a-lr ssp585",0.644457415067664,0.0950055179150023,20,0.230256399102096,0.890056610619692,1
149,"gfdl-esm4 ssp126",0.23102741491016,0,20,0.44061780343676,0.953424043409375,0.94026876197119
149,"gfdl-esm4 ssp585",0.116865554228795,0.00150217885799975,20,0.166192094570002,0.808339352510167,0.929763602300041
149,"ipsl-cm6a-lr ssp126",0.0394270514044026,0.00075108942900004,20,0.095191497068654,0.580104636163839,0.872767887425268
149,"ipsl-cm6a-lr ssp585",0.248461883983653,0,20,0.463421560436801,0.814904108082047,1
151,"gfdl-esm4 ssp126",0.210049738835743,0.00600871543199988,20,0.036807513426,0.379047630253764,0.946567676013
151,"gfdl-esm4 ssp585",0.67193264125774,0.0440237649770245,20,0.0526591054141234,0.815268209962372,1
151,"ipsl-cm6a-lr ssp126",0.560031981074409,0.124903770456973,20,0,0.430822121098297,0.99926736481258
151,"ipsl-cm6a-lr ssp585",0.645736692075726,0.0888247579333716,20,0.547314954955276,0.994880127766945,1
152,"gfdl-esm4 ssp126",0.345663797207807,0.00495768600000024,20,0.468584349408489,0.965068032557031,0.99044300191539
152,"gfdl-esm4 ssp585",0.309664403857296,0.00150217885799975,20,0.322411445250863,0.808339352510167,1
152,"ipsl-cm6a-lr ssp126",0.0918167000208067,0.000751089429000151,20,0.128090334235238,0.650101193315327,1
152,"ipsl-cm6a-lr ssp585",0.502376290180216,0.06610248,20,0.175816395149475,0.814904108082047,1
188,"gfdl-esm4 ssp126",0.104177588642873,0,20,0.00826280999999995,0.92191776766486,0.960644218683386
188,"gfdl-esm4 ssp585",0.316292935725,0,20,0.0462559565754987,0.918221290229291,1
188,"ipsl-cm6a-lr ssp126",0.235375510585314,0.00300435771599994,20,0.331943227331561,0.75012998535982,1
188,"ipsl-cm6a-lr ssp585",0.420811249218489,0.0198307440000001,20,0.516634026158562,0.977043674487616,1
579,"gfdl-esm4 ssp126",0.183260420358013,0.0199807966296,20,0.325197492066292,0.958275280199751,0.965305398406756
579,"gfdl-esm4 ssp585",0.150736003047064,1.11022302462516e-16,20,0.301630080943671,0.915717565318663,0.996168874841824
579,"ipsl-cm6a-lr ssp126",0.399939101825,0.0249704608418817,20,0.103180070438266,0.951010510594675,0.998628631392184
579,"ipsl-cm6a-lr ssp585",0.579781024312818,0.109711397560774,20,0.175419487568864,0.97823951406032,1
582,"gfdl-esm4 ssp126",0.068175,0,20,0.0702407025,0.692627893972404,0.814043595
582,"gfdl-esm4 ssp585",0,0,20,0,0.66527438,0.323788128858
582,"ipsl-cm6a-lr ssp126",0,0,20,0,0.39390303,1
582,"ipsl-cm6a-lr ssp585",0.1654665456,0,20,0,0.323788128858,1
583,"gfdl-esm4 ssp126",0.208603134830257,0.00826281000000006,20,0.233994510213532,0.927714279502947,0.931164749833223
583,"gfdl-esm4 ssp585",0.485674950601096,0.0986153400888299,20,0.184729307440014,0.994332935997034,0.98300349538597
583,"ipsl-cm6a-lr ssp126",0.03029697,0,20,0.0246518819418078,0.907999234880823,0.623642650182487
583,"ipsl-cm6a-lr ssp585",0.123875831038127,0.00599968926671401,20,0.193161826303634,0.928301474269888,0.926378680051618
620,"gfdl-esm4 ssp126",0.65512094197916,0.161609444332983,20,0.0454820710847981,0.538941840958606,1
620,"gfdl-esm4 ssp585",0.35046176500814,0.00165256199999997,20,0.137063216075767,0.858863207434526,1
620,"ipsl-cm6a-lr ssp126",0.185293706032189,0.00150217885800008,20,0.32224706293715,0.961027761971108,0.978055899574732
620,"ipsl-cm6a-lr ssp585",0.122177752982038,0.00495768600000013,20,0.0631069823296756,0.934296295205357,1
640,"gfdl-esm4 ssp126",0.220442423165766,0,20,0.452486390822485,0.995952142804449,0.981376792139408
640,"gfdl-esm4 ssp585",0.686467328122663,0.141014780080366,20,0.210830186355218,0.962292494573265,0.99884653884749
640,"ipsl-cm6a-lr ssp126",0.223039403645027,0.00991537200000003,20,0.0409044058254234,0.689513467059121,0.925693653107453
640,"ipsl-cm6a-lr ssp585",0.319334894323127,0.0242448479999999,20,0.224195999892063,0.872303172462751,0.986807687474
755,"gfdl-esm4 ssp126",0.252293750256795,0.0165014020247857,20,0.0875058247710092,0.653589788937278,0.944466063980609
755,"gfdl-esm4 ssp585",0.255787980208658,0.0103285125000001,20,0.362615498497783,0.974145256855296,0.999278367181394
755,"ipsl-cm6a-lr ssp126",0.404873557263928,0.0210291462149234,20,0.221765840614524,0.817054522252095,1
755,"ipsl-cm6a-lr ssp585",0.537313129775857,0.096663660415078,20,0.363953081136012,0.985228519464877,0.99834754061876
762,"gfdl-esm4 ssp126",0.598223342877655,0.113149130274895,20,0.162303364203549,0.868578134150034,0.994063274854397
762,"gfdl-esm4 ssp585",0.0779764690278001,1.11022302462516e-16,20,0.215803889324513,0.906131663855905,1
762,"ipsl-cm6a-lr ssp126",0.0801957722020651,0.00287695680989319,20,0.256683187865035,0.91982858896423,0.994943839116529
762,"ipsl-cm6a-lr ssp585",0.307253162619021,0.0186911668434095,20,0.167875014679307,0.992021065291886,1
764,"gfdl-esm4 ssp126",0.127395450797285,0.00450653657400002,20,0.036807513426,0.441136036820625,0.909144764251538
764,"gfdl-esm4 ssp585",0.348881421263251,0.0360589028399998,20,0.100416888055807,0.916868408450026,0.979339198004412
764,"ipsl-cm6a-lr ssp126",0.57673898824859,0.156522457754298,20,0,0.482560390290462,0.997996636825347
764,"ipsl-cm6a-lr ssp585",0.439633080107694,0.0311892432691228,20,0.280714951314772,0.994785313871485,0.9877618696296
838,"gfdl-esm4 ssp126",0.201981972596127,0.0022532682869999,20,0,0.947606503451934,0.90146403461025
838,"gfdl-esm4 ssp585",0.00826280999999995,0,20,0.431153472766885,0.956540468414213,0.966744619737979
838,"ipsl-cm6a-lr ssp126",0.0963912748931496,0.00484798182842339,20,0.118097439514472,0.772843169690612,0.906908133369124
838,"ipsl-cm6a-lr ssp585",0.491507328788675,0.0695861502448016,20,0.0483106111854188,0.637775197866956,0.989380145695346
857,"gfdl-esm4 ssp126",0.0894641058428808,0.00450653657400002,20,0.113199972486918,0.958275280199751,0.974300295116115
857,"gfdl-esm4 ssp585",0.0668555526851999,0,20,0.1534152871127,0.915717565318663,0.866974820896666
857,"ipsl-cm6a-lr ssp126",0.023286251142,0.00075108942900004,20,0.103180070438266,0.921609762182814,0.903608421379581
857,"ipsl-cm6a-lr ssp585",0.127363529526816,0.00819378479884669,20,0.270294871535712,0.984889760322485,0.913095303338593
863,"gfdl-esm4 ssp126",0.472981501022447,0.108354358935,20,0.620629398111816,0.84294541909862,1
863,"gfdl-esm4 ssp585",0.269890272032538,0.00150217885799986,20,0.0164573459709038,0.920482858356243,1
863,"ipsl-cm6a-lr ssp126",0.286393558554657,0.00150217885799997,20,0.00826280999999995,0.906314230461466,0.993640883042371
863,"ipsl-cm6a-lr ssp585",0.775645926203005,0.0944143743261815,20,0.015774530571,0.944466063980609,1
869,"gfdl-esm4 ssp126",0.14209334795358,-2.22044604925031e-16,20,0.022725,0.576619150497773,0.990499694311333
869,"gfdl-esm4 ssp585",0.350700106761966,0.0840105363638106,20,0.13785949668748,0.997815151876771,0.93778704003213
869,"ipsl-cm6a-lr ssp126",0.0655553721708,1.11022302462516e-16,20,0.204953309040231,0.659876441396838,0.933764418343677
869,"ipsl-cm6a-lr ssp585",0.51289642255643,0.11275506016988,20,0.161893427888612,0.932115051406769,0.984830910616349
878,"gfdl-esm4 ssp126",0.148099537179432,0.00600871543199988,20,0.124361710455577,0.379047630253764,1
878,"gfdl-esm4 ssp585",0.47181367062577,0.03605890284,20,0.131596943270807,0.815268209962372,1
878,"ipsl-cm6a-lr ssp126",0.568492009615084,0.124903770456973,20,0,0.525704073511211,0.998982451128584
878,"ipsl-cm6a-lr ssp585",0.650268911270068,0.0666430467236981,20,0.831246651451902,0.994880127766945,1
889,"gfdl-esm4 ssp126",0.331330610628419,0.0447244535641542,20,0.226649947809784,0.883178778987191,0.957330713777425
889,"gfdl-esm4 ssp585",0.584253202808853,0.0750605244457965,20,0.588547722449174,0.99187310290242,0.999888181326614
889,"ipsl-cm6a-lr ssp126",0.614916671901537,0.1564059054816,20,0.200721993514184,0.955116484722446,1
889,"ipsl-cm6a-lr ssp585",0.250689599598496,0.00495768600000024,20,0.285198727670172,0.873270389436926,0.997756958388602
901,"gfdl-esm4 ssp126",0.285344948503852,0,20,0.414374744785737,0.97126610135785,1
901,"gfdl-esm4 ssp585",0.254143963582403,0,20,0.0480356146218629,0.659876441396838,0.915673251146408
901,"ipsl-cm6a-lr ssp126",0.407222125440386,0.0300468822839999,20,0.03305124,0.799589510076174,0.990708405141937
901,"ipsl-cm6a-lr ssp585",0.355231380495096,0.0157424147011607,20,0.347484503877226,0.892260440710152,1
909,"gfdl-esm4 ssp126",0.0894641058428808,0.00450653657400002,20,0.0760771971504997,0.954669755020961,0.83937684447572
909,"gfdl-esm4 ssp585",0.0970980169999998,-2.22044604925031e-16,20,0.49522329986886,0.915717565318663,1
909,"ipsl-cm6a-lr ssp126",0.18607813668294,0.0270472198933114,20,0.103180070438266,0.921609762182814,0.957937799620565
909,"ipsl-cm6a-lr ssp585",0.185533961402157,0.0114718273240572,20,0.282115671903594,0.980415323291336,1
910,"gfdl-esm4 ssp126",0.0894641058428808,0.00450653657400002,20,0.081314761531249,0.959202280891157,0.83937684447572
910,"gfdl-esm4 ssp585",0.18372081835653,0.00991537200000003,20,0.153770628717697,0.915717565318663,0.976025909862182
910,"ipsl-cm6a-lr ssp126",0.237444774554459,0.00075108942900004,20,0.277088568325531,0.959177058478542,1
910,"ipsl-cm6a-lr ssp585",0.334357951917745,0.0229449761622939,20,0.0485344420764219,0.97823951406032,0.96996213243389
922,"gfdl-esm4 ssp126",0.110156034037601,0.00450653657400002,20,0.162994625848297,0.954669755020961,1
922,"gfdl-esm4 ssp585",0.0495768599999999,0,20,0.0902662302956609,0.915717565318663,0.69515367968473
922,"ipsl-cm6a-lr ssp126",0.023286251142,0.00075108942900004,20,0.103180070438266,0.921609762182814,0.894840292663119
922,"ipsl-cm6a-lr ssp585",0.143228060560018,0.00819378479884669,20,0.791346830005265,0.980415323291336,1
948,"gfdl-esm4 ssp126",0.461276435950643,0.103674717855,20,0.151764372635088,0.895883994771893,0.982190368738434
948,"gfdl-esm4 ssp585",0.133054346919911,0.00735637254160415,20,0.532288512337049,0.989330435545952,0.972515664981031
948,"ipsl-cm6a-lr ssp126",0.0602471226851999,0,20,0,0.691526040889454,0.892249964243538
948,"ipsl-cm6a-lr ssp585",0.248289510275496,0.0147519122751271,20,0.198903100965926,0.836024137144326,0.983840605829524
966,"gfdl-esm4 ssp126",0.358580812311382,0.0295276391068924,20,0.00826280999999995,0.92191776766486,0.994096632802508
966,"gfdl-esm4 ssp585",0.24792975,0,20,0.146744517690159,0.918221290229291,0.885689965893407
966,"ipsl-cm6a-lr ssp126",0.0988315609106424,0.00300435771599994,20,0.15200527434084,0.75012998535982,1
966,"ipsl-cm6a-lr ssp585",0.34011662054365,0.0151530299999997,20,0.30011597005824,0.942605742425833,1
983,"gfdl-esm4 ssp126",0.0966326902317297,0.00300435771599983,20,0.202615479576738,0.908380511123123,1
983,"gfdl-esm4 ssp585",0.391729898829943,0.0578487599999997,20,0.212427724030278,0.932672044436497,1
983,"ipsl-cm6a-lr ssp126",0.124586805731693,0.00749851585661698,20,0.0306885286360217,0.698158072382534,1
983,"ipsl-cm6a-lr ssp585",0.264470496956525,0.0254909718661969,20,0.543364168792118,0.747007383145396,1
1009,"gfdl-esm4 ssp126",0.106177994929815,0.00300435771599961,20,0.207552063611235,0.964662287401411,0.861424557925305
1009,"gfdl-esm4 ssp585",0.303866600686404,2.22044604925031e-16,20,0.200751333505698,0.910020386276727,0.991241573195589
1009,"ipsl-cm6a-lr ssp126",0.103357886185478,0.004501461050891,20,0.0306794778472119,0.673403312704311,1
1009,"ipsl-cm6a-lr ssp585",0.498367893760138,0.0697560696248787,20,0.0906733377511473,0.763394273221404,1
1026,"gfdl-esm4 ssp126",0.849313130044543,0.231931300586773,20,0.181355562178325,0.664074471325443,1
1026,"gfdl-esm4 ssp585",0.415892210593812,0.0022532682869999,20,0.409579125241746,0.969519550728627,0.995888273395487
1026,"ipsl-cm6a-lr ssp126",0.361094326443407,0.0157026916137545,20,0.151373061719331,0.956978247915757,1
1026,"ipsl-cm6a-lr ssp585",0.562829369384513,0.0657264924466874,20,0.138087517687714,0.75012998535982,0.998901115167531
1087,"gfdl-esm4 ssp126",0.723765727971017,0.153799242489482,20,0.121693933965205,0.716567165308481,0.997567391864494
1087,"gfdl-esm4 ssp585",0.923836727535693,0.611963977392027,20,0.27645536028038,0.960250539424026,0.999881463626275
1087,"ipsl-cm6a-lr ssp126",0.385168107383497,0.0180029744210206,20,0.284611778543349,0.915662828295027,1
1087,"ipsl-cm6a-lr ssp585",0.0885831322586609,-2.22044604925031e-16,20,0.165205488730292,0.858012244481774,0.97837187627071
1096,"gfdl-esm4 ssp126",0.246921144453153,0.0112423432790204,20,0.206394642042611,0.824001709634408,0.975415425865604
1096,"gfdl-esm4 ssp585",0.640767058778549,0.109952260836803,20,0.598055298107935,0.997674297190898,0.999822944833369
1096,"ipsl-cm6a-lr ssp126",0.234486548707347,0.0013774104269999,20,0.338924336985057,0.931702429543814,1
1096,"ipsl-cm6a-lr ssp585",0.594817576300238,0.092370343673383,20,0.207954980621086,0.899428141228772,0.998005080412232
1097,"gfdl-esm4 ssp126",0.0838592720022394,0.00225214001633933,20,0.0483044027752105,0.542737505326635,0.92287259697353
1097,"gfdl-esm4 ssp585",0.182819251034648,0.00330239303883606,20,0.391957801281426,0.92065736570238,0.995150513483211
1097,"ipsl-cm6a-lr ssp126",0.349127139848482,0,20,0.13359649715515,0.832671498278831,1
1097,"ipsl-cm6a-lr ssp585",0.267297117593687,0.0150125561974238,20,0.261480858791213,0.940638916158547,0.991096951784549
1098,"gfdl-esm4 ssp126",0.0661024799999999,0,20,0.0644818810507763,0.49193677107363,0.903390215053019
1098,"gfdl-esm4 ssp585",0.388558698368927,0.02704417713,20,0.303191429609841,0.947206320775826,1
1098,"ipsl-cm6a-lr ssp126",0.367659131301157,0.021274162297366,20,0.158114796965697,0.611228299734739,0.997173654360859
1098,"ipsl-cm6a-lr ssp585",0.785418791887554,0.179648192106213,20,0.351760871382466,0.985128861041255,1
1101,"gfdl-esm4 ssp126",0.199669641865854,0.0133302736121452,20,0.303103448684548,0.921927310836742,0.936931813079059
1101,"gfdl-esm4 ssp585",0.42680821540235,0.0500158950280922,20,0.312684240386378,0.922738610514156,1
1101,"ipsl-cm6a-lr ssp126",0.550041556388507,0.084146806296,20,0.118344575585942,0.806409194349753,0.98763496237506
1101,"ipsl-cm6a-lr ssp585",0.556019795100906,0.0833925644915692,20,0.380388271957438,0.775075650734625,1
1111,"gfdl-esm4 ssp126",0.0165256199999999,0,20,0.0633715150663745,0.622089553744641,0.77000441201748
1111,"gfdl-esm4 ssp585",0.0623521563426,1.11022302462516e-16,20,0.0793042346620108,0.825761305366992,0.919231893090189
1111,"ipsl-cm6a-lr ssp126",0,0,20,0.0327109981251801,0.529595650813059,1
1111,"ipsl-cm6a-lr ssp585",0.20680540284694,0.0132204959999997,20,0.0659128388238046,0.647206538416002,0.937033268663421
1115,"gfdl-esm4 ssp126",0.310416206577267,0,20,0.269259510711151,0.693885055935422,0.992729536138794
1115,"gfdl-esm4 ssp585",0.187102524242534,0.0115395877692697,20,0.152982602568158,0.763387700512935,1
1115,"ipsl-cm6a-lr ssp126",0.132749993946444,0.00075108942900004,20,0.0239069986220526,0.762417294757501,1
1115,"ipsl-cm6a-lr ssp585",0.133406048723416,0.00275482085399992,20,0.29648397253704,0.805609830570588,1
1144,"gfdl-esm4 ssp126",0.107497424988469,0,20,0.111099422150302,0.78742537398136,0.88960211776839
1144,"gfdl-esm4 ssp585",0.0443223742284,1.11022302462516e-16,20,0.0960424836758553,0.825761305366992,0.903078271708227
1144,"ipsl-cm6a-lr ssp126",0.01818,0,20,0.0488310036748035,0.608012055822522,1
1144,"ipsl-cm6a-lr ssp585",0.281075347476183,0.0110192834159998,20,0.137755748768482,0.647206538416002,1
1145,"gfdl-esm4 ssp126",0.104623239231311,0,20,0.141700506366155,0.622089553744641,0.970560564738237
1145,"gfdl-esm4 ssp585",0.00826280999999995,0,20,0.0793042346620108,0.825761305366992,1
1145,"ipsl-cm6a-lr ssp126",0.0151530299999999,0,20,0.102093151313007,0.529595650813059,0.964238071253848
1145,"ipsl-cm6a-lr ssp585",0.238753632109892,-2.22044604925031e-16,20,0.378464656404907,0.647206538416002,1
1170,"gfdl-esm4 ssp126",0.22642281,0.01652562,20,0.107689518939019,0.966211115298653,0.833710905172399
1170,"gfdl-esm4 ssp585",0.330476922763303,0.0264409919999997,20,0.249320576560844,0.903222383614153,1
1170,"ipsl-cm6a-lr ssp126",0.00826280999999995,0,20,0.194047004270899,0.913249676333371,0.796774708429452
1170,"ipsl-cm6a-lr ssp585",0.910020492033268,0.404234398281627,20,0.51939700936706,0.954484652230637,1
1173,"gfdl-esm4 ssp126",0.145887513426,0,20,0.142771976666789,0.766170249677,0.962892973282186
1173,"gfdl-esm4 ssp585",0.128210331175595,-2.22044604925031e-16,20,0.0799640448992031,0.716061770336499,1
1173,"ipsl-cm6a-lr ssp126",0.0303060599999999,0,20,0.13172328609591,0.435492200663697,1
1173,"ipsl-cm6a-lr ssp585",0.109159856696881,0,20,0.113261293603406,0.700591713287008,1
4,"gfdl-esm4 ssp126",0.0600937645679999,0.00300435771599983,10,0.0355784306843844,0.316959223686904,0.497016285696442
4,"gfdl-esm4 ssp585",0.00826280999999995,0,10,0,0.667432987624062,1
4,"ipsl-cm6a-lr ssp126",0.119957335627907,0.00600871543199988,10,0,0.430822121098297,0.885236599504931
4,"ipsl-cm6a-lr ssp585",0.430341249601367,0.02478843,10,0.119965990324968,0.768633927272373,1
6,"gfdl-esm4 ssp126",0.08263719,0,10,0,0.17353719,0.924874530571
6,"gfdl-esm4 ssp585",0.0165256199999999,0,10,0.0393603672214945,0.533455297893603,0.580852027615469
6,"ipsl-cm6a-lr ssp126",0,0,10,0.186082187356853,0.790431835435422,1
6,"ipsl-cm6a-lr ssp585",0.160497258697187,0.00735637254160415,10,0.118520527846325,0.836696213672788,0.931288322661851
7,"gfdl-esm4 ssp126",0.1525010669136,0,10,0.0433842975000001,0.757933055427942,0.901638221223685
7,"gfdl-esm4 ssp585",0,0,10,0.07272,0.316959223686904,0.9856
7,"ipsl-cm6a-lr ssp126",0,0,10,0,0.311308540427,0.590150033822803
7,"ipsl-cm6a-lr ssp585",0.0333399999999998,-2.22044604925031e-16,10,0.0853982913168,0.25617438,0.911847493174656
9,"gfdl-esm4 ssp126",0.01818,0,10,0,0.248662659429,0.3989301275432
9,"gfdl-esm4 ssp585",0.135413763569054,-2.22044604925031e-16,10,0.0694932011387199,0.584302666092444,1
9,"ipsl-cm6a-lr ssp126",0,0,10,0,0.311308540427,1
9,"ipsl-cm6a-lr ssp585",0.157417788496142,0.00991537200000003,10,0,0.446723447031615,0.701934666032491
16,"gfdl-esm4 ssp126",0,0,10,0,0.441136036820625,0.17353719
16,"gfdl-esm4 ssp585",0.0164573459709038,0,10,0.0164573459709038,0.441136036820625,0.486805959623367
16,"ipsl-cm6a-lr ssp126",0.023286251142,0.00075108942900004,10,0,0.812954490492878,0.316959223686904
16,"ipsl-cm6a-lr ssp585",0.0541365623949471,0.00150217885799997,10,0.0239069986220526,0.534298659482626,0.716061770336499
17,"gfdl-esm4 ssp126",0,0,10,0.139388907871048,0.884529929645759,0.54545
17,"gfdl-esm4 ssp585",0.0683565745679999,0.00300435771599994,10,0.0509969155226898,0.49193677107363,0.604825911893496
17,"ipsl-cm6a-lr ssp126",0.0555740126937218,0.00075108942900004,10,0.106267424618568,0.380170110854,0.623676520650447
17,"ipsl-cm6a-lr ssp585",0.0539169683961761,0.00075108942900004,10,0.0528921989529276,0.688235660120982,0.761004847451075
27,"gfdl-esm4 ssp126",0.61777569586844,0.180319307175,10,0.089350723125,0.685639020711601,0.981712126991844
27,"gfdl-esm4 ssp585",0.897021535307577,0.545345176777483,10,0.208600692809741,0.948783211216779,0.999451912160106
27,"ipsl-cm6a-lr ssp126",0.0394270514044026,0.00075108942900004,10,0,0.248662659429,0.695162062644178
27,"ipsl-cm6a-lr ssp585",0.0892523333016935,0,10,0.0232906333921856,0.492855184700743,0.741327735668483
36,"gfdl-esm4 ssp126",0,0,10,0.00826280999999995,0.316959223686904,0.248662659429
36,"gfdl-esm4 ssp585",0.295877058745577,0.0320620394327312,10,0.124869615211296,0.703619433920122,0.895052532500804
36,"ipsl-cm6a-lr ssp126",0.0803819384568,0,10,0.169054236596129,0.689516916277067,0.913062569990869
36,"ipsl-cm6a-lr ssp585",0.180240126759489,0.0081024970832082,10,0.291785243307059,0.435492200663697,1
46,"gfdl-esm4 ssp126",0.00826280999999995,0,10,0.0686400462076006,0.812933913429126,0.316959223686904
46,"gfdl-esm4 ssp585",0.03080003764275,0,10,0.01818,0.435492200663697,0.631153472766885
46,"ipsl-cm6a-lr ssp126",0.613320304524327,0.0247979335949999,10,0.0410409538836156,0.846058766136459,1
46,"ipsl-cm6a-lr ssp585",0,0,10,0,0.67070143238085,0.0909
52,"gfdl-esm4 ssp126",0.11569752,0,10,0.01818,0.17353719,0.7836360036544
52,"gfdl-esm4 ssp585",0.038309692284,0.00150217885800008,10,0.0801143716438235,0.486805959623367,0.756129650115342
52,"ipsl-cm6a-lr ssp126",0.0151530299999999,0,10,0,0.699450121006797,0.89565593961307
52,"ipsl-cm6a-lr ssp585",0.254870817120043,0.00826280999999995,10,0.0599713383164423,0.853024795981823,1
94,"gfdl-esm4 ssp126",0.00826280999999995,0,10,0,0.8125,0.487719417765178
94,"gfdl-esm4 ssp585",0.0443223742284,1.11022302462516e-16,10,0.034707438,0.685078477122879,0.756129650115342
94,"ipsl-cm6a-lr ssp126",0.0803819384568,0,10,0.149074275861287,0.769054727750278,0.887098440132739
94,"ipsl-cm6a-lr ssp585",0.00826280999999995,0,10,0.3636,0.42144876,1
95,"gfdl-esm4 ssp126",0.103294215,0.00619710750000002,10,0,0.248662659429,0.54918519871525
95,"gfdl-esm4 ssp585",0.0729422259922002,0,10,0.232816091261919,0.830678826501497,1
95,"ipsl-cm6a-lr ssp126",0,0,10,0.0684219215594061,0.664074471325443,0.453552352202712
95,"ipsl-cm6a-lr ssp585",0.00826280999999995,0,10,0.0680117453061446,0.820398448713707,0.580104636163839
97,"gfdl-esm4 ssp126",0.01818,0,10,0.0551988179318612,0.435492200663697,0.4590305030864
97,"gfdl-esm4 ssp585",0.200871985902725,0.0120032851543063,10,0.0847028925,0.508191106118423,0.909308975725082
97,"ipsl-cm6a-lr ssp126",0,0,10,0.0818908810252886,0.316959223686904,0.795093459237763
97,"ipsl-cm6a-lr ssp585",0.0806661495506676,0,10,0.360517541362723,0.588458724956828,1
98,"gfdl-esm4 ssp126",0,0,10,0,0.17353719,0.6
98,"gfdl-esm4 ssp585",0,0,10,0,0,0.851234876
98,"ipsl-cm6a-lr ssp126",0,0,10,0,0,0.70912
98,"ipsl-cm6a-lr ssp585",0,0,10,0,0.380170110854,0.68
99,"gfdl-esm4 ssp126",0.00826280999999995,0,10,0.0475533133462105,0.802806370841181,0.316959223686904
99,"gfdl-esm4 ssp585",0.0262925921141999,0,10,0.015774530571,0.683852035771795,0.503238104203011
99,"ipsl-cm6a-lr ssp126",0.087853544764191,0,10,0,0.373910594102186,0.703627666894744
99,"ipsl-cm6a-lr ssp585",0.121202601549021,0,10,0.210492935316965,0.720052650974547,1
120,"gfdl-esm4 ssp126",0.08263719,0,10,0.104122314,0.17353719,0.97595984978272
120,"gfdl-esm4 ssp585",0.0165256199999999,0,10,0.1060430482115,0.533455297893603,0.7317452976739
120,"ipsl-cm6a-lr ssp126",0,0,10,0.0262925921141999,0.497016285696442,0.499128475281749
120,"ipsl-cm6a-lr ssp585",0.184083400509109,0.000751089429000151,10,0.224981497311282,0.877525562491653,0.938923699957847
121,"gfdl-esm4 ssp126",0.0462559565754987,0.00150217885799997,10,0.022725,0.3801528925,0.778297464919858
121,"gfdl-esm4 ssp585",0.049030667767231,-2.22044604925031e-16,10,0.112069530913192,0.65851717871048,1
121,"ipsl-cm6a-lr ssp126",0.00826280999999995,0,10,0.33559052641646,0.679901164217215,1
121,"ipsl-cm6a-lr ssp585",0.0344051842283999,0,10,0.085382920854,0.45450606,1
123,"gfdl-esm4 ssp126",0.13222314,0,10,0,0.502045016347231,0.797158753426
123,"gfdl-esm4 ssp585",0.0542022208669977,0.00150217885800008,10,0.230782436913139,0.49193677107363,1
123,"ipsl-cm6a-lr ssp126",0,0,10,0.02778889,0.594272990686228,1
123,"ipsl-cm6a-lr ssp585",0.00826280999999995,0,10,0,0.74896582053962,0.49193677107363
124,"gfdl-esm4 ssp126",0.00826280999999995,0,10,0.00826280999999995,0.922056749892333,0.248662659429
124,"gfdl-esm4 ssp585",0,0,10,0,0.552896534572259,0.25617438
124,"ipsl-cm6a-lr ssp126",0.0683565745679999,0.00300435771599994,10,0.118089216453956,0.584302666092444,0.894621560563455
124,"ipsl-cm6a-lr ssp585",0.10908,0,10,0.126147960475306,0.373910594102186,0.754102315177923
127,"gfdl-esm4 ssp126",0.46285372,0,10,0,0.316959223686904,0.90084628
127,"gfdl-esm4 ssp585",0.563469745435081,0.133186377710542,10,0.176785872358045,0.720550942390905,0.960254426052523
127,"ipsl-cm6a-lr ssp126",0.348075487283878,0.0270491357250001,10,0.0738296150024025,0.814904108082047,0.882424783260806
127,"ipsl-cm6a-lr ssp585",0.656274360728015,0.14113780938231,10,0.114404992981254,0.941109974613308,1
128,"gfdl-esm4 ssp126",0.0545400000000001,1.11022302462516e-16,10,0.082558203113774,0.841548303502658,0.7745987978287
128,"gfdl-esm4 ssp585",0.0876460545230539,0.00330512399999983,10,0.106852250367163,0.584302666092444,0.828312269275747
128,"ipsl-cm6a-lr ssp126",0,0,10,0.292973503456638,0.715463354601785,0.923482744147909
128,"ipsl-cm6a-lr ssp585",0.0606118179999999,0.00303060599999982,10,0.0753880222318758,0.646567647288852,0.679442224180319
130,"gfdl-esm4 ssp126",0,0,10,0.0588646818263844,0.446723447031615,0.38635
130,"gfdl-esm4 ssp585",0.33324967448936,0.00150217885799997,10,0.10005101237845,0.769085262452965,0.971379251552476
130,"ipsl-cm6a-lr ssp126",0.219137970470674,0.0120174308639998,10,0.42552800804191,0.941205924346754,1
130,"ipsl-cm6a-lr ssp585",0.169305193147517,0,10,0.0639645655322835,0.642307391479929,0.956022107843473
132,"gfdl-esm4 ssp126",0.14874876,0,10,0,0.446723447031615,0.864772502284
132,"gfdl-esm4 ssp585",0.0595752112420702,0.00279953562871171,10,0.0763673753795695,0.435492200663697,0.938923699957847
132,"ipsl-cm6a-lr ssp126",0,0,10,0.513108113148,0.513108113148,1
132,"ipsl-cm6a-lr ssp585",0.17353719,0.00826280999999995,10,0.063638788,0.74896582053962,1
135,"gfdl-esm4 ssp126",0,0,10,0.0497325318858,0.316959223686904,0.616
135,"gfdl-esm4 ssp585",0.505824700542785,0.0320527109824117,10,0.351041773763283,0.855422713032026,0.991316120250067
135,"ipsl-cm6a-lr ssp126",0.125880723157716,0.00600871543199988,10,0.00826280999999995,0.828956275109576,0.967076194195885
135,"ipsl-cm6a-lr ssp585",0.341040016032138,0.0165010413495255,10,0.256596170697826,0.71775746935426,0.979529522582117
136,"gfdl-esm4 ssp126",0.023286251142,0.00075108942900004,10,0,0.323788128858,1
136,"gfdl-esm4 ssp585",0.0516740889486793,0.00279953562871171,10,0.403880261017938,0.701394968216811,1
136,"ipsl-cm6a-lr ssp126",0,0,10,0.0330575479146,0.673993693647281,0.6032978512
136,"ipsl-cm6a-lr ssp585",0.0533331334259999,0.0022532682869999,10,0.60508696572481,0.942175446549824,1
137,"gfdl-esm4 ssp126",0.14874876,0,10,0,0.385255787944808,0.878293764568
137,"gfdl-esm4 ssp585",0.0516740889486793,0.00279953562871171,10,0.0239069986220526,0.487719417765178,0.533455297893603
137,"ipsl-cm6a-lr ssp126",0.00826280999999995,0,10,0.0612404044360955,0.59353823957964,0.586048312232369
137,"ipsl-cm6a-lr ssp585",0.00826280999999995,0,10,0.015774530571,0.804381872054331,0.435492200663697
140,"gfdl-esm4 ssp126",0.00826280999999995,0,10,0.0686400462076006,0.812933913429126,0.672140427369714
140,"gfdl-esm4 ssp585",0.0971005948156553,0,10,0.01818,0.435492200663697,0.763938222570806
140,"ipsl-cm6a-lr ssp126",0.272562508296,0,10,0.0410409538836156,0.815263129888947,0.98292842738818
140,"ipsl-cm6a-lr ssp585",0.0545400000000001,1.11022302462516e-16,10,0.01515303,0.725595503602962,0.838395151385856
141,"gfdl-esm4 ssp126",0,0,10,0,0.316959223686904,0.631126424292039
141,"gfdl-esm4 ssp585",0.0574300258254233,0,10,0.00826280999999995,0.548381341483563,0.748504300696895
141,"ipsl-cm6a-lr ssp126",0,0,10,0.00826280999999995,0.568817573229042,1
141,"ipsl-cm6a-lr ssp585",0.295505692470999,0.00075108942900004,10,0.334388731310322,0.83372319161465,0.888021060389819
145,"gfdl-esm4 ssp126",0.14874876,0,10,0,0.441136036820625,0.878293764568
145,"gfdl-esm4 ssp585",0.0462559565754987,0.00150217885799997,10,0.0849128112081742,0.487719417765178,0.653589788937278
145,"ipsl-cm6a-lr ssp126",0.00826280999999995,0,10,0.23858857798771,0.860036628477746,0.751606633054111
145,"ipsl-cm6a-lr ssp585",0.0909,0,10,0,0.784822211037653,1
146,"gfdl-esm4 ssp126",0,0,10,0,0.441136036820625,0
146,"gfdl-esm4 ssp585",0.0683565745679999,0.00300435771599994,10,0.0988783376246418,0.809157557136465,0.790972372086543
146,"ipsl-cm6a-lr ssp126",0.156595555231892,0.0022532682869999,10,0.113950603633908,0.900237407049282,0.890734923490157
146,"ipsl-cm6a-lr ssp585",0.02478843,0,10,0.286701692967872,0.664074471325443,1
147,"gfdl-esm4 ssp126",0,0,10,0.064043595,0.77364073026681,0.318175
147,"gfdl-esm4 ssp585",0.356110344166689,0.0268816465707467,10,0.166540992983819,0.828562835624894,0.955733944924021
147,"ipsl-cm6a-lr ssp126",0.110730744,0.00661024799999999,10,0,0.637837340389341,0.756563720348429
147,"ipsl-cm6a-lr ssp585",0.16672832941727,0.00450736285499997,10,0.153290506107244,0.798803435565171,0.895034207689721
149,"gfdl-esm4 ssp126",0.00826280999999995,0,10,0,0.25617438,0.248662659429
149,"gfdl-esm4 ssp585",0.0713323596906069,0.00150217885799997,10,0.0547018164028037,0.323788128858,0.747613547213797
149,"ipsl-cm6a-lr ssp126",0.0165256199999999,0,10,0.0444557820551922,0.316959223686904,0.704922778213508
149,"ipsl-cm6a-lr ssp585",0.15800894178019,0,10,0.130507800226769,0.49193677107363,1
151,"gfdl-esm4 ssp126",0,0,10,0,0.17353719,0.504122314
151,"gfdl-esm4 ssp585",0.386346106865369,0.0440237649770245,10,0.0164573459709038,0.17353719,0.974604462600904
151,"ipsl-cm6a-lr ssp126",0.0701643126852001,1.11022302462516e-16,10,0,0.373910594102186,0.870167320740736
151,"ipsl-cm6a-lr ssp585",0.280089015158677,0.031097911716,10,0.538932752393795,0.91182751661504,1
152,"gfdl-esm4 ssp126",0.107427438,0.00495768600000013,10,0,0.442130785,0.6994650637716
152,"gfdl-esm4 ssp585",0.122919751577587,0.00150217885799997,10,0.11771591843891,0.323788128858,0.936903386803449
152,"ipsl-cm6a-lr ssp126",0.0701643126852001,1.11022302462516e-16,10,0.0791993698196654,0.316959223686904,1
152,"ipsl-cm6a-lr ssp585",0.502376290180216,0.06610248,10,0.1284619083426,0.49193677107363,1
188,"gfdl-esm4 ssp126",0.00826280999999995,0,10,0.00826280999999995,0.896075666523111,0.8497325318858
188,"gfdl-esm4 ssp585",0.0909,0,10,0,0.552896534572259,1
188,"ipsl-cm6a-lr ssp126",0.209518057237625,0.00300435771599994,10,0.331943227331561,0.584302666092444,1
188,"ipsl-cm6a-lr ssp585",0.0363600000000001,1.11022302462516e-16,10,0.162609439216858,0.6243313297145,1
579,"gfdl-esm4 ssp126",0.00826280999999995,0,10,0.107861116342192,0.795910899551177,0.762895547136097
579,"gfdl-esm4 ssp585",0.0841342453704,1.11022302462516e-16,10,0,0.379047630253764,0.943343615424842
579,"ipsl-cm6a-lr ssp126",0.023286251142,0.00075108942900004,10,0.04545,0.82782713510675,0.503224443387485
579,"ipsl-cm6a-lr ssp585",0.205265666496874,0.0214354064981447,10,0.0538789752,0.544616714432059,0.903653722922713
582,"gfdl-esm4 ssp126",0,0,10,0,0.17353719,0
582,"gfdl-esm4 ssp585",0,0,10,0,0.5,0.25617438
582,"ipsl-cm6a-lr ssp126",0,0,10,0,0,1
582,"ipsl-cm6a-lr ssp585",0,0,10,0,0.25617438,1
583,"gfdl-esm4 ssp126",0.162950452510161,0.00826281000000006,10,0.0701187322109833,0.435492200663697,0.826794894468639
583,"gfdl-esm4 ssp585",0.038808352783715,0,10,0.0289221075,0.97084095611835,0.576619150497773
583,"ipsl-cm6a-lr ssp126",0.03029697,0,10,0.01652562,0.835378963073975,0.499083395041314
583,"ipsl-cm6a-lr ssp585",0.0678600312091897,0.00300435771599983,10,0.015774530571,0.743866824047204,0.659876441396838
620,"gfdl-esm4 ssp126",0.649325833967489,0.161609444332983,10,0.023286251142,0.385255787944808,1
620,"gfdl-esm4 ssp585",0.105923441142,0,10,0.0546926406927855,0.716567165308481,1
620,"ipsl-cm6a-lr ssp126",0.0965043349604928,0,10,0.239357883844747,0.86664549053419,0.841914005475485
620,"ipsl-cm6a-lr ssp585",0.0165256199999999,0,10,0.0313566512732013,0.385255787944808,1
640,"gfdl-esm4 ssp126",0.06611157,0,10,0.00826280999999995,0.82393664231459,0.926238809095831
640,"gfdl-esm4 ssp585",0.51611825574,0.10140946713,10,0.106654731262434,0.86696140739031,0.984234390198686
640,"ipsl-cm6a-lr ssp126",0,0,10,0.0409044058254234,0.59014548071852,0.523938512
640,"ipsl-cm6a-lr ssp585",0.10908,0,10,0.098533152356592,0.623666171858253,0.895942927870209
755,"gfdl-esm4 ssp126",0.00826280999999995,0,10,0,0.0909,0.385255787944808
755,"gfdl-esm4 ssp585",0.0947388568208745,0,10,0.250069661817247,0.875836846179131,0.922502954434563
755,"ipsl-cm6a-lr ssp126",0.16751194713,0.011266341435,10,0.0909,0.617389808272104,1
755,"ipsl-cm6a-lr ssp585",0.107934918067354,0.00275482085400003,10,0.253170075919435,0.804878682052301,0.93903410611019
762,"gfdl-esm4 ssp126",0.14875785,0,10,0,0.608776783448076,0.865883714638494
762,"gfdl-esm4 ssp585",0.02478843,0,10,0,0.441136036820625,0.508191106118423
762,"ipsl-cm6a-lr ssp126",0.023286251142,0.00075108942900004,10,0.0602471226851999,0.7244986222865,0.672131411321627
762,"ipsl-cm6a-lr ssp585",0.234190849959138,0.00991537199999992,10,0.0984117205709999,0.499083395041314,1
764,"gfdl-esm4 ssp126",0,0,10,0,0.17353719,0.17353719
764,"gfdl-esm4 ssp585",0.31491716548826,0.0360589028399998,10,0.0660401482740596,0.535114669375,0.932104666117779
764,"ipsl-cm6a-lr ssp126",0.0165256199999999,0,10,0,0.373910594102186,0.391401877716
764,"ipsl-cm6a-lr ssp585",0.147124802490789,0.00751089428999996,10,0.280714951314772,0.934684581988512,0.821136556200013
838,"gfdl-esm4 ssp126",0.1570233885,0,10,0,0.8125,0.795087767106071
838,"gfdl-esm4 ssp585",0.00826280999999995,0,10,0.431153472766885,0.685078477122879,0.898387354214726
838,"ipsl-cm6a-lr ssp126",0.0262925921141999,0,10,0.0551988179318612,0.584302666092444,0.548393760530958
838,"ipsl-cm6a-lr ssp585",0.107427438,0.00495768600000013,10,0.0330575479146,0.517893251708,0.781426951579809
857,"gfdl-esm4 ssp126",0.00826280999999995,0,10,0.074587583171096,0.795910899551177,0.683860729514796
857,"gfdl-esm4 ssp585",0.0668555526851999,0,10,0.069414876,0.379047630253764,0.763931730936843
857,"ipsl-cm6a-lr ssp126",0.023286251142,0.00075108942900004,10,0.04545,0.7244986222865,0.586036928674791
857,"ipsl-cm6a-lr ssp585",0.0328464179127116,0,10,0.093765152028433,0.683786905809924,0.738677970807201
863,"gfdl-esm4 ssp126",0.0165256199999999,0,10,0,0.503224443387485,0.25617438
863,"gfdl-esm4 ssp585",0.120946882284,-2.22044604925031e-16,10,0.00826280999999995,0.441136036820625,1
863,"ipsl-cm6a-lr ssp126",0.0383096922839999,0.00150217885799997,10,0.00826280999999995,0.896946684040772,0.597613028557153
863,"ipsl-cm6a-lr ssp585",0.397183482541442,0.0303158469959119,10,0.015774530571,0.833014298012773,0.955215155160086
869,"gfdl-esm4 ssp126",0.08263719,0,10,0.022725,0.3801528925,0.9699498122284
869,"gfdl-esm4 ssp585",0.0165256199999999,0,10,0.0393603672214945,0.533455297893603,0.441136036820625
869,"ipsl-cm6a-lr ssp126",0.0655553721708,1.11022302462516e-16,10,0.204953309040231,0.497016285696442,0.899820686341102
869,"ipsl-cm6a-lr ssp585",0.0313566512732013,0.00075108942900004,10,0.0611936057006482,0.853024795981823,0.618273124736546
878,"gfdl-esm4 ssp126",0,0,10,0,0.17353719,0.17353719
878,"gfdl-esm4 ssp585",0.382513246358143,0.03605890284,10,0.0984117205709999,0.17353719,1
878,"ipsl-cm6a-lr ssp126",0.0165256199999999,0,10,0,0.478279698065351,0.4590305030864
878,"ipsl-cm6a-lr ssp585",0.147124802490789,0.00751089428999996,10,0,0.91182751661504,0.756105059609167
889,"gfdl-esm4 ssp126",0.00826280999999995,0,10,0.0294323409131921,0.630485613601851,0.379047630253764
889,"gfdl-esm4 ssp585",0.153457087763635,0,10,0.417400710241483,0.944344902307606,0.942207335095391
889,"ipsl-cm6a-lr ssp126",0.0826281,0,10,0,0.894176543279406,1
889,"ipsl-cm6a-lr ssp585",0.154095369883612,0.00495768600000024,10,0.113104398820205,0.63481434858,0.967936958141893
901,"gfdl-esm4 ssp126",0,0,10,0,0.42144876,0.323788128858
901,"gfdl-esm4 ssp585",0.24792975,0,10,0,0.385255787944808,0.832346959840732
901,"ipsl-cm6a-lr ssp126",0.0262925921141999,0,10,0.03305124,0.733261640142206,0.593549416858904
901,"ipsl-cm6a-lr ssp585",0,0,10,0.0381330814837655,0.692083661814422,0.589444767698694
909,"gfdl-esm4 ssp126",0.00826280999999995,0,10,0.04131405,0.80044515977222,0.604825911893496
909,"gfdl-esm4 ssp585",0.0495768599999999,0,10,0.17353719,0.379047630253764,1
909,"ipsl-cm6a-lr ssp126",0.18607813668294,0.0270472198933114,10,0.04545,0.7244986222865,0.8012977257639
909,"ipsl-cm6a-lr ssp585",0.0328464179127116,0,10,0.0262925921141999,0.544616714432059,0.671546782034165
910,"gfdl-esm4 ssp126",0.00826280999999995,0,10,0.04131405,0.80044515977222,0.604825911893496
910,"gfdl-esm4 ssp585",0.13663276961112,0.00991537199999992,10,0.034707438,0.379047630253764,0.822730240515768
910,"ipsl-cm6a-lr ssp126",0.023286251142,0.00075108942900004,10,0.0888429743595001,0.856528351684455,1
910,"ipsl-cm6a-lr ssp585",0.262260846327468,0.0148730579999999,10,0,0.544616714432059,0.92774101463737
922,"gfdl-esm4 ssp126",0.00826280999999995,0,10,0.04131405,0.80044515977222,0.604825911893496
922,"gfdl-esm4 ssp585",0.0495768599999999,0,10,0,0.379047630253764,0.459015626574
922,"ipsl-cm6a-lr ssp126",0.023286251142,0.00075108942900004,10,0.04545,0.7244986222865,0.503224443387485
922,"ipsl-cm6a-lr ssp585",0.0504292700350585,0,10,0.00826280999999995,0.544616714432059,0.671546782034165
948,"gfdl-esm4 ssp126",0,0,10,0.0623521563425999,0.830635241151714,0.7565607510864
948,"gfdl-esm4 ssp585",0,0,10,0.30908,0.677244073903923,0.834707438
948,"ipsl-cm6a-lr ssp126",0.03636,0,10,0,0.626753974434075,0.5041360886832
948,"ipsl-cm6a-lr ssp585",0.0717284628000001,1.11022302462516e-16,10,0,0.436512647777371,0.801295241681205
966,"gfdl-esm4 ssp126",0.00826280999999995,0,10,0.00826280999999995,0.896075666523111,0.248662659429
966,"gfdl-esm4 ssp585",0,0,10,0,0.552896534572259,0.25617438
966,"ipsl-cm6a-lr ssp126",0.0683565745679999,0.00300435771599994,10,0.0672151296236282,0.584302666092444,0.78924312112691
966,"ipsl-cm6a-lr ssp585",0,0,10,0.0431250638761608,0.373910594102186,0.373910594102186
983,"gfdl-esm4 ssp126",0.0165256199999999,0,10,0,0.17353719,0.597613028557153
983,"gfdl-esm4 ssp585",0.0330512399999998,-2.22044604925031e-16,10,0.135411712147338,0.695139708085651,1
983,"ipsl-cm6a-lr ssp126",0,0,10,0.01515303,0.66797719984879,1
983,"ipsl-cm6a-lr ssp585",0.0262925921141999,0,10,0,0.1818,0.593549416858904
1009,"gfdl-esm4 ssp126",0.0330512399999998,-2.22044604925031e-16,10,0.01652562,0.474039067716,0.547309124361268
1009,"gfdl-esm4 ssp585",0.0522847484568,1.11022302462516e-16,10,0.0540904972457847,0.497016285696442,0.829278012761071
1009,"ipsl-cm6a-lr ssp126",0,0,10,0.00826280999999995,0.565312849954346,0.66193125571
1009,"ipsl-cm6a-lr ssp585",0.00826280999999995,0,10,0,0.25617438,0.576630911335656
1026,"gfdl-esm4 ssp126",0,0,10,0,0.316959223686904,0
1026,"gfdl-esm4 ssp585",0.373157202901631,0.0022532682869999,10,0.313079579438006,0.855422713032026,0.977385729817883
1026,"ipsl-cm6a-lr ssp126",0.189446676969687,0.00600871543199988,10,0.00826280999999995,0.85746926404881,0.868304776783538
1026,"ipsl-cm6a-lr ssp585",0.181902562125198,0.00826446256199997,10,0.0730065790420421,0.59353823957964,0.866733993497484
1087,"gfdl-esm4 ssp126",0.52444305136,0.12622599432,10,0.068175,0.622762214272331,0.952588237570464
1087,"gfdl-esm4 ssp585",0.923836727535693,0.611963977392027,10,0.132118351750123,0.881671807639,0.999146313199175
1087,"ipsl-cm6a-lr ssp126",0.284670110615155,0.0180029744210206,10,0.111298834018558,0.686948341128235,1
1087,"ipsl-cm6a-lr ssp585",0.0809895233016934,-2.22044604925031e-16,10,0.165205488730292,0.430822121098297,0.961686758349985
1096,"gfdl-esm4 ssp126",0.0165256199999999,0,10,0.0483044027752105,0.487719417765178,0.644338973832645
1096,"gfdl-esm4 ssp585",0.194972901134539,0.00983280606145187,10,0.381467387625341,0.933372475500518,0.93233136863338
1096,"ipsl-cm6a-lr ssp126",0.0661024799999999,0,10,0.137280287509135,0.803192855666261,1
1096,"ipsl-cm6a-lr ssp585",0.295470092837105,0.0171868106904679,10,0.045821412855,0.549164537145,0.958361232446262
1097,"gfdl-esm4 ssp126",0.00826280999999995,0,10,0.015774530571,0.248662659429,0.725622383847409
1097,"gfdl-esm4 ssp585",0.148145783011802,0.00330239303883606,10,0.15258105551857,0.660682038158017,0.911936716561654
1097,"ipsl-cm6a-lr ssp126",0,0,10,0.0519754704334798,0.777292445502571,1
1097,"ipsl-cm6a-lr ssp585",0.2229332283739,0.0150125561974238,10,0.188711462437335,0.81525024871288,0.952494552252718
1098,"gfdl-esm4 ssp126",0,0,10,0.01652562,0.248662659429,0.25617438
1098,"gfdl-esm4 ssp585",0.340607689553239,0.02704417713,10,0.0686329590230675,0.379047630253764,1
1098,"ipsl-cm6a-lr ssp126",0.153291666232438,0.00330512400000005,10,0.0368090009136,0.379047630253764,0.819675031491123
1098,"ipsl-cm6a-lr ssp585",0.0728034493607449,0,10,0.0493345451507629,0.860304965835345,0.835767917398942
1101,"gfdl-esm4 ssp126",0.03636,0,10,0.241634631361785,0.884544042340743,0.5131215021728
1101,"gfdl-esm4 ssp585",0.00826280999999995,0,10,0,0.75262813582792,1
1101,"ipsl-cm6a-lr ssp126",0.542480767408,0.084146806296,10,0.104213971494203,0.657062655506525,0.954285638301287
1101,"ipsl-cm6a-lr ssp585",0.00826280999999995,0,10,0.105861373222149,0.248662659429,1
1111,"gfdl-esm4 ssp126",0,0,10,0,0.248662659429,0.446723447031615
1111,"gfdl-esm4 ssp585",0,0,10,0.01652562,0.248662659429,0.508191106118423
1111,"ipsl-cm6a-lr ssp126",0,0,10,0.0246518819418078,0.311308540427,1
1111,"ipsl-cm6a-lr ssp585",0,0,10,0.036947647041294,0.380170110854,0.453567378949523
1115,"gfdl-esm4 ssp126",0.07272,0,10,0,0.17353719,0.877051157588962
1115,"gfdl-esm4 ssp585",0.11615966193773,0.0115395877692699,10,0.105861373222149,0.248662659429,1
1115,"ipsl-cm6a-lr ssp126",0.0984117205709999,0,10,0.015774530571,0.620529108136235,1
1115,"ipsl-cm6a-lr ssp585",0.0661024799999999,0,10,0.21423336296568,0.590150033822803,1
1144,"gfdl-esm4 ssp126",0.03636,0,10,0,0.248662659429,0.557378757625292
1144,"gfdl-esm4 ssp585",0.0363600000000001,1.11022302462516e-16,10,0.0344051842284,0.248662659429,0.763931730936843
1144,"ipsl-cm6a-lr ssp126",0,0,10,0.0246518819418078,0.311308540427,1
1144,"ipsl-cm6a-lr ssp585",0.0545400000000001,1.11022302462516e-16,10,0.036947647041294,0.380170110854,1
1145,"gfdl-esm4 ssp126",0,0,10,0.01818,0.248662659429,0.557378757625292
1145,"gfdl-esm4 ssp585",0,0,10,0.01652562,0.248662659429,0.606552884894739
1145,"ipsl-cm6a-lr ssp126",0,0,10,0.0246518819418078,0.311308540427,0.8377270027408
1145,"ipsl-cm6a-lr ssp585",0.157009752,0,10,0.368901603469326,0.380170110854,1
1170,"gfdl-esm4 ssp126",0,0,10,0,0.630485613601851,0
1170,"gfdl-esm4 ssp585",0,0,10,0.155323271574,0.718308095115836,1
1170,"ipsl-cm6a-lr ssp126",0.00826280999999995,0,10,0.194047004270899,0.895034207689721,0.77645441472825
1170,"ipsl-cm6a-lr ssp585",0.645262937542535,0.153532265877796,10,0.3564394489146,0.586011055090185,1
1173,"gfdl-esm4 ssp126",0,0,10,0,0.0909,0.25617438
1173,"gfdl-esm4 ssp585",0.0909,0,10,0.00826280999999995,0.248662659429,1
1173,"ipsl-cm6a-lr ssp126",0.0303060599999999,0,10,0.036947647041294,0.248662659429,0.380170110854
1173,"ipsl-cm6a-lr ssp585",0.0300764456818189,0,10,0,0.1667,1
